gfs_init_utc,valid_time_utc,valid_time_local,forecast_year,split,local_hour,day_of_year,gfs_grid_lat,gfs_grid_lon,data_product_version,simulated_cutoff_utc,gfs_temp_f,gfs_relative_humidity_pct,gfs_dewpoint_f,gfs_dewpoint_depression_f,gfs_u10_mps,gfs_v10_mps,gfs_wind_speed_mph,gfs_wind_dir_sin,gfs_wind_dir_cos,gfs_mslp_hpa,gfs_total_cloud_cover_pct,gfs_precip_rate_mm_hr,forecast_hour,hours_into_target,target_day,is_native_gfs_time,hour_sin,hour_cos,doy_sin,doy_cos,recent_actual_temp_f,recent_obs_age_hours,recent_6h_mean_f,recent_6h_std_f,recent_6h_change_f,recent_24h_mean_f,recent_24h_std_f,recent_24h_change_f,recent_24h_min_f,recent_24h_max_f,recent_24h_range_f,gfs_temp_minus_recent_actual_f
2026-09-16 18:00:00+00:00,2026-09-17 04:00:00+00:00,2026-09-17 00:00:00-04:00,2026,forecast_2026,0,260,36.0,-78.75,0.2.7,2026-09-17 04:00:00+00:00,69.35,56.5,53.22284266552056,16.127157334479435,-0.024658203125,1.359375,3.041335504014172,0.018136384293794196,-0.9998355222559098,1025.92,1.203125,0.0,10,0,1,1,0.0,1.0,-0.97139528468375,-0.23746831555846842,69.98,0.15,74.99,4.533971768769628,-12.959999999999994,73.7075,8.390696857234206,1.980000000000004,60.98,86.0,25.020000000000003,-0.6300000000000097
2026-09-16 18:00:00+00:00,2026-09-17 05:00:00+00:00,2026-09-17 01:00:00-04:00,2026,forecast_2026,1,260,36.0,-78.75,0.2.7,2026-09-17 04:00:00+00:00,68.9,57.25,53.162345499076984,15.737654500923021,-0.09765625,1.453125,3.25788019695212,0.06705305185111082,-0.9977494115445281,1025.28,1.0,0.0,11,1,1,1,0.25881904510252074,0.9659258262890683,-0.97139528468375,-0.23746831555846842,69.98,0.15,74.99,4.533971768769628,-12.959999999999994,73.7075,8.390696857234206,1.980000000000004,60.98,86.0,25.020000000000003,-1.0799999999999983
2026-09-16 18:00:00+00:00,2026-09-17 06:00:00+00:00,2026-09-17 02:00:00-04:00,2026,forecast_2026,2,260,36.0,-78.75,0.2.7,2026-09-17 04:00:00+00:00,67.325,59.5,52.737236189513354,14.58776381048665,-0.31640625,1.6875,3.8406112646404997,0.18428853505018541,-0.9828721869343219,1025.28,0.80078125,0.0,12,2,1,1,0.49999999999999994,0.8660254037844387,-0.97139528468375,-0.23746831555846842,69.98,0.15,74.99,4.533971768769628,-12.959999999999994,73.7075,8.390696857234206,1.980000000000004,60.98,86.0,25.020000000000003,-2.655000000000001
2026-09-16 18:00:00+00:00,2026-09-17 07:00:00+00:00,2026-09-17 03:00:00-04:00,2026,forecast_2026,3,260,36.0,-78.75,0.2.7,2026-09-17 04:00:00+00:00,66.65,60.75,52.668484143825964,13.981515856174042,0.6171875,1.359375,3.3395749261739587,-0.4134086368093687,-0.9105456051244328,1024.64,5.0,0.0,13,3,1,1,0.7071067811865475,0.7071067811865476,-0.97139528468375,-0.23746831555846842,69.98,0.15,74.99,4.533971768769628,-12.959999999999994,73.7075,8.390696857234206,1.980000000000004,60.98,86.0,25.020000000000003,-3.3299999999999983
2026-09-16 18:00:00+00:00,2026-09-17 08:00:00+00:00,2026-09-17 04:00:00-04:00,2026,forecast_2026,4,260,36.0,-78.75,0.2.7,2026-09-17 04:00:00+00:00,65.75,62.5,52.592481182629875,13.157518817370125,0.9609375,0.96875,3.052313662113865,-0.7042382291266094,-0.7099637431845497,1024.64,8.6875,0.0,14,4,1,1,0.8660254037844386,0.5000000000000001,-0.97139528468375,-0.23746831555846842,69.98,0.15,74.99,4.533971768769628,-12.959999999999994,73.7075,8.390696857234206,1.980000000000004,60.98,86.0,25.020000000000003,-4.230000000000004
2026-09-16 18:00:00+00:00,2026-09-17 09:00:00+00:00,2026-09-17 05:00:00-04:00,2026,forecast_2026,5,260,36.0,-78.75,0.2.7,2026-09-17 04:00:00+00:00,65.075,65.5,53.230457595973455,11.844542404026548,0.78125,1.078125,2.9783234432003654,-0.5867752483892763,-0.8097498427772019,1024.64,8.0,0.0,15,5,1,1,0.9659258262890683,0.25881904510252074,-0.97139528468375,-0.23746831555846842,69.98,0.15,74.99,4.533971768769628,-12.959999999999994,73.7075,8.390696857234206,1.980000000000004,60.98,86.0,25.020000000000003,-4.905000000000001
2026-09-16 18:00:00+00:00,2026-09-17 10:00:00+00:00,2026-09-17 06:00:00-04:00,2026,forecast_2026,6,260,36.0,-78.75,0.2.7,2026-09-17 04:00:00+00:00,64.4,68.5,53.81091003754598,10.589089962454025,0.671875,1.234375,3.1437492760391734,-0.478072975691501,-0.8783201181308974,1025.28,7.3125,0.0,16,6,1,1,1.0,6.123233995736766e-17,-0.97139528468375,-0.23746831555846842,69.98,0.15,74.99,4.533971768769628,-12.959999999999994,73.7075,8.390696857234206,1.980000000000004,60.98,86.0,25.020000000000003,-5.579999999999998
2026-09-16 18:00:00+00:00,2026-09-17 11:00:00+00:00,2026-09-17 07:00:00-04:00,2026,forecast_2026,7,260,36.0,-78.75,0.2.7,2026-09-17 04:00:00+00:00,64.175,71.0,54.577783691559404,9.597216308440593,1.03125,0.53125,2.594945529660456,-0.8889745564266028,-0.45795658967431047,1025.28,7.0,0.0,17,7,1,1,0.9659258262890683,-0.25881904510252063,-0.97139528468375,-0.23746831555846842,69.98,0.15,74.99,4.533971768769628,-12.959999999999994,73.7075,8.390696857234206,1.980000000000004,60.98,86.0,25.020000000000003,-5.805000000000007
2026-09-16 18:00:00+00:00,2026-09-17 12:00:00+00:00,2026-09-17 08:00:00-04:00,2026,forecast_2026,8,260,36.0,-78.75,0.2.7,2026-09-17 04:00:00+00:00,67.55,69.0,57.02174808239194,10.52825191760806,0.3046875,1.015625,2.3719211475734308,-0.28734788556634544,-0.9578262852211514,1025.92,6.6875,0.0,18,8,1,1,0.8660254037844387,-0.4999999999999998,-0.97139528468375,-0.23746831555846842,69.98,0.15,74.99,4.533971768769628,-12.959999999999994,73.7075,8.390696857234206,1.980000000000004,60.98,86.0,25.020000000000003,-2.430000000000007
2026-09-16 18:00:00+00:00,2026-09-17 13:00:00+00:00,2026-09-17 09:00:00-04:00,2026,forecast_2026,9,260,36.0,-78.75,0.2.7,2026-09-17 04:00:00+00:00,72.725,57.0,56.61557810312249,16.109421896877507,0.328125,1.328125,3.0602580501531613,-0.239847329473936,-0.9708106192992644,1025.92,0.0,0.0,19,9,1,1,0.7071067811865476,-0.7071067811865475,-0.97139528468375,-0.23746831555846842,69.98,0.15,74.99,4.533971768769628,-12.959999999999994,73.7075,8.390696857234206,1.980000000000004,60.98,86.0,25.020000000000003,2.7449999999999903
2026-09-16 18:00:00+00:00,2026-09-17 14:00:00+00:00,2026-09-17 10:00:00-04:00,2026,forecast_2026,10,260,36.0,-78.75,0.2.7,2026-09-17 04:00:00+00:00,77.9,48.5,56.92418995108285,20.975810048917154,0.578125,1.546875,3.694028384097434,-0.35008631753107755,-0.936717444204777,1025.92,0.0,0.0,20,10,1,1,0.49999999999999994,-0.8660254037844387,-0.97139528468375,-0.23746831555846842,69.98,0.15,74.99,4.533971768769628,-12.959999999999994,73.7075,8.390696857234206,1.980000000000004,60.98,86.0,25.020000000000003,7.920000000000002
2026-09-16 18:00:00+00:00,2026-09-17 15:00:00+00:00,2026-09-17 11:00:00-04:00,2026,forecast_2026,11,260,36.0,-78.75,0.2.7,2026-09-17 04:00:00+00:00,82.175,42.25,56.97631716088297,25.198682839117026,0.6171875,1.8125,4.283062251452171,-0.3223415950315052,-0.9466234183203716,1025.28,0.0,0.0,21,11,1,1,0.258819045102521,-0.9659258262890682,-0.97139528468375,-0.23746831555846842,69.98,0.15,74.99,4.533971768769628,-12.959999999999994,73.7075,8.390696857234206,1.980000000000004,60.98,86.0,25.020000000000003,12.194999999999993
2026-09-16 18:00:00+00:00,2026-09-17 16:00:00+00:00,2026-09-17 12:00:00-04:00,2026,forecast_2026,12,260,36.0,-78.75,0.2.7,2026-09-17 04:00:00+00:00,86.0,37.25,56.89602475816871,29.103975241831293,1.09375,1.609375,4.352768194833466,-0.5620903663876606,-0.827075824827558,1024.64,0.0,0.0,22,12,1,1,1.2246467991473532e-16,-1.0,-0.97139528468375,-0.23746831555846842,69.98,0.15,74.99,4.533971768769628,-12.959999999999994,73.7075,8.390696857234206,1.980000000000004,60.98,86.0,25.020000000000003,16.019999999999996
2026-09-16 18:00:00+00:00,2026-09-17 17:00:00+00:00,2026-09-17 13:00:00-04:00,2026,forecast_2026,13,260,36.0,-78.75,0.2.7,2026-09-17 04:00:00+00:00,89.15,33.5,56.724336612933286,32.42566338706672,1.3125,1.25,4.0544470293486,-0.7241379310344827,-0.6896551724137933,1023.36,0.0,0.0,23,13,1,1,-0.2588190451025208,-0.9659258262890683,-0.97139528468375,-0.23746831555846842,69.98,0.15,74.99,4.533971768769628,-12.959999999999994,73.7075,8.390696857234206,1.980000000000004,60.98,86.0,25.020000000000003,19.17
2026-09-16 18:00:00+00:00,2026-09-17 18:00:00+00:00,2026-09-17 14:00:00-04:00,2026,forecast_2026,14,260,36.0,-78.75,0.2.7,2026-09-17 04:00:00+00:00,90.95,31.375,56.47481967474319,34.475180325256815,1.140625,1.234375,3.7595885741557917,-0.6786661380088604,-0.7344469164753422,1022.72,0.0,0.0,24,14,1,1,-0.4999999999999997,-0.8660254037844388,-0.97139528468375,-0.23746831555846842,69.98,0.15,74.99,4.533971768769628,-12.959999999999994,73.7075,8.390696857234206,1.980000000000004,60.98,86.0,25.020000000000003,20.97
2026-09-16 18:00:00+00:00,2026-09-17 19:00:00+00:00,2026-09-17 15:00:00-04:00,2026,forecast_2026,15,260,36.0,-78.75,0.2.7,2026-09-17 04:00:00+00:00,92.3,30.5,56.858160262511845,35.44183973748815,1.0625,1.125,3.461496287563734,-0.6866235329637167,-0.7270131525498172,1021.44,0.0,0.0,25,15,1,1,-0.7071067811865471,-0.7071067811865479,-0.97139528468375,-0.23746831555846842,69.98,0.15,74.99,4.533971768769628,-12.959999999999994,73.7075,8.390696857234206,1.980000000000004,60.98,86.0,25.020000000000003,22.319999999999993
2026-09-16 18:00:00+00:00,2026-09-17 20:00:00+00:00,2026-09-17 16:00:00-04:00,2026,forecast_2026,16,260,36.0,-78.75,0.2.7,2026-09-17 04:00:00+00:00,92.75,30.75,57.473130567617815,35.276869432382185,1.15625,0.859375,3.2226166728255556,-0.8025954838184716,-0.5965236704056206,1020.8,0.0,0.0,26,16,1,1,-0.8660254037844384,-0.5000000000000004,-0.97139528468375,-0.23746831555846842,69.98,0.15,74.99,4.533971768769628,-12.959999999999994,73.7075,8.390696857234206,1.980000000000004,60.98,86.0,25.020000000000003,22.769999999999996
2026-09-16 18:00:00+00:00,2026-09-17 21:00:00+00:00,2026-09-17 17:00:00-04:00,2026,forecast_2026,17,260,36.0,-78.75,0.2.7,2026-09-17 04:00:00+00:00,91.85,31.875,57.693527096508944,34.15647290349105,1.0,0.8125,2.8822264405993145,-0.7761140001162654,-0.6305926250944659,1020.16,1.5,0.0,27,17,1,1,-0.9659258262890683,-0.25881904510252063,-0.97139528468375,-0.23746831555846842,69.98,0.15,74.99,4.533971768769628,-12.959999999999994,73.7075,8.390696857234206,1.980000000000004,60.98,86.0,25.020000000000003,21.86999999999999
2026-09-16 18:00:00+00:00,2026-09-17 22:00:00+00:00,2026-09-17 18:00:00-04:00,2026,forecast_2026,18,260,36.0,-78.75,0.2.7,2026-09-17 04:00:00+00:00,89.6,40.0,62.09174153877759,27.508258461222404,0.5859375,1.375,3.343413729425522,-0.3920259246081507,-0.9199541697471263,1019.52,2.703125,0.0,28,18,1,1,-1.0,-1.8369701987210297e-16,-0.97139528468375,-0.23746831555846842,69.98,0.15,74.99,4.533971768769628,-12.959999999999994,73.7075,8.390696857234206,1.980000000000004,60.98,86.0,25.020000000000003,19.61999999999999
2026-09-16 18:00:00+00:00,2026-09-17 23:00:00+00:00,2026-09-17 19:00:00-04:00,2026,forecast_2026,19,260,36.0,-78.75,0.2.7,2026-09-17 04:00:00+00:00,83.075,46.75,60.61987715552998,22.455122844470026,0.984375,1.828125,4.644558077230941,-0.4740998230350172,-0.8804710999221754,1020.16,4.6875,0.0,29,19,1,1,-0.9659258262890684,0.2588190451025203,-0.97139528468375,-0.23746831555846842,69.98,0.15,74.99,4.533971768769628,-12.959999999999994,73.7075,8.390696857234206,1.980000000000004,60.98,86.0,25.020000000000003,13.094999999999999
2026-09-16 18:00:00+00:00,2026-09-18 00:00:00+00:00,2026-09-17 20:00:00-04:00,2026,forecast_2026,20,260,36.0,-78.75,0.2.7,2026-09-17 04:00:00+00:00,82.4,45.0,58.935832585468816,23.46416741453119,0.8046875,2.28125,5.411177804656279,-0.33265117826355844,-0.9430499422617374,1020.16,20.625,0.0,30,20,1,1,-0.8660254037844386,0.5000000000000001,-0.97139528468375,-0.23746831555846842,69.98,0.15,74.99,4.533971768769628,-12.959999999999994,73.7075,8.390696857234206,1.980000000000004,60.98,86.0,25.020000000000003,12.420000000000002
2026-09-16 18:00:00+00:00,2026-09-18 01:00:00+00:00,2026-09-17 21:00:00-04:00,2026,forecast_2026,21,260,36.0,-78.75,0.2.7,2026-09-17 04:00:00+00:00,81.275,46.5,58.83130018939498,22.443699810605025,0.6875,2.25,5.262820503959011,-0.29221853559901984,-0.9563515710513391,1020.8,100.0,0.0,31,21,1,1,-0.7071067811865477,0.7071067811865474,-0.97139528468375,-0.23746831555846842,69.98,0.15,74.99,4.533971768769628,-12.959999999999994,73.7075,8.390696857234206,1.980000000000004,60.98,86.0,25.020000000000003,11.295000000000002
2026-09-16 18:00:00+00:00,2026-09-18 02:00:00+00:00,2026-09-17 22:00:00-04:00,2026,forecast_2026,22,260,36.0,-78.75,0.2.7,2026-09-17 04:00:00+00:00,80.375,47.75,58.7525461483614,21.622453851638603,1.609375,2.09375,5.907323516394053,-0.6094247818041634,-0.7928438908908536,1020.8,100.0,0.0,32,22,1,1,-0.5000000000000004,0.8660254037844384,-0.97139528468375,-0.23746831555846842,69.98,0.15,74.99,4.533971768769628,-12.959999999999994,73.7075,8.390696857234206,1.980000000000004,60.98,86.0,25.020000000000003,10.394999999999996
2026-09-16 18:00:00+00:00,2026-09-18 03:00:00+00:00,2026-09-17 23:00:00-04:00,2026,forecast_2026,23,260,36.0,-78.75,0.2.7,2026-09-17 04:00:00+00:00,78.35,52.0,59.27975894014073,19.070241059859264,1.46875,1.828125,5.245731303338214,-0.6263188083736032,-0.7795670274437405,1020.8,100.0,0.0,33,23,1,1,-0.25881904510252157,0.9659258262890681,-0.97139528468375,-0.23746831555846842,69.98,0.15,74.99,4.533971768769628,-12.959999999999994,73.7075,8.390696857234206,1.980000000000004,60.98,86.0,25.020000000000003,8.36999999999999
2026-09-16 18:00:00+00:00,2026-09-18 04:00:00+00:00,2026-09-18 00:00:00-04:00,2026,forecast_2026,0,261,36.0,-78.75,0.2.7,2026-09-17 04:00:00+00:00,76.775,55.25,59.520139288442074,17.25486071155793,1.4375,1.421875,4.5228919996133135,-0.7109601379168722,-0.7032323103308196,1020.16,98.5,0.06265640258789062,34,24,2,1,0.0,1.0,-0.9753363880767837,-0.2207236509605022,69.98,0.15,74.99,4.533971768769628,-12.959999999999994,73.7075,8.390696857234206,1.980000000000004,60.98,86.0,25.020000000000003,6.795000000000002
2026-09-16 18:00:00+00:00,2026-09-18 05:00:00+00:00,2026-09-18 01:00:00-04:00,2026,forecast_2026,1,261,36.0,-78.75,0.2.7,2026-09-17 04:00:00+00:00,73.85,62.0,60.01695533190715,13.833044668092846,1.609375,1.1875,4.474009113781661,-0.8046629440104305,-0.5937318810174058,1020.16,90.0,0.0,35,25,2,1,0.25881904510252074,0.9659258262890683,-0.9753363880767837,-0.2207236509605022,69.98,0.15,74.99,4.533971768769628,-12.959999999999994,73.7075,8.390696857234206,1.980000000000004,60.98,86.0,25.020000000000003,3.8699999999999903
2026-09-16 18:00:00+00:00,2026-09-18 06:00:00+00:00,2026-09-18 02:00:00-04:00,2026,forecast_2026,2,261,36.0,-78.75,0.2.7,2026-09-17 04:00:00+00:00,73.4,64.5,60.70406925062199,12.695930749378014,1.875,0.9140625,4.666109296707225,-0.898876404494382,-0.43820224719101136,1019.52,80.0,0.0,36,26,2,1,0.49999999999999994,0.8660254037844387,-0.9753363880767837,-0.2207236509605022,69.98,0.15,74.99,4.533971768769628,-12.959999999999994,73.7075,8.390696857234206,1.980000000000004,60.98,86.0,25.020000000000003,3.4200000000000017
2026-09-16 18:00:00+00:00,2026-09-18 07:00:00+00:00,2026-09-18 03:00:00-04:00,2026,forecast_2026,3,261,36.0,-78.75,0.2.7,2026-09-17 04:00:00+00:00,75.2,63.75,62.07788472497167,13.122115275028335,1.75,0.75,4.258999813139708,-0.9191450300180578,-0.3939192985791678,1019.52,100.0,0.0,37,27,2,1,0.7071067811865475,0.7071067811865476,-0.9753363880767837,-0.2207236509605022,69.98,0.15,74.99,4.533971768769628,-12.959999999999994,73.7075,8.390696857234206,1.980000000000004,60.98,86.0,25.020000000000003,5.219999999999999
2026-09-16 18:00:00+00:00,2026-09-18 08:00:00+00:00,2026-09-18 04:00:00-04:00,2026,forecast_2026,4,261,36.0,-78.75,0.2.7,2026-09-17 04:00:00+00:00,75.2,65.5,62.84693426554561,12.35306573445439,1.5625,1.171875,4.36901619541875,-0.7999999999999999,-0.6000000000000001,1018.88,98.0,0.0,38,28,2,1,0.8660254037844386,0.5000000000000001,-0.9753363880767837,-0.2207236509605022,69.98,0.15,74.99,4.533971768769628,-12.959999999999994,73.7075,8.390696857234206,1.980000000000004,60.98,86.0,25.020000000000003,5.219999999999999
2026-09-16 18:00:00+00:00,2026-09-18 09:00:00+00:00,2026-09-18 05:00:00-04:00,2026,forecast_2026,5,261,36.0,-78.75,0.2.7,2026-09-17 04:00:00+00:00,72.725,71.0,62.778865317160204,9.94613468283979,1.390625,1.1875,4.090593928978757,-0.7604615821435895,-0.6493829240776728,1018.88,72.5,0.0,39,29,2,1,0.9659258262890683,0.25881904510252074,-0.9753363880767837,-0.2207236509605022,69.98,0.15,74.99,4.533971768769628,-12.959999999999994,73.7075,8.390696857234206,1.980000000000004,60.98,86.0,25.020000000000003,2.7449999999999903
2026-09-16 18:00:00+00:00,2026-09-18 10:00:00+00:00,2026-09-18 06:00:00-04:00,2026,forecast_2026,6,261,36.0,-78.75,0.2.7,2026-09-17 04:00:00+00:00,70.25,85.0,65.5272170472907,4.722782952709295,1.1875,1.078125,3.5878322690722513,-0.7403807222854057,-0.6721877610222764,1018.88,62.5,0.3124237060546875,40,30,2,1,1.0,6.123233995736766e-17,-0.9753363880767837,-0.2207236509605022,69.98,0.15,74.99,4.533971768769628,-12.959999999999994,73.7075,8.390696857234206,1.980000000000004,60.98,86.0,25.020000000000003,0.269999999999996
2026-09-16 18:00:00+00:00,2026-09-18 11:00:00+00:00,2026-09-18 07:00:00-04:00,2026,forecast_2026,7,261,36.0,-78.75,0.2.7,2026-09-17 04:00:00+00:00,70.025,87.0,65.97611783033771,4.048882169662292,1.46875,0.9765625,3.945451438665861,-0.8327311158253364,-0.5536776036072708,1018.88,65.0,0.18711090087890628,41,31,2,1,0.9659258262890683,-0.25881904510252063,-0.9753363880767837,-0.2207236509605022,69.98,0.15,74.99,4.533971768769628,-12.959999999999994,73.7075,8.390696857234206,1.980000000000004,60.98,86.0,25.020000000000003,0.045000000000001705
2026-09-16 18:00:00+00:00,2026-09-18 12:00:00+00:00,2026-09-18 08:00:00-04:00,2026,forecast_2026,8,261,36.0,-78.75,0.2.7,2026-09-17 04:00:00+00:00,72.05,86.0,67.63086939437235,4.419130605627643,1.34375,0.8515625,3.558643480471616,-0.8446710548396208,-0.5352857266134811,1019.52,58.75,0.0,42,32,2,1,0.8660254037844387,-0.4999999999999998,-0.9753363880767837,-0.2207236509605022,69.98,0.15,74.99,4.533971768769628,-12.959999999999994,73.7075,8.390696857234206,1.980000000000004,60.98,86.0,25.020000000000003,2.069999999999993
2026-09-16 18:00:00+00:00,2026-09-18 13:00:00+00:00,2026-09-18 09:00:00-04:00,2026,forecast_2026,9,261,36.0,-78.75,0.2.7,2026-09-17 04:00:00+00:00,76.325,77.0,68.58287184042563,7.742128159574378,1.328125,0.6796875,3.3373793418186133,-0.8901987783222216,-0.4555723159649016,1019.52,13.5,0.0,43,33,2,1,0.7071067811865476,-0.7071067811865475,-0.9753363880767837,-0.2207236509605022,69.98,0.15,74.99,4.533971768769628,-12.959999999999994,73.7075,8.390696857234206,1.980000000000004,60.98,86.0,25.020000000000003,6.344999999999999
2026-09-16 18:00:00+00:00,2026-09-18 14:00:00+00:00,2026-09-18 10:00:00-04:00,2026,forecast_2026,10,261,36.0,-78.75,0.2.7,2026-09-17 04:00:00+00:00,81.5,64.5,68.3768248954092,13.1231751045908,1.03125,0.10546875,2.3188736099041023,-0.9948108173418299,-0.10174201540995985,1019.52,17.0,0.0,44,34,2,1,0.49999999999999994,-0.8660254037844387,-0.9753363880767837,-0.2207236509605022,69.98,0.15,74.99,4.533971768769628,-12.959999999999994,73.7075,8.390696857234206,1.980000000000004,60.98,86.0,25.020000000000003,11.519999999999996
2026-09-16 18:00:00+00:00,2026-09-18 15:00:00+00:00,2026-09-18 11:00:00-04:00,2026,forecast_2026,11,261,36.0,-78.75,0.2.7,2026-09-17 04:00:00+00:00,87.575,52.25,67.92483672834258,19.65016327165742,0.296875,-0.703125,1.707296151046299,-0.3889720370403633,0.9212495614113856,1018.88,17.75,0.0,45,35,2,1,0.258819045102521,-0.9659258262890682,-0.9753363880767837,-0.2207236509605022,69.98,0.15,74.99,4.533971768769628,-12.959999999999994,73.7075,8.390696857234206,1.980000000000004,60.98,86.0,25.020000000000003,17.595
2026-09-16 18:00:00+00:00,2026-09-18 16:00:00+00:00,2026-09-18 12:00:00-04:00,2026,forecast_2026,12,261,36.0,-78.75,0.2.7,2026-09-17 04:00:00+00:00,90.95,46.25,67.47015250554425,23.479847494455754,-0.216796875,-1.375,3.113784693099993,0.1557464132848144,0.9877970716442299,1018.88,18.75,0.0,46,36,2,1,1.2246467991473532e-16,-1.0,-0.9753363880767837,-0.2207236509605022,69.98,0.15,74.99,4.533971768769628,-12.959999999999994,73.7075,8.390696857234206,1.980000000000004,60.98,86.0,25.020000000000003,20.97
2026-09-16 18:00:00+00:00,2026-09-18 17:00:00+00:00,2026-09-18 13:00:00-04:00,2026,forecast_2026,13,261,36.0,-78.75,0.2.7,2026-09-17 04:00:00+00:00,93.2,42.0,66.70810364944072,26.491896350559287,-0.765625,-1.484375,3.7361194374560456,0.458404603298847,0.8887436186406217,1017.6,18.125,0.0,47,37,2,1,-0.2588190451025208,-0.9659258262890683,-0.9753363880767837,-0.2207236509605022,69.98,0.15,74.99,4.533971768769628,-12.959999999999994,73.7075,8.390696857234206,1.980000000000004,60.98,86.0,25.020000000000003,23.22
2026-09-16 18:00:00+00:00,2026-09-18 18:00:00+00:00,2026-09-18 14:00:00-04:00,2026,forecast_2026,14,261,36.0,-78.75,0.2.7,2026-09-17 04:00:00+00:00,94.55,39.25,65.95827262535921,28.591727374640783,-0.984375,-1.484375,3.9842361607973977,0.5526741070615526,0.8333974630293252,1016.96,18.25,0.0,48,38,2,1,-0.4999999999999997,-0.8660254037844388,-0.9753363880767837,-0.2207236509605022,69.98,0.15,74.99,4.533971768769628,-12.959999999999994,73.7075,8.390696857234206,1.980000000000004,60.98,86.0,25.020000000000003,24.569999999999993
2026-09-16 18:00:00+00:00,2026-09-18 19:00:00+00:00,2026-09-18 15:00:00-04:00,2026,forecast_2026,15,261,36.0,-78.75,0.2.7,2026-09-17 04:00:00+00:00,95.45,37.25,65.25043137879577,30.199568621204236,-1.125,-1.640625,4.449915382416056,0.5655283555515278,0.8247288518459778,1016.32,15.5,0.0,49,39,2,1,-0.7071067811865471,-0.7071067811865479,-0.9753363880767837,-0.2207236509605022,69.98,0.15,74.99,4.533971768769628,-12.959999999999994,73.7075,8.390696857234206,1.980000000000004,60.98,86.0,25.020000000000003,25.47
2026-09-16 18:00:00+00:00,2026-09-18 20:00:00+00:00,2026-09-18 16:00:00-04:00,2026,forecast_2026,16,261,36.0,-78.75,0.2.7,2026-09-17 04:00:00+00:00,95.0,36.75,64.46565642700054,30.53434357299946,-1.3125,-1.796875,4.9775808635027525,0.5898405196887819,0.8075197590977373,1015.68,32.75,0.0,50,40,2,1,-0.8660254037844384,-0.5000000000000004,-0.9753363880767837,-0.2207236509605022,69.98,0.15,74.99,4.533971768769628,-12.959999999999994,73.7075,8.390696857234206,1.980000000000004,60.98,86.0,25.020000000000003,25.019999999999996
2026-09-16 18:00:00+00:00,2026-09-18 21:00:00+00:00,2026-09-18 17:00:00-04:00,2026,forecast_2026,17,261,36.0,-78.75,0.2.7,2026-09-17 04:00:00+00:00,91.4,45.5,67.40395381631066,23.996046183689344,-0.9140625,-2.1875,5.303316231009259,0.3855511326102563,0.9226864712040318,1015.68,54.25,0.06265640258789062,51,41,2,1,-0.9659258262890683,-0.25881904510252063,-0.9753363880767837,-0.2207236509605022,69.98,0.15,74.99,4.533971768769628,-12.959999999999994,73.7075,8.390696857234206,1.980000000000004,60.98,86.0,25.020000000000003,21.42
2026-09-16 18:00:00+00:00,2026-09-18 22:00:00+00:00,2026-09-18 18:00:00-04:00,2026,forecast_2026,18,261,36.0,-78.75,0.2.7,2026-09-17 04:00:00+00:00,86.0,55.0,67.95906927019749,18.04093072980251,-2.5625,-3.5,9.70335579560029,0.5907388504694919,0.8068628201534529,1015.68,65.5,0.0,52,42,2,1,-1.0,-1.8369701987210297e-16,-0.9753363880767837,-0.2207236509605022,69.98,0.15,74.99,4.533971768769628,-12.959999999999994,73.7075,8.390696857234206,1.980000000000004,60.98,86.0,25.020000000000003,16.019999999999996
2026-09-16 18:00:00+00:00,2026-09-18 23:00:00+00:00,2026-09-18 19:00:00-04:00,2026,forecast_2026,19,261,36.0,-78.75,0.2.7,2026-09-17 04:00:00+00:00,81.95,67.0,69.9148610750525,12.035138924947503,-3.1875,-1.421875,7.807479616398361,0.913256874337204,0.40738419394453723,1016.32,72.5,0.0,53,43,2,1,-0.9659258262890684,0.2588190451025203,-0.9753363880767837,-0.2207236509605022,69.98,0.15,74.99,4.533971768769628,-12.959999999999994,73.7075,8.390696857234206,1.980000000000004,60.98,86.0,25.020000000000003,11.969999999999999
2026-09-16 18:00:00+00:00,2026-09-19 00:00:00+00:00,2026-09-18 20:00:00-04:00,2026,forecast_2026,20,261,36.0,-78.75,0.2.7,2026-09-17 04:00:00+00:00,81.725,67.0,69.70083259752982,12.02416740247017,-3.59375,-0.19921875,8.051332293289928,0.9984670246774295,0.05534980245494376,1016.32,77.0,0.0,54,44,2,1,-0.8660254037844386,0.5000000000000001,-0.9753363880767837,-0.2207236509605022,69.98,0.15,74.99,4.533971768769628,-12.959999999999994,73.7075,8.390696857234206,1.980000000000004,60.98,86.0,25.020000000000003,11.74499999999999
2026-09-16 18:00:00+00:00,2026-09-19 01:00:00+00:00,2026-09-18 21:00:00-04:00,2026,forecast_2026,21,261,36.0,-78.75,0.2.7,2026-09-17 04:00:00+00:00,81.95,66.5,69.69541126991655,12.254588730083455,-3.375,-0.42578125,7.609501848885671,0.9921359026661074,0.12516529327616424,1016.96,100.0,0.06265640258789062,55,45,2,1,-0.7071067811865477,0.7071067811865474,-0.9753363880767837,-0.2207236509605022,69.98,0.15,74.99,4.533971768769628,-12.959999999999994,73.7075,8.390696857234206,1.980000000000004,60.98,86.0,25.020000000000003,11.969999999999999
2026-09-16 18:00:00+00:00,2026-09-19 02:00:00+00:00,2026-09-18 22:00:00-04:00,2026,forecast_2026,22,261,36.0,-78.75,0.2.7,2026-09-17 04:00:00+00:00,75.425,89.0,71.95498293912371,3.4700170608762875,-2.5625,-0.8046875,6.008132807125558,0.9540650036216168,0.29959968101532475,1017.6,100.0,1.75094604492156,56,46,2,1,-0.5000000000000004,0.8660254037844384,-0.9753363880767837,-0.2207236509605022,69.98,0.15,74.99,4.533971768769628,-12.959999999999994,73.7075,8.390696857234206,1.980000000000004,60.98,86.0,25.020000000000003,5.444999999999993
2026-09-16 18:00:00+00:00,2026-09-19 03:00:00+00:00,2026-09-18 23:00:00-04:00,2026,forecast_2026,23,261,36.0,-78.75,0.2.7,2026-09-17 04:00:00+00:00,74.975,90.0,71.84137093653334,3.133629063466657,-3.09375,0.6015625,7.050135650256916,0.9816153896685813,-0.19086965910222417,1017.6,100.0,2.12860107421848,57,47,2,1,-0.25881904510252157,0.9659258262890681,-0.9753363880767837,-0.2207236509605022,69.98,0.15,74.99,4.533971768769628,-12.959999999999994,73.7075,8.390696857234206,1.980000000000004,60.98,86.0,25.020000000000003,4.99499999999999
2026-09-16 18:00:00+00:00,2026-09-19 04:00:00+00:00,2026-09-19 00:00:00-04:00,2026,forecast_2026,0,262,36.0,-78.75,0.2.7,2026-09-17 04:00:00+00:00,74.075,91.5,71.4401507377891,2.6348492622109063,-2.8125,0.6484375,6.456430372375499,0.974436795341483,-0.22466181670373087,1017.6,90.5,1.812744140625,58,48,3,1,0.0,1.0,-0.9789888737409319,-0.20391367068311472,69.98,0.15,74.99,4.533971768769628,-12.959999999999994,73.7075,8.390696857234206,1.980000000000004,60.98,86.0,25.020000000000003,4.094999999999999
2026-09-16 18:00:00+00:00,2026-09-19 05:00:00+00:00,2026-09-19 01:00:00-04:00,2026,forecast_2026,1,262,36.0,-78.75,0.2.7,2026-09-17 04:00:00+00:00,72.95,94.0,71.12022892814915,1.8297710718508569,-2.84375,0.029052734375,6.361619547519936,0.9999478172204803,-0.010215813036507534,1018.24,83.0,1.31149291992156,59,49,3,1,0.25881904510252074,0.9659258262890683,-0.9789888737409319,-0.20391367068311472,69.98,0.15,74.99,4.533971768769628,-12.959999999999994,73.7075,8.390696857234206,1.980000000000004,60.98,86.0,25.020000000000003,2.969999999999999
2026-09-16 18:00:00+00:00,2026-09-19 06:00:00+00:00,2026-09-19 02:00:00-04:00,2026,forecast_2026,2,262,36.0,-78.75,0.2.7,2026-09-17 04:00:00+00:00,72.5,94.5,70.82970154698961,1.670298453010389,-2.4375,-0.142578125,5.461852166227517,0.9982936274982788,0.05839377789052438,1017.6,80.0,0.06265640258789062,60,50,3,1,0.49999999999999994,0.8660254037844387,-0.9789888737409319,-0.20391367068311472,69.98,0.15,74.99,4.533971768769628,-12.959999999999994,73.7075,8.390696857234206,1.980000000000004,60.98,86.0,25.020000000000003,2.519999999999996
2026-09-16 18:00:00+00:00,2026-09-19 07:00:00+00:00,2026-09-19 03:00:00-04:00,2026,forecast_2026,3,262,36.0,-78.75,0.2.7,2026-09-17 04:00:00+00:00,72.275,95.5,70.91589888871579,1.3591011112842182,-1.90625,-1.046875,4.864879424704051,0.8765191147544432,0.4813670548241614,1017.6,45.25,0.0,61,51,3,1,0.7071067811865475,0.7071067811865476,-0.9789888737409319,-0.20391367068311472,69.98,0.15,74.99,4.533971768769628,-12.959999999999994,73.7075,8.390696857234206,1.980000000000004,60.98,86.0,25.020000000000003,2.2950000000000017
2026-09-16 18:00:00+00:00,2026-09-19 08:00:00+00:00,2026-09-19 04:00:00-04:00,2026,forecast_2026,4,262,36.0,-78.75,0.2.7,2026-09-17 04:00:00+00:00,72.05,96.0,70.84578228183531,1.204217718164685,-2.3125,-1.53125,6.204175294332362,0.8337796612712347,0.5520973432741958,1017.6,39.0,0.18711090087890628,62,52,3,1,0.8660254037844386,0.5000000000000001,-0.9789888737409319,-0.20391367068311472,69.98,0.15,74.99,4.533971768769628,-12.959999999999994,73.7075,8.390696857234206,1.980000000000004,60.98,86.0,25.020000000000003,2.069999999999993
2026-09-16 18:00:00+00:00,2026-09-19 09:00:00+00:00,2026-09-19 05:00:00-04:00,2026,forecast_2026,5,262,36.0,-78.75,0.2.7,2026-09-17 04:00:00+00:00,71.6,96.0,70.39804798119664,1.201952018803354,-2.40625,-1.265625,6.081770980347484,0.8850428551402576,0.4655095536776673,1017.6,34.5,0.12531280517578125,63,53,3,1,0.9659258262890683,0.25881904510252074,-0.9789888737409319,-0.20391367068311472,69.98,0.15,74.99,4.533971768769628,-12.959999999999994,73.7075,8.390696857234206,1.980000000000004,60.98,86.0,25.020000000000003,1.6199999999999903
2026-09-16 18:00:00+00:00,2026-09-19 10:00:00+00:00,2026-09-19 06:00:00-04:00,2026,forecast_2026,6,262,36.0,-78.75,0.2.7,2026-09-17 04:00:00+00:00,70.475,97.0,69.58181665283335,0.8931833471666408,-1.8125,-1.265625,4.9450778854737285,0.8198954846107938,0.5725132263230533,1017.6,29.0,0.06265640258789062,64,54,3,1,1.0,6.123233995736766e-17,-0.9789888737409319,-0.20391367068311472,69.98,0.15,74.99,4.533971768769628,-12.959999999999994,73.7075,8.390696857234206,1.980000000000004,60.98,86.0,25.020000000000003,0.49499999999999034
2026-09-16 18:00:00+00:00,2026-09-19 11:00:00+00:00,2026-09-19 07:00:00-04:00,2026,forecast_2026,7,262,36.0,-78.75,0.2.7,2026-09-17 04:00:00+00:00,70.25,97.5,69.50804883970682,0.7419511602931834,-1.734375,-1.515625,5.152328024768701,0.752996774056523,0.6580242079593042,1017.6,32.5,0.0,65,55,3,1,0.9659258262890683,-0.25881904510252063,-0.9789888737409319,-0.20391367068311472,69.98,0.15,74.99,4.533971768769628,-12.959999999999994,73.7075,8.390696857234206,1.980000000000004,60.98,86.0,25.020000000000003,0.269999999999996
2026-09-16 18:00:00+00:00,2026-09-19 12:00:00+00:00,2026-09-19 08:00:00-04:00,2026,forecast_2026,8,262,36.0,-78.75,0.2.7,2026-09-17 04:00:00+00:00,71.375,95.5,70.02100747344956,1.3539925265504422,-1.875,-1.703125,5.666235030316695,0.7402191270148527,0.6723657070384905,1018.24,35.0,0.0,66,56,3,1,0.8660254037844387,-0.4999999999999998,-0.9789888737409319,-0.20391367068311472,69.98,0.15,74.99,4.533971768769628,-12.959999999999994,73.7075,8.390696857234206,1.980000000000004,60.98,86.0,25.020000000000003,1.394999999999996
2026-09-16 18:00:00+00:00,2026-09-19 13:00:00+00:00,2026-09-19 09:00:00-04:00,2026,forecast_2026,9,262,36.0,-78.75,0.2.7,2026-09-17 04:00:00+00:00,73.625,90.0,70.5088993504183,3.1161006495816963,-2.875,-1.5,7.253893259592449,0.8865848461654549,0.46256600669501935,1018.88,70.5,0.0,67,57,3,1,0.7071067811865476,-0.7071067811865475,-0.9789888737409319,-0.20391367068311472,69.98,0.15,74.99,4.533971768769628,-12.959999999999994,73.7075,8.390696857234206,1.980000000000004,60.98,86.0,25.020000000000003,3.644999999999996
2026-09-16 18:00:00+00:00,2026-09-19 14:00:00+00:00,2026-09-19 10:00:00-04:00,2026,forecast_2026,10,262,36.0,-78.75,0.2.7,2026-09-17 04:00:00+00:00,74.975,85.5,70.33055493467668,4.6444450653233105,-3.25,-1.71875,8.224080857526577,0.8839945855497452,0.4674971365888076,1019.52,83.5,0.06265640258789062,68,58,3,1,0.49999999999999994,-0.8660254037844387,-0.9789888737409319,-0.20391367068311472,69.98,0.15,74.99,4.533971768769628,-12.959999999999994,73.7075,8.390696857234206,1.980000000000004,60.98,86.0,25.020000000000003,4.99499999999999
2026-09-16 18:00:00+00:00,2026-09-19 15:00:00+00:00,2026-09-19 11:00:00-04:00,2026,forecast_2026,11,262,36.0,-78.75,0.2.7,2026-09-17 04:00:00+00:00,75.875,80.5,69.44395970772995,6.431040292270055,-3.3125,-1.5,8.134164844191146,0.9109541802219311,0.41250755330804484,1019.52,89.0,0.0,69,59,3,1,0.258819045102521,-0.9659258262890682,-0.9789888737409319,-0.20391367068311472,69.98,0.15,74.99,4.533971768769628,-12.959999999999994,73.7075,8.390696857234206,1.980000000000004,60.98,86.0,25.020000000000003,5.894999999999996
2026-09-16 18:00:00+00:00,2026-09-19 16:00:00+00:00,2026-09-19 12:00:00-04:00,2026,forecast_2026,12,262,36.0,-78.75,0.2.7,2026-09-17 04:00:00+00:00,77.675,72.5,68.13147737017741,9.54352262982259,-3.125,-0.9296875,7.293216414679822,0.9584832692746695,0.285148772609214,1019.52,91.5,0.06265640258789062,70,60,3,1,1.2246467991473532e-16,-1.0,-0.9789888737409319,-0.20391367068311472,69.98,0.15,74.99,4.533971768769628,-12.959999999999994,73.7075,8.390696857234206,1.980000000000004,60.98,86.0,25.020000000000003,7.694999999999993
2026-09-16 18:00:00+00:00,2026-09-19 17:00:00+00:00,2026-09-19 13:00:00-04:00,2026,forecast_2026,13,262,36.0,-78.75,0.2.7,2026-09-17 04:00:00+00:00,78.35,70.0,67.7586411280972,10.591358871902798,-2.84375,-0.3125,6.399581254004569,0.9940162220065717,0.10923255186885422,1018.88,93.0,0.06265640258789062,71,61,3,1,-0.2588190451025208,-0.9659258262890683,-0.9789888737409319,-0.20391367068311472,69.98,0.15,74.99,4.533971768769628,-12.959999999999994,73.7075,8.390696857234206,1.980000000000004,60.98,86.0,25.020000000000003,8.36999999999999
2026-09-16 18:00:00+00:00,2026-09-19 18:00:00+00:00,2026-09-19 14:00:00-04:00,2026,forecast_2026,14,262,36.0,-78.75,0.2.7,2026-09-17 04:00:00+00:00,78.575,70.5,68.18089881798308,10.394101182016925,-2.0625,-0.671875,4.852307356382889,0.950822106578473,0.30973750441571474,1018.88,93.5,0.06265640258789062,72,62,3,1,-0.4999999999999997,-0.8660254037844388,-0.9789888737409319,-0.20391367068311472,69.98,0.15,74.99,4.533971768769628,-12.959999999999994,73.7075,8.390696857234206,1.980000000000004,60.98,86.0,25.020000000000003,8.594999999999999
2026-09-16 18:00:00+00:00,2026-09-19 19:00:00+00:00,2026-09-19 15:00:00-04:00,2026,forecast_2026,15,262,36.0,-78.75,0.2.7,2026-09-17 04:00:00+00:00,76.775,76.0,68.63712747242786,8.137872527572142,-1.109375,-1.546875,4.258139206291639,0.5827900589372805,0.8126227582364901,1018.24,100.0,0.12531280517578125,73,63,3,1,-0.7071067811865471,-0.7071067811865479,-0.9789888737409319,-0.20391367068311472,69.98,0.15,74.99,4.533971768769628,-12.959999999999994,73.7075,8.390696857234206,1.980000000000004,60.98,86.0,25.020000000000003,6.795000000000002
2026-09-16 18:00:00+00:00,2026-09-19 20:00:00+00:00,2026-09-19 16:00:00-04:00,2026,forecast_2026,16,262,36.0,-78.75,0.2.7,2026-09-17 04:00:00+00:00,74.975,81.0,68.74835405030142,6.226645949698579,-1.234375,-1.59375,4.5093665745939076,0.6123295123225402,0.7906026614797348,1018.24,100.0,0.12531280517578125,74,64,3,1,-0.8660254037844384,-0.5000000000000004,-0.9789888737409319,-0.20391367068311472,69.98,0.15,74.99,4.533971768769628,-12.959999999999994,73.7075,8.390696857234206,1.980000000000004,60.98,86.0,25.020000000000003,4.99499999999999
2026-09-16 18:00:00+00:00,2026-09-19 21:00:00+00:00,2026-09-19 17:00:00-04:00,2026,forecast_2026,17,262,36.0,-78.75,0.2.7,2026-09-17 04:00:00+00:00,75.65,79.0,68.67586484136532,6.974135158634681,-1.734375,-0.578125,4.089548524259221,0.9486832980505138,0.31622776601683816,1017.6,100.0,0.0,75,65,3,1,-0.9659258262890683,-0.25881904510252063,-0.9789888737409319,-0.20391367068311472,69.98,0.15,74.99,4.533971768769628,-12.959999999999994,73.7075,8.390696857234206,1.980000000000004,60.98,86.0,25.020000000000003,5.670000000000002
2026-09-16 18:00:00+00:00,2026-09-19 22:00:00+00:00,2026-09-19 18:00:00-04:00,2026,forecast_2026,18,262,36.0,-78.75,0.2.7,2026-09-17 04:00:00+00:00,77.45,74.0,68.51121145962586,8.938788540374148,-2.03125,0.166015625,4.5589276136828545,0.9966766810681789,-0.08145915181807244,1017.6,100.0,0.0,76,66,3,1,-1.0,-1.8369701987210297e-16,-0.9789888737409319,-0.20391367068311472,69.98,0.15,74.99,4.533971768769628,-12.959999999999994,73.7075,8.390696857234206,1.980000000000004,60.98,86.0,25.020000000000003,7.469999999999999
2026-09-16 18:00:00+00:00,2026-09-19 23:00:00+00:00,2026-09-19 19:00:00-04:00,2026,forecast_2026,19,262,36.0,-78.75,0.2.7,2026-09-17 04:00:00+00:00,75.65,76.5,67.74009879060617,7.909901209393837,-1.78125,0.265625,4.028602528304378,0.989063265047142,-0.14749189040176705,1018.24,97.0,0.0,77,67,3,1,-0.9659258262890684,0.2588190451025203,-0.9789888737409319,-0.20391367068311472,69.98,0.15,74.99,4.533971768769628,-12.959999999999994,73.7075,8.390696857234206,1.980000000000004,60.98,86.0,25.020000000000003,5.670000000000002
2026-09-16 18:00:00+00:00,2026-09-20 00:00:00+00:00,2026-09-19 20:00:00-04:00,2026,forecast_2026,20,262,36.0,-78.75,0.2.7,2026-09-17 04:00:00+00:00,72.725,80.5,66.37730049403696,6.3476995059630354,-1.46875,0.37109375,3.3887459548827485,0.9695327483079443,-0.24496173162035811,1018.24,89.0,0.0,78,68,3,1,-0.8660254037844386,0.5000000000000001,-0.9789888737409319,-0.20391367068311472,69.98,0.15,74.99,4.533971768769628,-12.959999999999994,73.7075,8.390696857234206,1.980000000000004,60.98,86.0,25.020000000000003,2.7449999999999903
2026-09-16 18:00:00+00:00,2026-09-20 01:00:00+00:00,2026-09-19 21:00:00-04:00,2026,forecast_2026,21,262,36.0,-78.75,0.2.7,2026-09-17 04:00:00+00:00,73.175,77.0,65.53297444452049,7.642025555479506,-1.65625,0.9765625,4.300994108494244,0.8614114877297924,-0.5079077168218119,1018.88,81.0,0.0,79,69,3,1,-0.7071067811865477,0.7071067811865474,-0.9789888737409319,-0.20391367068311472,69.98,0.15,74.99,4.533971768769628,-12.959999999999994,73.7075,8.390696857234206,1.980000000000004,60.98,86.0,25.020000000000003,3.194999999999993
2026-09-16 18:00:00+00:00,2026-09-20 02:00:00+00:00,2026-09-19 22:00:00-04:00,2026,forecast_2026,22,262,36.0,-78.75,0.2.7,2026-09-17 04:00:00+00:00,73.4,73.5,64.41492639811509,8.98507360188492,-1.890625,0.8671875,4.65286891942544,0.9089462330453089,-0.41691335482656716,1018.88,90.5,0.0,80,70,3,1,-0.5000000000000004,0.8660254037844384,-0.9789888737409319,-0.20391367068311472,69.98,0.15,74.99,4.533971768769628,-12.959999999999994,73.7075,8.390696857234206,1.980000000000004,60.98,86.0,25.020000000000003,3.4200000000000017
2026-09-16 18:00:00+00:00,2026-09-20 03:00:00+00:00,2026-09-19 23:00:00-04:00,2026,forecast_2026,23,262,36.0,-78.75,0.2.7,2026-09-17 04:00:00+00:00,73.625,73.5,64.63156035118493,8.99343964881507,-2.4375,1.296875,6.176249974510206,0.8828224625598967,-0.46970682302866296,1018.88,93.5,0.0,81,71,3,1,-0.25881904510252157,0.9659258262890681,-0.9789888737409319,-0.20391367068311472,69.98,0.15,74.99,4.533971768769628,-12.959999999999994,73.7075,8.390696857234206,1.980000000000004,60.98,86.0,25.020000000000003,3.644999999999996
2026-09-16 18:00:00+00:00,2026-09-20 04:00:00+00:00,2026-09-20 00:00:00-04:00,2026,forecast_2026,0,263,36.0,-78.75,0.2.7,2026-09-17 04:00:00+00:00,73.625,76.0,65.59220674695007,8.032793253049931,-2.15625,1.875,6.391940872514828,0.7546055221635046,-0.6561787149247866,1018.24,95.5,0.0,82,72,4,1,0.0,1.0,-0.9823516608469237,-0.18704334906991657,69.98,0.15,74.99,4.533971768769628,-12.959999999999994,73.7075,8.390696857234206,1.980000000000004,60.98,86.0,25.020000000000003,3.644999999999996
2026-09-16 18:00:00+00:00,2026-09-20 05:00:00+00:00,2026-09-20 01:00:00-04:00,2026,forecast_2026,1,263,36.0,-78.75,0.2.7,2026-09-17 04:00:00+00:00,72.95,78.0,65.68630726416627,7.263692735833729,-1.890625,1.8125,5.858731798810048,0.7218640180839704,-0.6920349264276083,1018.24,96.0,0.0,83,73,4,1,0.25881904510252074,0.9659258262890683,-0.9823516608469237,-0.18704334906991657,69.98,0.15,74.99,4.533971768769628,-12.959999999999994,73.7075,8.390696857234206,1.980000000000004,60.98,86.0,25.020000000000003,2.969999999999999
2026-09-16 18:00:00+00:00,2026-09-20 06:00:00+00:00,2026-09-20 02:00:00-04:00,2026,forecast_2026,2,263,36.0,-78.75,0.2.7,2026-09-17 04:00:00+00:00,70.925,85.0,66.18887197851265,4.736128021487346,-1.5625,1.390625,4.679018491170733,0.7469970385734607,-0.6648273643303799,1018.24,92.0,0.0,84,74,4,1,0.49999999999999994,0.8660254037844387,-0.9823516608469237,-0.18704334906991657,69.98,0.15,74.99,4.533971768769628,-12.959999999999994,73.7075,8.390696857234206,1.980000000000004,60.98,86.0,25.020000000000003,0.9449999999999932
2026-09-16 18:00:00+00:00,2026-09-20 07:00:00+00:00,2026-09-20 03:00:00-04:00,2026,forecast_2026,3,263,36.0,-78.75,0.2.7,2026-09-17 04:00:00+00:00,70.475,86.0,66.08483835514136,4.390161644858637,-1.5,1.421875,4.623335793953111,0.7257539983295511,-0.6879543109165535,1017.6,74.5,0.0,85,75,4,1,0.7071067811865475,0.7071067811865476,-0.9823516608469237,-0.18704334906991657,69.98,0.15,74.99,4.533971768769628,-12.959999999999994,73.7075,8.390696857234206,1.980000000000004,60.98,86.0,25.020000000000003,0.49499999999999034
2026-09-16 18:00:00+00:00,2026-09-20 08:00:00+00:00,2026-09-20 04:00:00-04:00,2026,forecast_2026,4,263,36.0,-78.75,0.2.7,2026-09-17 04:00:00+00:00,71.6,84.0,66.50834646396271,5.091653536037285,-1.328125,1.5,4.48164813728366,0.6629103673197869,-0.7486987677964652,1017.6,83.5,0.0,86,76,4,1,0.8660254037844386,0.5000000000000001,-0.9823516608469237,-0.18704334906991657,69.98,0.15,74.99,4.533971768769628,-12.959999999999994,73.7075,8.390696857234206,1.980000000000004,60.98,86.0,25.020000000000003,1.6199999999999903
2026-09-16 18:00:00+00:00,2026-09-20 09:00:00+00:00,2026-09-20 05:00:00-04:00,2026,forecast_2026,5,263,36.0,-78.75,0.2.7,2026-09-17 04:00:00+00:00,70.7,87.5,66.8053808811299,3.8946191188700965,-0.765625,1.71875,4.208938866989218,0.40690882018661034,-0.913468780010757,1016.96,80.0,0.0,87,77,4,1,0.9659258262890683,0.25881904510252074,-0.9823516608469237,-0.18704334906991657,69.98,0.15,74.99,4.533971768769628,-12.959999999999994,73.7075,8.390696857234206,1.980000000000004,60.98,86.0,25.020000000000003,0.7199999999999989
2026-09-16 18:00:00+00:00,2026-09-20 10:00:00+00:00,2026-09-20 06:00:00-04:00,2026,forecast_2026,6,263,36.0,-78.75,0.2.7,2026-09-17 04:00:00+00:00,70.7,88.5,67.13433800943118,3.5656619905688274,-0.53125,1.671875,3.92414518151042,0.302835993620524,-0.953042685805767,1016.96,79.0,0.0,88,78,4,1,1.0,6.123233995736766e-17,-0.9823516608469237,-0.18704334906991657,69.98,0.15,74.99,4.533971768769628,-12.959999999999994,73.7075,8.390696857234206,1.980000000000004,60.98,86.0,25.020000000000003,0.7199999999999989
2026-09-16 18:00:00+00:00,2026-09-20 11:00:00+00:00,2026-09-20 07:00:00-04:00,2026,forecast_2026,7,263,36.0,-78.75,0.2.7,2026-09-17 04:00:00+00:00,71.375,87.5,67.46937666402718,3.9056233359728196,-0.53125,1.78125,4.157981488782613,0.2858051216341121,-0.9582877607731982,1016.32,83.0,0.0,89,79,4,1,0.9659258262890683,-0.25881904510252063,-0.9823516608469237,-0.18704334906991657,69.98,0.15,74.99,4.533971768769628,-12.959999999999994,73.7075,8.390696857234206,1.980000000000004,60.98,86.0,25.020000000000003,1.394999999999996
2026-09-16 18:00:00+00:00,2026-09-20 12:00:00+00:00,2026-09-20 08:00:00-04:00,2026,forecast_2026,8,263,36.0,-78.75,0.2.7,2026-09-17 04:00:00+00:00,71.825,87.0,67.74553711528468,4.079462884715326,-0.228515625,1.84375,4.1559082429581,0.12299956230509801,-0.992406724923181,1016.96,86.0,0.0,90,80,4,1,0.8660254037844387,-0.4999999999999998,-0.9823516608469237,-0.18704334906991657,69.98,0.15,74.99,4.533971768769628,-12.959999999999994,73.7075,8.390696857234206,1.980000000000004,60.98,86.0,25.020000000000003,1.8449999999999989
2026-09-16 18:00:00+00:00,2026-09-20 13:00:00+00:00,2026-09-20 09:00:00-04:00,2026,forecast_2026,9,263,36.0,-78.75,0.2.7,2026-09-17 04:00:00+00:00,73.4,84.5,68.44286694560815,4.957133054391861,0.625,1.921875,4.520730650944591,-0.3092608895515319,-0.9509772353709605,1016.96,100.0,0.0,91,81,4,1,0.7071067811865476,-0.7071067811865475,-0.9823516608469237,-0.18704334906991657,69.98,0.15,74.99,4.533971768769628,-12.959999999999994,73.7075,8.390696857234206,1.980000000000004,60.98,86.0,25.020000000000003,3.4200000000000017
2026-09-16 18:00:00+00:00,2026-09-20 14:00:00+00:00,2026-09-20 10:00:00-04:00,2026,forecast_2026,10,263,36.0,-78.75,0.2.7,2026-09-17 04:00:00+00:00,74.75,81.5,68.70853429341722,6.041465706582784,0.671875,2.46875,5.723297820561766,-0.2626006226383181,-0.964904613415216,1017.6,100.0,0.0,92,82,4,1,0.49999999999999994,-0.8660254037844387,-0.9823516608469237,-0.18704334906991657,69.98,0.15,74.99,4.533971768769628,-12.959999999999994,73.7075,8.390696857234206,1.980000000000004,60.98,86.0,25.020000000000003,4.769999999999996
2026-09-16 18:00:00+00:00,2026-09-20 15:00:00+00:00,2026-09-20 11:00:00-04:00,2026,forecast_2026,11,263,36.0,-78.75,0.2.7,2026-09-17 04:00:00+00:00,77.225,75.5,68.87935934000373,8.345640659996263,0.9765625,2.53125,6.06902743010677,-0.3599436850248252,-0.9329740315843467,1016.96,100.0,0.0,93,83,4,1,0.258819045102521,-0.9659258262890682,-0.9823516608469237,-0.18704334906991657,69.98,0.15,74.99,4.533971768769628,-12.959999999999994,73.7075,8.390696857234206,1.980000000000004,60.98,86.0,25.020000000000003,7.24499999999999
2026-09-16 18:00:00+00:00,2026-09-20 16:00:00+00:00,2026-09-20 12:00:00-04:00,2026,forecast_2026,12,263,36.0,-78.75,0.2.7,2026-09-17 04:00:00+00:00,83.075,62.25,68.8297298935288,14.245270106471196,1.6875,2.21875,6.235600974912385,-0.6053674710792153,-0.7959461193819312,1016.32,83.5,0.0,94,84,4,1,1.2246467991473532e-16,-1.0,-0.9823516608469237,-0.18704334906991657,69.98,0.15,74.99,4.533971768769628,-12.959999999999994,73.7075,8.390696857234206,1.980000000000004,60.98,86.0,25.020000000000003,13.094999999999999
2026-09-16 18:00:00+00:00,2026-09-20 17:00:00+00:00,2026-09-20 13:00:00-04:00,2026,forecast_2026,13,263,36.0,-78.75,0.2.7,2026-09-17 04:00:00+00:00,86.45,54.0,67.84288894686344,18.607111053136563,1.890625,2.3125,6.681710034731196,-0.6329528900808531,-0.7741903118344323,1015.04,69.5,0.0,95,85,4,1,-0.2588190451025208,-0.9659258262890683,-0.9823516608469237,-0.18704334906991657,69.98,0.15,74.99,4.533971768769628,-12.959999999999994,73.7075,8.390696857234206,1.980000000000004,60.98,86.0,25.020000000000003,16.47
2026-09-16 18:00:00+00:00,2026-09-20 18:00:00+00:00,2026-09-20 14:00:00-04:00,2026,forecast_2026,14,263,36.0,-78.75,0.2.7,2026-09-17 04:00:00+00:00,88.925,48.25,66.85354530347375,22.071454696526246,2.375,1.78125,6.640904617036499,-0.7999999999999999,-0.6000000000000001,1014.4,62.75,0.0,96,86,4,1,-0.4999999999999997,-0.8660254037844388,-0.9823516608469237,-0.18704334906991657,69.98,0.15,74.99,4.533971768769628,-12.959999999999994,73.7075,8.390696857234206,1.980000000000004,60.98,86.0,25.020000000000003,18.944999999999993
2026-09-16 18:00:00+00:00,2026-09-20 19:00:00+00:00,2026-09-20 15:00:00-04:00,2026,forecast_2026,15,263,36.0,-78.75,0.2.7,2026-09-17 04:00:00+00:00,90.05,45.5,66.18103910004471,23.868960899955283,2.6875,1.0625,6.464537861095695,-0.9299607201739315,-0.3676588893710889,1013.12,60.0,0.0,97,87,4,1,-0.7071067811865471,-0.7071067811865479,-0.9823516608469237,-0.18704334906991657,69.98,0.15,74.99,4.533971768769628,-12.959999999999994,73.7075,8.390696857234206,1.980000000000004,60.98,86.0,25.020000000000003,20.069999999999993
2026-09-16 18:00:00+00:00,2026-09-20 20:00:00+00:00,2026-09-20 16:00:00-04:00,2026,forecast_2026,16,263,36.0,-78.75,0.2.7,2026-09-17 04:00:00+00:00,86.9,52.5,67.44094591210273,19.45905408789727,2.0625,-0.34375,4.677321089365629,-0.9863939238321437,0.16439898730535718,1012.48,79.0,0.06265640258789062,98,88,4,1,-0.8660254037844384,-0.5000000000000004,-0.9823516608469237,-0.18704334906991657,69.98,0.15,74.99,4.533971768769628,-12.959999999999994,73.7075,8.390696857234206,1.980000000000004,60.98,86.0,25.020000000000003,16.92
2026-09-16 18:00:00+00:00,2026-09-20 21:00:00+00:00,2026-09-20 17:00:00-04:00,2026,forecast_2026,17,263,36.0,-78.75,0.2.7,2026-09-17 04:00:00+00:00,82.4,65.0,69.45471610983206,12.945283890167943,0.875,0.130859375,1.9790871780017618,-0.9890010290116978,-0.1479086360352322,1012.48,86.0,0.12531280517578125,99,89,4,1,-0.9659258262890683,-0.25881904510252063,-0.9823516608469237,-0.18704334906991657,69.98,0.15,74.99,4.533971768769628,-12.959999999999994,73.7075,8.390696857234206,1.980000000000004,60.98,86.0,25.020000000000003,12.420000000000002
2026-09-16 18:00:00+00:00,2026-09-20 22:00:00+00:00,2026-09-20 18:00:00-04:00,2026,forecast_2026,18,263,36.0,-78.75,0.2.7,2026-09-17 04:00:00+00:00,81.05,68.0,69.49177942005778,11.558220579942216,0.02783203125,2.1875,4.8936941868376325,-0.012722184592606947,-0.9999190697347419,1011.84,89.5,0.0,100,90,4,1,-1.0,-1.8369701987210297e-16,-0.9823516608469237,-0.18704334906991657,69.98,0.15,74.99,4.533971768769628,-12.959999999999994,73.7075,8.390696857234206,1.980000000000004,60.98,86.0,25.020000000000003,11.069999999999993
2026-09-16 18:00:00+00:00,2026-09-20 23:00:00+00:00,2026-09-20 19:00:00-04:00,2026,forecast_2026,19,263,36.0,-78.75,0.2.7,2026-09-17 04:00:00+00:00,79.925,70.0,69.26533179953307,10.659668200466925,-0.26171875,2.25,5.067041758456712,0.11554042735270992,-0.9933027784352327,1012.48,88.5,0.0,101,91,4,1,-0.9659258262890684,0.2588190451025203,-0.9823516608469237,-0.18704334906991657,69.98,0.15,74.99,4.533971768769628,-12.959999999999994,73.7075,8.390696857234206,1.980000000000004,60.98,86.0,25.020000000000003,9.944999999999993
2026-09-16 18:00:00+00:00,2026-09-21 00:00:00+00:00,2026-09-20 20:00:00-04:00,2026,forecast_2026,20,263,36.0,-78.75,0.2.7,2026-09-17 04:00:00+00:00,78.125,71.5,68.15943422461703,9.96556577538297,1.0625,2.125,5.314562961018083,-0.44721359549995787,-0.894427190999916,1013.12,76.0,0.0,102,92,4,1,-0.8660254037844386,0.5000000000000001,-0.9823516608469237,-0.18704334906991657,69.98,0.15,74.99,4.533971768769628,-12.959999999999994,73.7075,8.390696857234206,1.980000000000004,60.98,86.0,25.020000000000003,8.144999999999996
2026-09-16 18:00:00+00:00,2026-09-21 01:00:00+00:00,2026-09-20 21:00:00-04:00,2026,forecast_2026,21,263,36.0,-78.75,0.2.7,2026-09-17 04:00:00+00:00,73.175,89.0,69.73726164800524,3.437738351994753,2.625,-3.34375,9.509291968500989,-0.6174968426769673,0.7865733591242312,1014.4,35.0,0.8754730224606,103,93,4,1,-0.7071067811865477,0.7071067811865474,-0.9823516608469237,-0.18704334906991657,69.98,0.15,74.99,4.533971768769628,-12.959999999999994,73.7075,8.390696857234206,1.980000000000004,60.98,86.0,25.020000000000003,3.194999999999993
2026-09-16 18:00:00+00:00,2026-09-21 02:00:00+00:00,2026-09-20 22:00:00-04:00,2026,forecast_2026,22,263,36.0,-78.75,0.2.7,2026-09-17 04:00:00+00:00,70.7,92.0,68.2605721126328,2.439427887367202,0.8515625,-0.921875,2.807343645287559,-0.6785386122572309,0.7345647362050749,1014.4,31.375,0.3124237060546875,104,94,4,1,-0.5000000000000004,0.8660254037844384,-0.9823516608469237,-0.18704334906991657,69.98,0.15,74.99,4.533971768769628,-12.959999999999994,73.7075,8.390696857234206,1.980000000000004,60.98,86.0,25.020000000000003,0.7199999999999989
2026-09-16 18:00:00+00:00,2026-09-21 03:00:00+00:00,2026-09-20 23:00:00-04:00,2026,forecast_2026,23,263,36.0,-78.75,0.2.7,2026-09-17 04:00:00+00:00,70.025,93.0,67.90645277636494,2.118547223635062,2.03125,0.07421875,4.546808937041012,-0.9993331380650698,-0.03651409542930032,1014.4,54.25,0.43773651123012003,105,95,4,1,-0.25881904510252157,0.9659258262890681,-0.9823516608469237,-0.18704334906991657,69.98,0.15,74.99,4.533971768769628,-12.959999999999994,73.7075,8.390696857234206,1.980000000000004,60.98,86.0,25.020000000000003,0.045000000000001705
2026-09-16 18:00:00+00:00,2026-09-21 04:00:00+00:00,2026-09-21 00:00:00-04:00,2026,forecast_2026,0,264,36.0,-78.75,0.2.7,2026-09-17 04:00:00+00:00,70.25,91.5,67.65690204110915,2.5930979588908514,1.734375,0.84375,4.314429485778879,-0.8992350887457959,-0.4374657188493066,1013.76,65.5,0.0,106,96,5,1,0.0,1.0,-0.9854237542919524,-0.17011767832049052,69.98,0.15,74.99,4.533971768769628,-12.959999999999994,73.7075,8.390696857234206,1.980000000000004,60.98,86.0,25.020000000000003,0.269999999999996
2026-09-16 18:00:00+00:00,2026-09-21 05:00:00+00:00,2026-09-21 01:00:00-04:00,2026,forecast_2026,1,264,36.0,-78.75,0.2.7,2026-09-17 04:00:00+00:00,70.7,90.5,67.78258426606644,2.9174157339335665,1.46875,0.71875,3.657803399011027,-0.8982167220477766,-0.4395528639808268,1013.12,72.5,0.0,107,97,5,1,0.25881904510252074,0.9659258262890683,-0.9854237542919524,-0.17011767832049052,69.98,0.15,74.99,4.533971768769628,-12.959999999999994,73.7075,8.390696857234206,1.980000000000004,60.98,86.0,25.020000000000003,0.7199999999999989
2026-09-16 18:00:00+00:00,2026-09-21 06:00:00+00:00,2026-09-21 02:00:00-04:00,2026,forecast_2026,2,264,36.0,-78.75,0.2.7,2026-09-17 04:00:00+00:00,70.475,91.5,67.87945526181808,2.595544738181914,1.53125,0.5703125,3.6551723210924902,-0.9371127805499777,-0.3490266988783085,1013.12,77.0,0.0,108,98,5,1,0.49999999999999994,0.8660254037844387,-0.9854237542919524,-0.17011767832049052,69.98,0.15,74.99,4.533971768769628,-12.959999999999994,73.7075,8.390696857234206,1.980000000000004,60.98,86.0,25.020000000000003,0.49499999999999034
2026-09-16 18:00:00+00:00,2026-09-21 07:00:00+00:00,2026-09-21 03:00:00-04:00,2026,forecast_2026,3,264,36.0,-78.75,0.2.7,2026-09-17 04:00:00+00:00,69.575,94.0,67.77090522002649,1.8040947799735108,1.46875,1.609375,4.873911233793838,-0.6740993057433005,-0.7386407286336167,1013.12,57.0,0.0,109,99,5,1,0.7071067811865475,0.7071067811865476,-0.9854237542919524,-0.17011767832049052,69.98,0.15,74.99,4.533971768769628,-12.959999999999994,73.7075,8.390696857234206,1.980000000000004,60.98,86.0,25.020000000000003,-0.40500000000000114
2026-09-16 18:00:00+00:00,2026-09-21 08:00:00+00:00,2026-09-21 04:00:00-04:00,2026,forecast_2026,4,264,36.0,-78.75,0.2.7,2026-09-17 04:00:00+00:00,69.35,94.5,67.70160672197939,1.648393278020606,1.671875,0.9296875,4.2792099344466825,-0.8739645683595166,-0.48598964315318877,1013.12,65.5,0.0,110,100,5,1,0.8660254037844386,0.5000000000000001,-0.9854237542919524,-0.17011767832049052,69.98,0.15,74.99,4.533971768769628,-12.959999999999994,73.7075,8.390696857234206,1.980000000000004,60.98,86.0,25.020000000000003,-0.6300000000000097
2026-09-16 18:00:00+00:00,2026-09-21 09:00:00+00:00,2026-09-21 05:00:00-04:00,2026,forecast_2026,5,264,36.0,-78.75,0.2.7,2026-09-17 04:00:00+00:00,69.35,95.5,68.00746671858698,1.3425332814130115,1.578125,1.046875,4.236278849802498,-0.8333174493607594,-0.5527947436353554,1013.12,57.0,0.0,111,101,5,1,0.9659258262890683,0.25881904510252074,-0.9854237542919524,-0.17011767832049052,69.98,0.15,74.99,4.533971768769628,-12.959999999999994,73.7075,8.390696857234206,1.980000000000004,60.98,86.0,25.020000000000003,-0.6300000000000097
2026-09-16 18:00:00+00:00,2026-09-21 10:00:00+00:00,2026-09-21 06:00:00-04:00,2026,forecast_2026,6,264,36.0,-78.75,0.2.7,2026-09-17 04:00:00+00:00,69.575,96.0,68.38321729340255,1.1917827065974507,1.515625,0.9453125,3.9957561299360886,-0.848489361561507,-0.5292124368502182,1013.12,47.25,0.0,112,102,5,1,1.0,6.123233995736766e-17,-0.9854237542919524,-0.17011767832049052,69.98,0.15,74.99,4.533971768769628,-12.959999999999994,73.7075,8.390696857234206,1.980000000000004,60.98,86.0,25.020000000000003,-0.40500000000000114
2026-09-16 18:00:00+00:00,2026-09-21 11:00:00+00:00,2026-09-21 07:00:00-04:00,2026,forecast_2026,7,264,36.0,-78.75,0.2.7,2026-09-17 04:00:00+00:00,69.575,96.0,68.38321729340255,1.1917827065974507,1.25,1.28125,4.004116939093724,-0.6983238520753277,-0.7157819483772108,1013.76,49.5,0.0,113,103,5,1,0.9659258262890683,-0.25881904510252063,-0.9854237542919524,-0.17011767832049052,69.98,0.15,74.99,4.533971768769628,-12.959999999999994,73.7075,8.390696857234206,1.980000000000004,60.98,86.0,25.020000000000003,-0.40500000000000114
2026-09-16 18:00:00+00:00,2026-09-21 12:00:00+00:00,2026-09-21 08:00:00-04:00,2026,forecast_2026,8,264,36.0,-78.75,0.2.7,2026-09-17 04:00:00+00:00,71.6,92.5,69.30977055576804,2.2902294442319544,1.15625,0.796875,3.1412223803646335,-0.8233920666857286,-0.5674729108239481,1014.4,49.5,0.0,114,104,5,1,0.8660254037844387,-0.4999999999999998,-0.9854237542919524,-0.17011767832049052,69.98,0.15,74.99,4.533971768769628,-12.959999999999994,73.7075,8.390696857234206,1.980000000000004,60.98,86.0,25.020000000000003,1.6199999999999903
2026-09-16 18:00:00+00:00,2026-09-21 13:00:00+00:00,2026-09-21 09:00:00-04:00,2026,forecast_2026,9,264,36.0,-78.75,0.2.7,2026-09-17 04:00:00+00:00,75.2,84.0,70.03162922658234,5.168370773417664,1.4375,1.03125,3.957470208124034,-0.8125382506296855,-0.5829078754517307,1015.04,46.25,0.0,115,105,5,1,0.7071067811865476,-0.7071067811865475,-0.9854237542919524,-0.17011767832049052,69.98,0.15,74.99,4.533971768769628,-12.959999999999994,73.7075,8.390696857234206,1.980000000000004,60.98,86.0,25.020000000000003,5.219999999999999
2026-09-16 18:00:00+00:00,2026-09-21 14:00:00+00:00,2026-09-21 10:00:00-04:00,2026,forecast_2026,10,264,36.0,-78.75,0.2.7,2026-09-17 04:00:00+00:00,75.65,84.0,70.47199967271084,5.178000327289169,1.078125,-0.244140625,2.4727589564277657,-0.9753061185369931,0.22085736379913795,1015.68,73.0,0.0,116,106,5,1,0.49999999999999994,-0.8660254037844387,-0.9854237542919524,-0.17011767832049052,69.98,0.15,74.99,4.533971768769628,-12.959999999999994,73.7075,8.390696857234206,1.980000000000004,60.98,86.0,25.020000000000003,5.670000000000002
2026-09-16 18:00:00+00:00,2026-09-21 15:00:00+00:00,2026-09-21 11:00:00-04:00,2026,forecast_2026,11,264,36.0,-78.75,0.2.7,2026-09-17 04:00:00+00:00,74.3,86.5,70.00924136458417,4.290758635415827,0.59375,-1.5625,3.73906113555731,-0.3552177606235726,0.934783580588349,1016.32,82.0,0.0,117,107,5,1,0.258819045102521,-0.9659258262890682,-0.9854237542919524,-0.17011767832049052,69.98,0.15,74.99,4.533971768769628,-12.959999999999994,73.7075,8.390696857234206,1.980000000000004,60.98,86.0,25.020000000000003,4.319999999999993
2026-09-16 18:00:00+00:00,2026-09-21 16:00:00+00:00,2026-09-21 12:00:00-04:00,2026,forecast_2026,12,264,36.0,-78.75,0.2.7,2026-09-17 04:00:00+00:00,73.625,88.5,70.01556363486908,3.609436365130918,0.41015625,-1.28125,3.009348416584718,-0.30488108189187046,0.9523904272431777,1016.32,86.5,0.0,118,108,5,1,1.2246467991473532e-16,-1.0,-0.9854237542919524,-0.17011767832049052,69.98,0.15,74.99,4.533971768769628,-12.959999999999994,73.7075,8.390696857234206,1.980000000000004,60.98,86.0,25.020000000000003,3.644999999999996
2026-09-16 18:00:00+00:00,2026-09-21 17:00:00+00:00,2026-09-21 13:00:00-04:00,2026,forecast_2026,13,264,36.0,-78.75,0.2.7,2026-09-17 04:00:00+00:00,74.975,84.5,69.98537538753175,4.989624612468248,0.8125,0.201171875,1.8723923417836765,-0.9706890466999051,-0.240338874543486,1015.68,89.5,0.0,119,109,5,1,-0.2588190451025208,-0.9659258262890683,-0.9854237542919524,-0.17011767832049052,69.98,0.15,74.99,4.533971768769628,-12.959999999999994,73.7075,8.390696857234206,1.980000000000004,60.98,86.0,25.020000000000003,4.99499999999999
2026-09-16 18:00:00+00:00,2026-09-21 18:00:00+00:00,2026-09-21 14:00:00-04:00,2026,forecast_2026,14,264,36.0,-78.75,0.2.7,2026-09-17 04:00:00+00:00,77.9,74.5,69.14135014078467,8.758649859215339,0.7890625,0.65625,2.2957589996014867,-0.7688448758147393,-0.6394353422617631,1015.04,91.0,0.0,120,110,5,1,-0.4999999999999997,-0.8660254037844388,-0.9854237542919524,-0.17011767832049052,69.98,0.15,74.99,4.533971768769628,-12.959999999999994,73.7075,8.390696857234206,1.980000000000004,60.98,86.0,25.020000000000003,7.920000000000002
2026-09-16 18:00:00+00:00,2026-09-21 19:00:00+00:00,2026-09-21 15:00:00-04:00,2026,forecast_2026,15,264,36.0,-78.75,0.2.7,2026-09-17 04:00:00+00:00,76.175,80.5,69.73599452230985,6.439005477690145,-0.22395833333333326,-1.0833333333333333,2.4745899289778794,0.20244991619612657,0.9792926178789368,1015.2533333333333,90.33333333333333,0.21514892578116,121,111,5,0,-0.7071067811865471,-0.7071067811865479,-0.9854237542919524,-0.17011767832049052,69.98,0.15,74.99,4.533971768769628,-12.959999999999994,73.7075,8.390696857234206,1.980000000000004,60.98,86.0,25.020000000000003,6.194999999999993
2026-09-16 18:00:00+00:00,2026-09-21 20:00:00+00:00,2026-09-21 16:00:00-04:00,2026,forecast_2026,16,264,36.0,-78.75,0.2.7,2026-09-17 04:00:00+00:00,74.45,86.5,70.15656995153343,4.2934300484665755,-1.2369791666666665,-2.8229166666666665,6.8943290907079255,0.40135066864754937,0.9159244732925117,1015.4666666666667,89.66666666666667,0.43029785156232,122,112,5,0,-0.8660254037844384,-0.5000000000000004,-0.9854237542919524,-0.17011767832049052,69.98,0.15,74.99,4.533971768769628,-12.959999999999994,73.7075,8.390696857234206,1.980000000000004,60.98,86.0,25.020000000000003,4.469999999999999
2026-09-16 18:00:00+00:00,2026-09-21 21:00:00+00:00,2026-09-21 17:00:00-04:00,2026,forecast_2026,17,264,36.0,-78.75,0.2.7,2026-09-17 04:00:00+00:00,72.725,92.5,70.42398253012824,2.301017469871752,-2.25,-4.5625,11.379588932268147,0.4422924841204445,0.8968708705775689,1015.68,89.0,0.64544677734348,123,113,5,1,-0.9659258262890683,-0.25881904510252063,-0.9854237542919524,-0.17011767832049052,69.98,0.15,74.99,4.533971768769628,-12.959999999999994,73.7075,8.390696857234206,1.980000000000004,60.98,86.0,25.020000000000003,2.7449999999999903
2026-09-16 18:00:00+00:00,2026-09-21 22:00:00+00:00,2026-09-21 18:00:00-04:00,2026,forecast_2026,18,264,36.0,-78.75,0.2.7,2026-09-17 04:00:00+00:00,69.95,93.5,67.9879550349253,1.9620449650746963,-2.4895833333333335,-4.197916666666667,10.917653864437051,0.5100948774871477,0.8601181407000853,1016.32,90.83333333333333,0.4789352416990387,124,114,5,0,-1.0,-1.8369701987210297e-16,-0.9854237542919524,-0.17011767832049052,69.98,0.15,74.99,4.533971768769628,-12.959999999999994,73.7075,8.390696857234206,1.980000000000004,60.98,86.0,25.020000000000003,-0.030000000000001137
2026-09-16 18:00:00+00:00,2026-09-21 23:00:00+00:00,2026-09-21 19:00:00-04:00,2026,forecast_2026,19,264,36.0,-78.75,0.2.7,2026-09-17 04:00:00+00:00,67.175,94.5,65.54164763183103,1.6333523681689712,-2.7291666666666665,-3.8333333333333335,10.5261568366985,0.5799810945669518,0.8146299343535816,1016.96,92.66666666666667,0.31242370605459746,125,115,5,0,-0.9659258262890684,0.2588190451025203,-0.9854237542919524,-0.17011767832049052,69.98,0.15,74.99,4.533971768769628,-12.959999999999994,73.7075,8.390696857234206,1.980000000000004,60.98,86.0,25.020000000000003,-2.805000000000007
2026-09-16 18:00:00+00:00,2026-09-22 00:00:00+00:00,2026-09-21 20:00:00-04:00,2026,forecast_2026,20,264,36.0,-78.75,0.2.7,2026-09-17 04:00:00+00:00,64.4,95.5,63.085273768992444,1.3147262310075618,-2.96875,-3.46875,10.213201251750181,0.6502275293849202,0.7597395343339602,1017.6,94.5,0.14591217041015625,126,116,5,1,-0.8660254037844386,0.5000000000000001,-0.9854237542919524,-0.17011767832049052,69.98,0.15,74.99,4.533971768769628,-12.959999999999994,73.7075,8.390696857234206,1.980000000000004,60.98,86.0,25.020000000000003,-5.579999999999998
2026-09-16 18:00:00+00:00,2026-09-22 01:00:00+00:00,2026-09-21 21:00:00-04:00,2026,forecast_2026,21,264,36.0,-78.75,0.2.7,2026-09-17 04:00:00+00:00,64.475,94.83333333333333,62.96040876143768,1.5145912385623177,-2.5208333333333335,-3.375,9.42311256857543,0.59841623757725,0.8011853759298707,1018.24,96.33333333333333,0.10421276092529295,127,117,5,0,-0.7071067811865477,0.7071067811865474,-0.9854237542919524,-0.17011767832049052,69.98,0.15,74.99,4.533971768769628,-12.959999999999994,73.7075,8.390696857234206,1.980000000000004,60.98,86.0,25.020000000000003,-5.50500000000001
2026-09-16 18:00:00+00:00,2026-09-22 02:00:00+00:00,2026-09-21 22:00:00-04:00,2026,forecast_2026,22,264,36.0,-78.75,0.2.7,2026-09-17 04:00:00+00:00,64.55,94.16666666666667,62.83418082955806,1.7158191704419394,-2.0729166666666665,-3.28125,8.681960143347537,0.5340939655918758,0.8454251214142765,1018.88,98.16666666666667,0.06251335144042969,128,118,5,0,-0.5000000000000004,0.8660254037844384,-0.9854237542919524,-0.17011767832049052,69.98,0.15,74.99,4.533971768769628,-12.959999999999994,73.7075,8.390696857234206,1.980000000000004,60.98,86.0,25.020000000000003,-5.430000000000007
2026-09-16 18:00:00+00:00,2026-09-22 03:00:00+00:00,2026-09-21 23:00:00-04:00,2026,forecast_2026,23,264,36.0,-78.75,0.2.7,2026-09-17 04:00:00+00:00,64.625,93.5,62.706572278286494,1.9184277217135062,-1.625,-3.1875,8.003350808295508,0.4541874474402251,0.8909061469019802,1019.52,100.0,0.020813941955566406,129,119,5,1,-0.25881904510252157,0.9659258262890681,-0.9854237542919524,-0.17011767832049052,69.98,0.15,74.99,4.533971768769628,-12.959999999999994,73.7075,8.390696857234206,1.980000000000004,60.98,86.0,25.020000000000003,-5.355000000000004
2026-09-16 18:00:00+00:00,2026-09-22 04:00:00+00:00,2026-09-22 00:00:00-04:00,2026,forecast_2026,0,265,36.0,-78.75,0.2.7,2026-09-17 04:00:00+00:00,64.175,93.0,62.10814743525087,2.0668525647491265,-1.4947916666666667,-3.3541666666666665,8.214411453973025,0.40705944022439916,0.9134016707474313,1019.52,100.0,0.013875961303710936,130,120,6,0,0.0,1.0,-0.9882042449941422,-0.15314166701312007,69.98,0.15,74.99,4.533971768769628,-12.959999999999994,73.7075,8.390696857234206,1.980000000000004,60.98,86.0,25.020000000000003,-5.805000000000007
2026-09-16 18:00:00+00:00,2026-09-22 05:00:00+00:00,2026-09-22 01:00:00-04:00,2026,forecast_2026,1,265,36.0,-78.75,0.2.7,2026-09-17 04:00:00+00:00,63.725,92.5,61.509580329985496,2.215419670014505,-1.3645833333333333,-3.5208333333333335,8.446724469519141,0.3613810291647493,0.932418227921262,1019.52,100.0,0.006937980651855468,131,121,6,0,0.25881904510252074,0.9659258262890683,-0.9882042449941422,-0.15314166701312007,69.98,0.15,74.99,4.533971768769628,-12.959999999999994,73.7075,8.390696857234206,1.980000000000004,60.98,86.0,25.020000000000003,-6.255000000000003
2026-09-16 18:00:00+00:00,2026-09-22 06:00:00+00:00,2026-09-22 02:00:00-04:00,2026,forecast_2026,2,265,36.0,-78.75,0.2.7,2026-09-17 04:00:00+00:00,63.275,92.0,60.91086663346571,2.36413336653429,-1.234375,-3.6875,8.698587261565804,0.3174329523260549,0.9482807183411274,1019.52,100.0,0.0,132,122,6,1,0.49999999999999994,0.8660254037844387,-0.9882042449941422,-0.15314166701312007,69.98,0.15,74.99,4.533971768769628,-12.959999999999994,73.7075,8.390696857234206,1.980000000000004,60.98,86.0,25.020000000000003,-6.705000000000005
2026-09-16 18:00:00+00:00,2026-09-22 07:00:00+00:00,2026-09-22 03:00:00-04:00,2026,forecast_2026,3,265,36.0,-78.75,0.2.7,2026-09-17 04:00:00+00:00,63.2,92.33333333333333,60.93863708776356,2.261362912236443,-1.0520833333333333,-3.53125,8.242315251667101,0.28553183404661586,0.9583692251663635,1019.52,100.0,0.013875961303710936,133,123,6,0,0.7071067811865475,0.7071067811865476,-0.9882042449941422,-0.15314166701312007,69.98,0.15,74.99,4.533971768769628,-12.959999999999994,73.7075,8.390696857234206,1.980000000000004,60.98,86.0,25.020000000000003,-6.780000000000001
2026-09-16 18:00:00+00:00,2026-09-22 08:00:00+00:00,2026-09-22 04:00:00-04:00,2026,forecast_2026,4,265,36.0,-78.75,0.2.7,2026-09-17 04:00:00+00:00,63.125,92.66666666666667,60.966019324126414,2.158980675873586,-0.8697916666666667,-3.375,7.796344783879929,0.24956163428227285,0.9683589162569636,1019.52,100.0,0.02775192260742187,134,124,6,0,0.8660254037844386,0.5000000000000001,-0.9882042449941422,-0.15314166701312007,69.98,0.15,74.99,4.533971768769628,-12.959999999999994,73.7075,8.390696857234206,1.980000000000004,60.98,86.0,25.020000000000003,-6.855000000000004
2026-09-16 18:00:00+00:00,2026-09-22 09:00:00+00:00,2026-09-22 05:00:00-04:00,2026,forecast_2026,5,265,36.0,-78.75,0.2.7,2026-09-17 04:00:00+00:00,63.05,93.0,60.99301583504106,2.0569841649589407,-0.6875,-3.21875,7.362548077322003,0.20888063271524074,0.9779411440759003,1019.52,100.0,0.041627883911132806,135,125,6,1,0.9659258262890683,0.25881904510252074,-0.9882042449941422,-0.15314166701312007,69.98,0.15,74.99,4.533971768769628,-12.959999999999994,73.7075,8.390696857234206,1.980000000000004,60.98,86.0,25.020000000000003,-6.930000000000007
2026-09-16 18:00:00+00:00,2026-09-22 10:00:00+00:00,2026-09-22 06:00:00-04:00,2026,forecast_2026,6,265,36.0,-78.75,0.2.7,2026-09-17 04:00:00+00:00,62.825,93.83333333333333,61.02162396830307,1.803376031696935,-0.796875,-3.3229166666666665,7.643904567273173,0.2332000081951241,0.9724287923430661,1020.16,100.0,0.08325576782226562,136,126,6,0,1.0,6.123233995736766e-17,-0.9882042449941422,-0.15314166701312007,69.98,0.15,74.99,4.533971768769628,-12.959999999999994,73.7075,8.390696857234206,1.980000000000004,60.98,86.0,25.020000000000003,-7.155000000000001
2026-09-16 18:00:00+00:00,2026-09-22 11:00:00+00:00,2026-09-22 07:00:00-04:00,2026,forecast_2026,7,265,36.0,-78.75,0.2.7,2026-09-17 04:00:00+00:00,62.6,94.66666666666667,61.04779463767343,1.5522053623265748,-0.90625,-3.4270833333333335,7.929675462574164,0.25565025003131925,0.9667693363253326,1020.8,100.0,0.12488365173339844,137,127,6,0,0.9659258262890683,-0.25881904510252063,-0.9882042449941422,-0.15314166701312007,69.98,0.15,74.99,4.533971768769628,-12.959999999999994,73.7075,8.390696857234206,1.980000000000004,60.98,86.0,25.020000000000003,-7.380000000000003
2026-09-16 18:00:00+00:00,2026-09-22 12:00:00+00:00,2026-09-22 08:00:00-04:00,2026,forecast_2026,8,265,36.0,-78.75,0.2.7,2026-09-17 04:00:00+00:00,62.375,95.5,61.0715657424317,1.3034342575682984,-1.015625,-3.53125,8.219400337943837,0.27640561698033633,0.961041068270092,1021.44,100.0,0.16651153564453125,138,128,6,1,0.8660254037844387,-0.4999999999999998,-0.9882042449941422,-0.15314166701312007,69.98,0.15,74.99,4.533971768769628,-12.959999999999994,73.7075,8.390696857234206,1.980000000000004,60.98,86.0,25.020000000000003,-7.605000000000004
2026-09-16 18:00:00+00:00,2026-09-22 13:00:00+00:00,2026-09-22 09:00:00-04:00,2026,forecast_2026,9,265,36.0,-78.75,0.2.7,2026-09-17 04:00:00+00:00,63.275,94.5,61.66844550462616,1.6065544953738353,-1.2135416666666667,-3.5416666666666665,8.374656344992788,0.3241464824655071,0.946006901616071,1021.8666666666667,100.0,0.11794567108154295,139,129,6,0,0.7071067811865476,-0.7071067811865475,-0.9882042449941422,-0.15314166701312007,69.98,0.15,74.99,4.533971768769628,-12.959999999999994,73.7075,8.390696857234206,1.980000000000004,60.98,86.0,25.020000000000003,-6.705000000000005
2026-09-16 18:00:00+00:00,2026-09-22 14:00:00+00:00,2026-09-22 10:00:00-04:00,2026,forecast_2026,10,265,36.0,-78.75,0.2.7,2026-09-17 04:00:00+00:00,64.175,93.5,62.260235867428264,1.914764132571733,-1.4114583333333333,-3.5520833333333335,8.550105036678248,0.36927527287812,0.929320059420214,1022.2933333333333,100.0,0.06937980651855469,140,130,6,0,0.49999999999999994,-0.8660254037844387,-0.9882042449941422,-0.15314166701312007,69.98,0.15,74.99,4.533971768769628,-12.959999999999994,73.7075,8.390696857234206,1.980000000000004,60.98,86.0,25.020000000000003,-5.805000000000007
2026-09-16 18:00:00+00:00,2026-09-22 15:00:00+00:00,2026-09-22 11:00:00-04:00,2026,forecast_2026,11,265,36.0,-78.75,0.2.7,2026-09-17 04:00:00+00:00,65.075,92.5,62.84684360010385,2.22815639989615,-1.609375,-3.5625,8.744531070326158,0.41169381366161406,0.9113222282994946,1022.72,100.0,0.020813941955566406,141,131,6,1,0.258819045102521,-0.9659258262890682,-0.9882042449941422,-0.15314166701312007,69.98,0.15,74.99,4.533971768769628,-12.959999999999994,73.7075,8.390696857234206,1.980000000000004,60.98,86.0,25.020000000000003,-4.905000000000001
2026-09-16 18:00:00+00:00,2026-09-22 16:00:00+00:00,2026-09-22 12:00:00-04:00,2026,forecast_2026,12,265,36.0,-78.75,0.2.7,2026-09-17 04:00:00+00:00,66.875,89.0,63.526845297121554,3.348154702878446,-1.6614583333333333,-3.4895833333333335,8.645588214079623,0.4298812702549238,0.9028854265542297,1022.72,100.0,0.020813941955566406,142,132,6,0,1.2246467991473532e-16,-1.0,-0.9882042449941422,-0.15314166701312007,69.98,0.15,74.99,4.533971768769628,-12.959999999999994,73.7075,8.390696857234206,1.980000000000004,60.98,86.0,25.020000000000003,-3.105000000000004
2026-09-16 18:00:00+00:00,2026-09-22 17:00:00+00:00,2026-09-22 13:00:00-04:00,2026,forecast_2026,13,265,36.0,-78.75,0.2.7,2026-09-17 04:00:00+00:00,68.675,85.5,64.15098613264354,4.524013867356459,-1.7135416666666667,-3.4166666666666665,8.5502002904442,0.44830336271747306,0.8938814770293687,1022.72,100.0,0.020813941955566406,143,133,6,0,-0.2588190451025208,-0.9659258262890683,-0.9882042449941422,-0.15314166701312007,69.98,0.15,74.99,4.533971768769628,-12.959999999999994,73.7075,8.390696857234206,1.980000000000004,60.98,86.0,25.020000000000003,-1.3050000000000068
2026-09-16 18:00:00+00:00,2026-09-22 18:00:00+00:00,2026-09-22 14:00:00-04:00,2026,forecast_2026,14,265,36.0,-78.75,0.2.7,2026-09-17 04:00:00+00:00,70.475,82.0,64.71525551825971,5.7597444817402845,-1.765625,-3.34375,8.458487569166152,0.4669381622142534,0.8842899709190281,1022.72,100.0,0.020813941955566406,144,134,6,1,-0.4999999999999997,-0.8660254037844388,-0.9882042449941422,-0.15314166701312007,69.98,0.15,74.99,4.533971768769628,-12.959999999999994,73.7075,8.390696857234206,1.980000000000004,60.98,86.0,25.020000000000003,0.49499999999999034
2026-09-16 18:00:00+00:00,2026-09-22 19:00:00+00:00,2026-09-22 15:00:00-04:00,2026,forecast_2026,15,265,36.0,-78.75,0.2.7,2026-09-17 04:00:00+00:00,71.0,80.66666666666667,64.75701682359504,6.242983176404962,-2.2083333333333335,-3.4791666666666665,9.218060485290493,0.5358937475154921,0.844285432406483,1022.5066666666667,100.0,0.020813941955566406,145,135,6,0,-0.7071067811865471,-0.7071067811865479,-0.9882042449941422,-0.15314166701312007,69.98,0.15,74.99,4.533971768769628,-12.959999999999994,73.7075,8.390696857234206,1.980000000000004,60.98,86.0,25.020000000000003,1.019999999999996
2026-09-16 18:00:00+00:00,2026-09-22 20:00:00+00:00,2026-09-22 16:00:00-04:00,2026,forecast_2026,16,265,36.0,-78.75,0.2.7,2026-09-17 04:00:00+00:00,71.525,79.33333333333333,64.78982141830991,6.735178581690093,-2.6510416666666665,-3.6145833333333335,10.027173807961477,0.5914140344517134,0.8063680548320026,1022.2933333333333,100.0,0.020813941955566406,146,136,6,0,-0.8660254037844384,-0.5000000000000004,-0.9882042449941422,-0.15314166701312007,69.98,0.15,74.99,4.533971768769628,-12.959999999999994,73.7075,8.390696857234206,1.980000000000004,60.98,86.0,25.020000000000003,1.5450000000000017
2026-09-16 18:00:00+00:00,2026-09-22 21:00:00+00:00,2026-09-22 17:00:00-04:00,2026,forecast_2026,17,265,36.0,-78.75,0.2.7,2026-09-17 04:00:00+00:00,72.05,78.0,64.81340356337552,7.236596436624481,-3.09375,-3.75,10.874775324185887,0.6363829547955636,0.7713732785400772,1022.08,100.0,0.020813941955566406,147,137,6,1,-0.9659258262890683,-0.25881904510252063,-0.9882042449941422,-0.15314166701312007,69.98,0.15,74.99,4.533971768769628,-12.959999999999994,73.7075,8.390696857234206,1.980000000000004,60.98,86.0,25.020000000000003,2.069999999999993
2026-09-16 18:00:00+00:00,2026-09-22 22:00:00+00:00,2026-09-22 18:00:00-04:00,2026,forecast_2026,18,265,36.0,-78.75,0.2.7,2026-09-17 04:00:00+00:00,71.15,79.16666666666667,64.36511537799284,6.784884622007169,-3.0,-3.6458333333333335,10.561585365254317,0.6353978729595402,0.7721849150549964,1022.72,100.0,0.013875961303710936,148,138,6,0,-1.0,-1.8369701987210297e-16,-0.9882042449941422,-0.15314166701312007,69.98,0.15,74.99,4.533971768769628,-12.959999999999994,73.7075,8.390696857234206,1.980000000000004,60.98,86.0,25.020000000000003,1.1700000000000017
2026-09-16 18:00:00+00:00,2026-09-22 23:00:00+00:00,2026-09-22 19:00:00-04:00,2026,forecast_2026,19,265,36.0,-78.75,0.2.7,2026-09-17 04:00:00+00:00,70.25,80.33333333333333,63.908178191360676,6.341821808639324,-2.90625,-3.5416666666666665,10.248413664254047,0.6343514529920468,0.7730447814239995,1023.36,100.0,0.006937980651855468,149,139,6,0,-0.9659258262890684,0.2588190451025203,-0.9882042449941422,-0.15314166701312007,69.98,0.15,74.99,4.533971768769628,-12.959999999999994,73.7075,8.390696857234206,1.980000000000004,60.98,86.0,25.020000000000003,0.269999999999996
2026-09-16 18:00:00+00:00,2026-09-23 00:00:00+00:00,2026-09-22 20:00:00-04:00,2026,forecast_2026,20,265,36.0,-78.75,0.2.7,2026-09-17 04:00:00+00:00,69.35,81.5,63.44280484858898,5.907195151411017,-2.8125,-3.4375,9.935261947722713,0.6332377902572627,0.773957299203321,1024.0,100.0,0.0,150,140,6,1,-0.8660254037844386,0.5000000000000001,-0.9882042449941422,-0.15314166701312007,69.98,0.15,74.99,4.533971768769628,-12.959999999999994,73.7075,8.390696857234206,1.980000000000004,60.98,86.0,25.020000000000003,-0.6300000000000097
2026-09-16 18:00:00+00:00,2026-09-23 01:00:00+00:00,2026-09-22 21:00:00-04:00,2026,forecast_2026,21,265,36.0,-78.75,0.2.7,2026-09-17 04:00:00+00:00,68.75,81.66666666666667,62.915751769420254,5.834248230579746,-2.7395833333333335,-3.46875,9.887547741394856,0.6197970966839724,0.7847621034059421,1024.2133333333334,100.0,0.00693798065185547,151,141,6,0,-0.7071067811865477,0.7071067811865474,-0.9882042449941422,-0.15314166701312007,69.98,0.15,74.99,4.533971768769628,-12.959999999999994,73.7075,8.390696857234206,1.980000000000004,60.98,86.0,25.020000000000003,-1.230000000000004
2026-09-16 18:00:00+00:00,2026-09-23 02:00:00+00:00,2026-09-22 22:00:00-04:00,2026,forecast_2026,22,265,36.0,-78.75,0.2.7,2026-09-17 04:00:00+00:00,68.15,81.83333333333333,62.38828609823003,5.761713901769973,-2.6666666666666665,-3.5,9.842802122438016,0.6060432152628558,0.795431720032499,1024.4266666666667,100.0,0.01387596130371094,152,142,6,0,-0.5000000000000004,0.8660254037844384,-0.9882042449941422,-0.15314166701312007,69.98,0.15,74.99,4.533971768769628,-12.959999999999994,73.7075,8.390696857234206,1.980000000000004,60.98,86.0,25.020000000000003,-1.8299999999999983
2026-09-16 18:00:00+00:00,2026-09-23 03:00:00+00:00,2026-09-22 23:00:00-04:00,2026,forecast_2026,23,265,36.0,-78.75,0.2.7,2026-09-17 04:00:00+00:00,67.55,82.0,61.860409488601995,5.689590511398002,-2.59375,-3.53125,9.801065749151483,0.5919818982969689,0.8059512591271988,1024.64,100.0,0.020813941955566406,153,143,6,1,-0.25881904510252157,0.9659258262890681,-0.9882042449941422,-0.15314166701312007,69.98,0.15,74.99,4.533971768769628,-12.959999999999994,73.7075,8.390696857234206,1.980000000000004,60.98,86.0,25.020000000000003,-2.430000000000007
2026-09-16 18:00:00+00:00,2026-09-23 04:00:00+00:00,2026-09-23 00:00:00-04:00,2026,forecast_2026,0,266,36.0,-78.75,0.2.7,2026-09-17 04:00:00+00:00,66.65,85.0,61.998075906976275,4.65192409302373,-2.5104166666666665,-3.6770833333333335,9.959551242534362,0.5638448975353552,0.8258807005393363,1024.4266666666667,100.0,0.0625133514404297,154,144,7,0,0.0,1.0,-0.9906923101615609,-0.13612033862266704,69.98,0.15,74.99,4.533971768769628,-12.959999999999994,73.7075,8.390696857234206,1.980000000000004,60.98,86.0,25.020000000000003,-3.3299999999999983
2026-09-16 18:00:00+00:00,2026-09-23 05:00:00+00:00,2026-09-23 01:00:00-04:00,2026,forecast_2026,1,266,36.0,-78.75,0.2.7,2026-09-17 04:00:00+00:00,65.75,88.0,62.09711307559194,3.652886924408058,-2.4270833333333335,-3.8229166666666665,10.129499952592887,0.5359821133899072,0.8442293373995532,1024.2133333333334,100.0,0.10421276092529297,155,145,7,0,0.25881904510252074,0.9659258262890683,-0.9906923101615609,-0.13612033862266704,69.98,0.15,74.99,4.533971768769628,-12.959999999999994,73.7075,8.390696857234206,1.980000000000004,60.98,86.0,25.020000000000003,-4.230000000000004
2026-09-16 18:00:00+00:00,2026-09-23 06:00:00+00:00,2026-09-23 02:00:00-04:00,2026,forecast_2026,2,266,36.0,-78.75,0.2.7,2026-09-17 04:00:00+00:00,64.85,91.0,62.15982310465522,2.690176895344777,-2.34375,-3.96875,10.310345039324583,0.5085008711644388,0.8610614751717829,1024.0,100.0,0.14591217041015625,156,146,7,1,0.49999999999999994,0.8660254037844387,-0.9906923101615609,-0.13612033862266704,69.98,0.15,74.99,4.533971768769628,-12.959999999999994,73.7075,8.390696857234206,1.980000000000004,60.98,86.0,25.020000000000003,-5.13000000000001
2026-09-16 18:00:00+00:00,2026-09-23 07:00:00+00:00,2026-09-23 03:00:00-04:00,2026,forecast_2026,3,266,36.0,-78.75,0.2.7,2026-09-17 04:00:00+00:00,64.475,90.66666666666667,61.68520819767083,2.7897918023291624,-2.1666666666666665,-4.041666666666667,10.258130801688694,0.4724735327661581,0.8813448591984105,1024.0,100.0,0.11816024780273436,157,147,7,0,0.7071067811865475,0.7071067811865476,-0.9906923101615609,-0.13612033862266704,69.98,0.15,74.99,4.533971768769628,-12.959999999999994,73.7075,8.390696857234206,1.980000000000004,60.98,86.0,25.020000000000003,-5.50500000000001
2026-09-16 18:00:00+00:00,2026-09-23 08:00:00+00:00,2026-09-23 04:00:00-04:00,2026,forecast_2026,4,266,36.0,-78.75,0.2.7,2026-09-17 04:00:00+00:00,64.1,90.33333333333333,61.210583735942926,2.8894162640570684,-1.9895833333333333,-4.114583333333333,10.223615731415574,0.4353226178800901,0.9002745238881444,1024.0,100.0,0.0904083251953125,158,148,7,0,0.8660254037844386,0.5000000000000001,-0.9906923101615609,-0.13612033862266704,69.98,0.15,74.99,4.533971768769628,-12.959999999999994,73.7075,8.390696857234206,1.980000000000004,60.98,86.0,25.020000000000003,-5.88000000000001
2026-09-16 18:00:00+00:00,2026-09-23 09:00:00+00:00,2026-09-23 05:00:00-04:00,2026,forecast_2026,5,266,36.0,-78.75,0.2.7,2026-09-17 04:00:00+00:00,63.725,90.0,60.73594848174524,2.9890515182547617,-1.8125,-4.1875,10.206979380169537,0.39722300578227077,0.9177221168073144,1024.0,100.0,0.06265640258789062,159,149,7,1,0.9659258262890683,0.25881904510252074,-0.9906923101615609,-0.13612033862266704,69.98,0.15,74.99,4.533971768769628,-12.959999999999994,73.7075,8.390696857234206,1.980000000000004,60.98,86.0,25.020000000000003,-6.255000000000003
2026-09-16 18:00:00+00:00,2026-09-23 10:00:00+00:00,2026-09-23 06:00:00-04:00,2026,forecast_2026,6,266,36.0,-78.75,0.2.7,2026-09-17 04:00:00+00:00,64.025,86.66666666666667,59.96934885814248,4.055651141857524,-1.7447916666666667,-4.270833333333333,10.320089357574949,0.3781932177143362,0.9257266821664355,1024.2133333333334,100.0,0.04870891571044922,160,150,7,0,1.0,6.123233995736766e-17,-0.9906923101615609,-0.13612033862266704,69.98,0.15,74.99,4.533971768769628,-12.959999999999994,73.7075,8.390696857234206,1.980000000000004,60.98,86.0,25.020000000000003,-5.954999999999998
2026-09-16 18:00:00+00:00,2026-09-23 11:00:00+00:00,2026-09-23 07:00:00-04:00,2026,forecast_2026,7,266,36.0,-78.75,0.2.7,2026-09-17 04:00:00+00:00,64.325,83.33333333333333,59.163437358270045,5.161562641729958,-1.6770833333333333,-4.354166666666667,10.437501559930572,0.35942783352818536,0.9331728845638599,1024.4266666666667,100.0,0.03476142883300781,161,151,7,0,0.9659258262890683,-0.25881904510252063,-0.9906923101615609,-0.13612033862266704,69.98,0.15,74.99,4.533971768769628,-12.959999999999994,73.7075,8.390696857234206,1.980000000000004,60.98,86.0,25.020000000000003,-5.655000000000001
2026-09-16 18:00:00+00:00,2026-09-23 12:00:00+00:00,2026-09-23 08:00:00-04:00,2026,forecast_2026,8,266,36.0,-78.75,0.2.7,2026-09-17 04:00:00+00:00,64.625,80.0,58.315263102425654,6.309736897574346,-1.609375,-4.4375,10.55907247171219,0.34094560432932464,0.9400830255294006,1024.64,100.0,0.020813941955566406,162,152,7,1,0.8660254037844387,-0.4999999999999998,-0.9906923101615609,-0.13612033862266704,69.98,0.15,74.99,4.533971768769628,-12.959999999999994,73.7075,8.390696857234206,1.980000000000004,60.98,86.0,25.020000000000003,-5.355000000000004
2026-09-16 18:00:00+00:00,2026-09-23 13:00:00+00:00,2026-09-23 09:00:00-04:00,2026,forecast_2026,9,266,36.0,-78.75,0.2.7,2026-09-17 04:00:00+00:00,66.35,77.5,59.103772120966404,7.24622787903359,-1.8645833333333333,-4.458333333333333,10.810075838444366,0.3858394881060636,0.9225659268681294,1024.8533333333332,100.0,0.013875961303710936,163,153,7,0,0.7071067811865476,-0.7071067811865475,-0.9906923101615609,-0.13612033862266704,69.98,0.15,74.99,4.533971768769628,-12.959999999999994,73.7075,8.390696857234206,1.980000000000004,60.98,86.0,25.020000000000003,-3.6300000000000097
2026-09-16 18:00:00+00:00,2026-09-23 14:00:00+00:00,2026-09-23 10:00:00-04:00,2026,forecast_2026,10,266,36.0,-78.75,0.2.7,2026-09-17 04:00:00+00:00,68.075,75.0,59.853457352929055,8.221542647070947,-2.1197916666666665,-4.479166666666667,11.085018282477995,0.42777005774149557,0.9038875912965271,1025.0666666666666,100.0,0.006937980651855468,164,154,7,0,0.49999999999999994,-0.8660254037844387,-0.9906923101615609,-0.13612033862266704,69.98,0.15,74.99,4.533971768769628,-12.959999999999994,73.7075,8.390696857234206,1.980000000000004,60.98,86.0,25.020000000000003,-1.9050000000000011
2026-09-16 18:00:00+00:00,2026-09-23 15:00:00+00:00,2026-09-23 11:00:00-04:00,2026,forecast_2026,11,266,36.0,-78.75,0.2.7,2026-09-17 04:00:00+00:00,69.8,72.5,60.562074848415605,9.237925151584392,-2.375,-4.5,11.382165151355359,0.466758619558123,0.8843847528469696,1025.28,100.0,0.0,165,155,7,1,0.258819045102521,-0.9659258262890682,-0.9906923101615609,-0.13612033862266704,69.98,0.15,74.99,4.533971768769628,-12.959999999999994,73.7075,8.390696857234206,1.980000000000004,60.98,86.0,25.020000000000003,-0.18000000000000682
2026-09-16 18:00:00+00:00,2026-09-23 16:00:00+00:00,2026-09-23 12:00:00-04:00,2026,forecast_2026,12,266,36.0,-78.75,0.2.7,2026-09-17 04:00:00+00:00,70.1,72.83333333333333,60.97992948840638,9.120070511593617,-2.3229166666666665,-4.604166666666667,11.535803146432787,0.4504425508241721,0.892805414638046,1024.8533333333332,100.0,0.0,166,156,7,0,1.2246467991473532e-16,-1.0,-0.9906923101615609,-0.13612033862266704,69.98,0.15,74.99,4.533971768769628,-12.959999999999994,73.7075,8.390696857234206,1.980000000000004,60.98,86.0,25.020000000000003,0.11999999999999034
2026-09-16 18:00:00+00:00,2026-09-23 17:00:00+00:00,2026-09-23 13:00:00-04:00,2026,forecast_2026,13,266,36.0,-78.75,0.2.7,2026-09-17 04:00:00+00:00,70.4,73.16666666666667,61.397577219464395,9.00242278053561,-2.2708333333333335,-4.708333333333333,11.693227269401783,0.43441467265692485,0.9007129910134397,1024.4266666666667,100.0,0.0,167,157,7,0,-0.2588190451025208,-0.9659258262890683,-0.9906923101615609,-0.13612033862266704,69.98,0.15,74.99,4.533971768769628,-12.959999999999994,73.7075,8.390696857234206,1.980000000000004,60.98,86.0,25.020000000000003,0.4200000000000017
2026-09-16 18:00:00+00:00,2026-09-23 18:00:00+00:00,2026-09-23 14:00:00-04:00,2026,forecast_2026,14,266,36.0,-78.75,0.2.7,2026-09-17 04:00:00+00:00,70.7,73.5,61.81502099827697,8.884979001723032,-2.21875,-4.8125,11.85428668265733,0.4186841883330523,0.9081319014547904,1024.0,100.0,0.0,168,158,7,1,-0.4999999999999997,-0.8660254037844388,-0.9906923101615609,-0.13612033862266704,69.98,0.15,74.99,4.533971768769628,-12.959999999999994,73.7075,8.390696857234206,1.980000000000004,60.98,86.0,25.020000000000003,0.7199999999999989
2026-09-16 18:00:00+00:00,2026-09-23 19:00:00+00:00,2026-09-23 15:00:00-04:00,2026,forecast_2026,15,266,36.0,-78.75,0.2.7,2026-09-17 04:00:00+00:00,72.05,71.16666666666667,62.19813291879272,9.851867081207274,-2.2291666666666665,-4.708333333333333,11.653039763453283,0.4279144256714426,0.9038192542219265,1023.5733333333333,100.0,0.0,169,159,7,0,-0.7071067811865471,-0.7071067811865479,-0.9906923101615609,-0.13612033862266704,69.98,0.15,74.99,4.533971768769628,-12.959999999999994,73.7075,8.390696857234206,1.980000000000004,60.98,86.0,25.020000000000003,2.069999999999993
2026-09-16 18:00:00+00:00,2026-09-23 20:00:00+00:00,2026-09-23 16:00:00-04:00,2026,forecast_2026,16,266,36.0,-78.75,0.2.7,2026-09-17 04:00:00+00:00,73.4,68.83333333333333,62.54398360714809,10.856016392851913,-2.2395833333333335,-4.604166666666667,11.453044828648439,0.4374212545542529,0.8992567186650225,1023.1466666666668,100.0,0.0,170,160,7,0,-0.8660254037844384,-0.5000000000000004,-0.9906923101615609,-0.13612033862266704,69.98,0.15,74.99,4.533971768769628,-12.959999999999994,73.7075,8.390696857234206,1.980000000000004,60.98,86.0,25.020000000000003,3.4200000000000017
2026-09-16 18:00:00+00:00,2026-09-23 21:00:00+00:00,2026-09-23 17:00:00-04:00,2026,forecast_2026,17,266,36.0,-78.75,0.2.7,2026-09-17 04:00:00+00:00,74.75,66.5,62.850357628595134,11.899642371404866,-2.25,-4.5,11.254368623332413,0.4472135954999577,0.894427190999916,1022.72,100.0,0.0,171,161,7,1,-0.9659258262890683,-0.25881904510252063,-0.9906923101615609,-0.13612033862266704,69.98,0.15,74.99,4.533971768769628,-12.959999999999994,73.7075,8.390696857234206,1.980000000000004,60.98,86.0,25.020000000000003,4.769999999999996
2026-09-16 18:00:00+00:00,2026-09-23 22:00:00+00:00,2026-09-23 18:00:00-04:00,2026,forecast_2026,18,266,36.0,-78.75,0.2.7,2026-09-17 04:00:00+00:00,72.725,70.0,62.37584958123779,10.349150418762207,-2.109375,-4.541666666666667,11.20171372297241,0.42123353691636467,0.9069522078791857,1022.72,100.0,0.0,172,162,7,0,-1.0,-1.8369701987210297e-16,-0.9906923101615609,-0.13612033862266704,69.98,0.15,74.99,4.533971768769628,-12.959999999999994,73.7075,8.390696857234206,1.980000000000004,60.98,86.0,25.020000000000003,2.7449999999999903
2026-09-16 18:00:00+00:00,2026-09-23 23:00:00+00:00,2026-09-23 19:00:00-04:00,2026,forecast_2026,19,266,36.0,-78.75,0.2.7,2026-09-17 04:00:00+00:00,70.7,73.5,61.81502099827697,8.884979001723032,-1.96875,-4.583333333333333,11.158460900618252,0.39467524815524424,0.9188206835360185,1022.72,100.0,0.0,173,163,7,0,-0.9659258262890684,0.2588190451025203,-0.9906923101615609,-0.13612033862266704,69.98,0.15,74.99,4.533971768769628,-12.959999999999994,73.7075,8.390696857234206,1.980000000000004,60.98,86.0,25.020000000000003,0.7199999999999989
2026-09-16 18:00:00+00:00,2026-09-24 00:00:00+00:00,2026-09-23 20:00:00-04:00,2026,forecast_2026,20,266,36.0,-78.75,0.2.7,2026-09-17 04:00:00+00:00,68.675,77.0,61.17486619836632,7.50013380163368,-1.828125,-4.625,11.124719822424415,0.36759569896482513,0.929985699945199,1022.72,100.0,0.0,174,164,7,1,-0.8660254037844386,0.5000000000000001,-0.9906923101615609,-0.13612033862266704,69.98,0.15,74.99,4.533971768769628,-12.959999999999994,73.7075,8.390696857234206,1.980000000000004,60.98,86.0,25.020000000000003,-1.3050000000000068
2026-09-16 18:00:00+00:00,2026-09-24 01:00:00+00:00,2026-09-23 21:00:00-04:00,2026,forecast_2026,21,266,36.0,-78.75,0.2.7,2026-09-17 04:00:00+00:00,68.225,77.5,60.921511046383365,7.303488953616629,-1.5625,-4.291666666666667,10.216656209817868,0.3421092855190934,0.9396601708924431,1022.9333333333333,100.0,0.0,175,165,7,0,-0.7071067811865477,0.7071067811865474,-0.9906923101615609,-0.13612033862266704,69.98,0.15,74.99,4.533971768769628,-12.959999999999994,73.7075,8.390696857234206,1.980000000000004,60.98,86.0,25.020000000000003,-1.7550000000000097
2026-09-16 18:00:00+00:00,2026-09-24 02:00:00+00:00,2026-09-23 22:00:00-04:00,2026,forecast_2026,22,266,36.0,-78.75,0.2.7,2026-09-17 04:00:00+00:00,67.775,78.0,60.66642993805331,7.108570061946693,-1.296875,-3.9583333333333335,9.317662034815665,0.31134706785010013,0.9502962713497013,1023.1466666666668,100.0,0.0,176,166,7,0,-0.5000000000000004,0.8660254037844384,-0.9906923101615609,-0.13612033862266704,69.98,0.15,74.99,4.533971768769628,-12.959999999999994,73.7075,8.390696857234206,1.980000000000004,60.98,86.0,25.020000000000003,-2.2049999999999983
2026-09-16 18:00:00+00:00,2026-09-24 03:00:00+00:00,2026-09-23 23:00:00-04:00,2026,forecast_2026,23,266,36.0,-78.75,0.2.7,2026-09-17 04:00:00+00:00,67.325,78.5,60.40964159933834,6.91535840066166,-1.03125,-3.625,8.430639132577568,0.2736258206411701,0.9618362180113859,1023.36,100.0,0.0,177,167,7,1,-0.25881904510252157,0.9659258262890681,-0.9906923101615609,-0.13612033862266704,69.98,0.15,74.99,4.533971768769628,-12.959999999999994,73.7075,8.390696857234206,1.980000000000004,60.98,86.0,25.020000000000003,-2.655000000000001
2026-09-16 18:00:00+00:00,2026-09-24 04:00:00+00:00,2026-09-24 00:00:00-04:00,2026,forecast_2026,0,267,36.0,-78.75,0.2.7,2026-09-17 04:00:00+00:00,67.475,79.0,60.73419353604328,6.740806463956716,-0.9296875,-3.7395833333333335,8.61984246641572,0.24126330813144006,0.9704596932121776,1022.9333333333333,100.0,0.0,178,168,8,0,0.0,1.0,-0.9928872135356962,-0.11905873003404988,69.98,0.15,74.99,4.533971768769628,-12.959999999999994,73.7075,8.390696857234206,1.980000000000004,60.98,86.0,25.020000000000003,-2.5050000000000097
2026-09-16 18:00:00+00:00,2026-09-24 05:00:00+00:00,2026-09-24 01:00:00-04:00,2026,forecast_2026,1,267,36.0,-78.75,0.2.7,2026-09-17 04:00:00+00:00,67.625,79.5,61.05797462316188,6.567025376838117,-0.828125,-3.8541666666666665,8.81829445180495,0.21007042540730597,0.9776862566126178,1022.5066666666667,100.0,0.0,179,169,8,0,0.25881904510252074,0.9659258262890683,-0.9928872135356962,-0.11905873003404988,69.98,0.15,74.99,4.533971768769628,-12.959999999999994,73.7075,8.390696857234206,1.980000000000004,60.98,86.0,25.020000000000003,-2.355000000000004
2026-09-16 18:00:00+00:00,2026-09-24 06:00:00+00:00,2026-09-24 02:00:00-04:00,2026,forecast_2026,2,267,36.0,-78.75,0.2.7,2026-09-17 04:00:00+00:00,67.775,80.0,61.38099499152616,6.394005008473847,-0.7265625,-3.96875,9.02538502571933,0.18007808199476164,0.9836523188531037,1022.08,100.0,0.0,180,170,8,1,0.49999999999999994,0.8660254037844387,-0.9928872135356962,-0.11905873003404988,69.98,0.15,74.99,4.533971768769628,-12.959999999999994,73.7075,8.390696857234206,1.980000000000004,60.98,86.0,25.020000000000003,-2.2049999999999983
2026-09-16 18:00:00+00:00,2026-09-24 07:00:00+00:00,2026-09-24 03:00:00-04:00,2026,forecast_2026,3,267,36.0,-78.75,0.2.7,2026-09-17 04:00:00+00:00,66.95,82.16666666666667,61.332123586885345,5.617876413114658,-0.59375,-3.9270833333333335,8.884474137164544,0.14949460180782093,0.9887625417815549,1021.8666666666667,80.58333333333333,0.0,181,171,8,0,0.7071067811865475,0.7071067811865476,-0.9928872135356962,-0.11905873003404988,69.98,0.15,74.99,4.533971768769628,-12.959999999999994,73.7075,8.390696857234206,1.980000000000004,60.98,86.0,25.020000000000003,-3.030000000000001
2026-09-16 18:00:00+00:00,2026-09-24 08:00:00+00:00,2026-09-24 04:00:00-04:00,2026,forecast_2026,4,267,36.0,-78.75,0.2.7,2026-09-17 04:00:00+00:00,66.125,84.33333333333333,61.260797130894225,4.864202869105775,-0.4609375,-3.8854166666666665,8.752376234155692,0.11780661554459461,0.9930365558900277,1021.6533333333333,61.166666666666664,0.0,182,172,8,0,0.8660254037844386,0.5000000000000001,-0.9928872135356962,-0.11905873003404988,69.98,0.15,74.99,4.533971768769628,-12.959999999999994,73.7075,8.390696857234206,1.980000000000004,60.98,86.0,25.020000000000003,-3.855000000000004
2026-09-16 18:00:00+00:00,2026-09-24 09:00:00+00:00,2026-09-24 05:00:00-04:00,2026,forecast_2026,5,267,36.0,-78.75,0.2.7,2026-09-17 04:00:00+00:00,65.3,86.5,61.16801816436056,4.131981835639436,-0.328125,-3.84375,8.629496046310116,0.08505649888375583,0.9963761297811372,1021.44,41.75,0.0,183,173,8,1,0.9659258262890683,0.25881904510252074,-0.9928872135356962,-0.11905873003404988,69.98,0.15,74.99,4.533971768769628,-12.959999999999994,73.7075,8.390696857234206,1.980000000000004,60.98,86.0,25.020000000000003,-4.680000000000007
2026-09-16 18:00:00+00:00,2026-09-24 10:00:00+00:00,2026-09-24 06:00:00-04:00,2026,forecast_2026,6,267,36.0,-78.75,0.2.7,2026-09-17 04:00:00+00:00,65.3,87.0,61.33084943601553,3.9691505639844706,-0.4192708333333333,-3.8125,8.579735330648125,0.10931364513459631,0.9940073073108605,1021.8666666666667,51.5,0.0,184,174,8,0,1.0,6.123233995736766e-17,-0.9928872135356962,-0.11905873003404988,69.98,0.15,74.99,4.533971768769628,-12.959999999999994,73.7075,8.390696857234206,1.980000000000004,60.98,86.0,25.020000000000003,-4.680000000000007
2026-09-16 18:00:00+00:00,2026-09-24 11:00:00+00:00,2026-09-24 07:00:00-04:00,2026,forecast_2026,7,267,36.0,-78.75,0.2.7,2026-09-17 04:00:00+00:00,65.3,87.5,61.49286027419909,3.8071397258009085,-0.5104166666666666,-3.78125,8.535129058638688,0.1337729702611209,0.9910120041793223,1022.2933333333333,61.25,0.0,185,175,8,0,0.9659258262890683,-0.25881904510252063,-0.9928872135356962,-0.11905873003404988,69.98,0.15,74.99,4.533971768769628,-12.959999999999994,73.7075,8.390696857234206,1.980000000000004,60.98,86.0,25.020000000000003,-4.680000000000007
2026-09-16 18:00:00+00:00,2026-09-24 12:00:00+00:00,2026-09-24 08:00:00-04:00,2026,forecast_2026,8,267,36.0,-78.75,0.2.7,2026-09-17 04:00:00+00:00,65.3,88.0,61.6540595043557,3.6459404956442967,-0.6015625,-3.75,8.495758419601067,0.15839162576519739,0.9873763684064236,1022.72,71.0,0.0,186,176,8,1,0.8660254037844387,-0.4999999999999998,-0.9928872135356962,-0.11905873003404988,69.98,0.15,74.99,4.533971768769628,-12.959999999999994,73.7075,8.390696857234206,1.980000000000004,60.98,86.0,25.020000000000003,-4.680000000000007
2026-09-16 18:00:00+00:00,2026-09-24 13:00:00+00:00,2026-09-24 09:00:00-04:00,2026,forecast_2026,9,267,36.0,-78.75,0.2.7,2026-09-17 04:00:00+00:00,69.125,79.75,62.605756648825,6.519243351175,-1.234375,-3.7708333333333335,8.875554812750257,0.31110373309147926,0.9503759610051938,1022.5066666666667,68.41666666666667,0.0,187,177,8,0,0.7071067811865476,-0.7071067811865475,-0.9928872135356962,-0.11905873003404988,69.98,0.15,74.99,4.533971768769628,-12.959999999999994,73.7075,8.390696857234206,1.980000000000004,60.98,86.0,25.020000000000003,-0.855000000000004
2026-09-16 18:00:00+00:00,2026-09-24 14:00:00+00:00,2026-09-24 10:00:00-04:00,2026,forecast_2026,10,267,36.0,-78.75,0.2.7,2026-09-17 04:00:00+00:00,72.95,71.5,63.19442596961535,9.75557403038465,-1.8671875,-3.7916666666666665,9.454364403974152,0.4417832129534383,0.8971218382987547,1022.2933333333333,65.83333333333333,0.0,188,178,8,0,0.49999999999999994,-0.8660254037844387,-0.9928872135356962,-0.11905873003404988,69.98,0.15,74.99,4.533971768769628,-12.959999999999994,73.7075,8.390696857234206,1.980000000000004,60.98,86.0,25.020000000000003,2.969999999999999
2026-09-16 18:00:00+00:00,2026-09-24 15:00:00+00:00,2026-09-24 11:00:00-04:00,2026,forecast_2026,11,267,36.0,-78.75,0.2.7,2026-09-17 04:00:00+00:00,76.775,63.25,63.34337256666136,13.431627433338647,-2.5,-3.8125,10.198358214498068,0.5483569622202414,0.8362443673858668,1022.08,63.25,0.0,189,179,8,1,0.258819045102521,-0.9659258262890682,-0.9928872135356962,-0.11905873003404988,69.98,0.15,74.99,4.533971768769628,-12.959999999999994,73.7075,8.390696857234206,1.980000000000004,60.98,86.0,25.020000000000003,6.795000000000002
2026-09-16 18:00:00+00:00,2026-09-24 16:00:00+00:00,2026-09-24 12:00:00-04:00,2026,forecast_2026,12,267,36.0,-78.75,0.2.7,2026-09-17 04:00:00+00:00,79.25,58.166666666666664,63.282245956770346,15.967754043229654,-2.6458333333333335,-3.6041666666666665,10.001494855874402,0.5917675998787642,0.8061086203072927,1021.6533333333333,58.25,0.0,190,180,8,0,1.2246467991473532e-16,-1.0,-0.9928872135356962,-0.11905873003404988,69.98,0.15,74.99,4.533971768769628,-12.959999999999994,73.7075,8.390696857234206,1.980000000000004,60.98,86.0,25.020000000000003,9.269999999999996
2026-09-16 18:00:00+00:00,2026-09-24 17:00:00+00:00,2026-09-24 13:00:00-04:00,2026,forecast_2026,13,267,36.0,-78.75,0.2.7,2026-09-17 04:00:00+00:00,81.725,53.083333333333336,62.97919972532727,18.745800274672725,-2.7916666666666665,-3.3958333333333335,9.833640840309391,0.6350425629118999,0.7724771474226831,1021.2266666666667,53.25,0.0,191,181,8,0,-0.2588190451025208,-0.9659258262890683,-0.9928872135356962,-0.11905873003404988,69.98,0.15,74.99,4.533971768769628,-12.959999999999994,73.7075,8.390696857234206,1.980000000000004,60.98,86.0,25.020000000000003,11.74499999999999
2026-09-16 18:00:00+00:00,2026-09-24 18:00:00+00:00,2026-09-24 14:00:00-04:00,2026,forecast_2026,14,267,36.0,-78.75,0.2.7,2026-09-17 04:00:00+00:00,84.2,48.0,62.391640351571155,21.808359648428848,-2.9375,-3.1875,9.69630283889567,0.677681015855955,0.7353559959288024,1020.8,48.25,0.0,192,182,8,1,-0.4999999999999997,-0.8660254037844388,-0.9928872135356962,-0.11905873003404988,69.98,0.15,74.99,4.533971768769628,-12.959999999999994,73.7075,8.390696857234206,1.980000000000004,60.98,86.0,25.020000000000003,14.219999999999999
2026-09-16 18:00:00+00:00,2026-09-24 19:00:00+00:00,2026-09-24 15:00:00-04:00,2026,forecast_2026,15,267,36.0,-78.75,0.2.7,2026-09-17 04:00:00+00:00,82.55,51.416666666666664,62.83276857328586,19.717231426714136,-2.875,-2.7291666666666665,8.86740723979757,0.7252618116818569,0.6884731690603133,1020.3733333333333,62.5,0.0,193,183,8,0,-0.7071067811865471,-0.7071067811865479,-0.9928872135356962,-0.11905873003404988,69.98,0.15,74.99,4.533971768769628,-12.959999999999994,73.7075,8.390696857234206,1.980000000000004,60.98,86.0,25.020000000000003,12.569999999999993
2026-09-16 18:00:00+00:00,2026-09-24 20:00:00+00:00,2026-09-24 16:00:00-04:00,2026,forecast_2026,16,267,36.0,-78.75,0.2.7,2026-09-17 04:00:00+00:00,80.9,54.833333333333336,63.138364024383634,17.76163597561637,-2.8125,-2.2708333333333335,8.086096256295033,0.7780495213008569,0.6282029468280991,1019.9466666666667,76.75,0.0,194,184,8,0,-0.8660254037844384,-0.5000000000000004,-0.9928872135356962,-0.11905873003404988,69.98,0.15,74.99,4.533971768769628,-12.959999999999994,73.7075,8.390696857234206,1.980000000000004,60.98,86.0,25.020000000000003,10.920000000000002
2026-09-16 18:00:00+00:00,2026-09-24 21:00:00+00:00,2026-09-24 17:00:00-04:00,2026,forecast_2026,17,267,36.0,-78.75,0.2.7,2026-09-17 04:00:00+00:00,79.25,58.25,63.323048055890396,15.926951944109604,-2.75,-1.8125,7.367524229518266,0.8349582046168347,0.5503133621338229,1019.52,91.0,0.0,195,185,8,1,-0.9659258262890683,-0.25881904510252063,-0.9928872135356962,-0.11905873003404988,69.98,0.15,74.99,4.533971768769628,-12.959999999999994,73.7075,8.390696857234206,1.980000000000004,60.98,86.0,25.020000000000003,9.269999999999996
2026-09-16 18:00:00+00:00,2026-09-24 22:00:00+00:00,2026-09-24 18:00:00-04:00,2026,forecast_2026,18,267,36.0,-78.75,0.2.7,2026-09-17 04:00:00+00:00,77.6,61.5,63.32192795001053,14.278072049989461,-2.6875,-1.5078125,6.893305212364376,0.8721166551733442,0.4892980071176033,1019.7333333333332,92.5,0.0,196,186,8,0,-1.0,-1.8369701987210297e-16,-0.9928872135356962,-0.11905873003404988,69.98,0.15,74.99,4.533971768769628,-12.959999999999994,73.7075,8.390696857234206,1.980000000000004,60.98,86.0,25.020000000000003,7.61999999999999
2026-09-16 18:00:00+00:00,2026-09-24 23:00:00+00:00,2026-09-24 19:00:00-04:00,2026,forecast_2026,19,267,36.0,-78.75,0.2.7,2026-09-17 04:00:00+00:00,75.95,64.75,63.230501253608,12.719498746392006,-2.625,-1.203125,6.4593388928499476,0.9090648228942845,0.41665471049321295,1019.9466666666667,94.0,0.0,197,187,8,0,-0.9659258262890684,0.2588190451025203,-0.9928872135356962,-0.11905873003404988,69.98,0.15,74.99,4.533971768769628,-12.959999999999994,73.7075,8.390696857234206,1.980000000000004,60.98,86.0,25.020000000000003,5.969999999999999
2026-09-16 18:00:00+00:00,2026-09-25 00:00:00+00:00,2026-09-24 20:00:00-04:00,2026,forecast_2026,20,267,36.0,-78.75,0.2.7,2026-09-17 04:00:00+00:00,74.3,68.0,63.0565659576828,11.243434042317197,-2.5625,-0.8984375,6.074258787552689,0.9436788008004635,0.3308629941830895,1020.16,95.5,0.0,198,188,8,1,-0.8660254037844386,0.5000000000000001,-0.9928872135356962,-0.11905873003404988,69.98,0.15,74.99,4.533971768769628,-12.959999999999994,73.7075,8.390696857234206,1.980000000000004,60.98,86.0,25.020000000000003,4.319999999999993
2026-09-16 18:00:00+00:00,2026-09-25 01:00:00+00:00,2026-09-24 21:00:00-04:00,2026,forecast_2026,21,267,36.0,-78.75,0.2.7,2026-09-17 04:00:00+00:00,71.9,73.33333333333333,62.90600313310525,8.993996866894754,-2.0520833333333335,-0.984375,5.091200239901944,0.9016301591668903,0.4325078682298024,1020.3733333333333,77.41666666666667,0.0,199,189,8,0,-0.7071067811865477,0.7071067811865474,-0.9928872135356962,-0.11905873003404988,69.98,0.15,74.99,4.533971768769628,-12.959999999999994,73.7075,8.390696857234206,1.980000000000004,60.98,86.0,25.020000000000003,1.9200000000000017
2026-09-16 18:00:00+00:00,2026-09-25 02:00:00+00:00,2026-09-24 22:00:00-04:00,2026,forecast_2026,22,267,36.0,-78.75,0.2.7,2026-09-17 04:00:00+00:00,69.5,78.66666666666667,62.58159200455937,6.9184079954406315,-1.5416666666666667,-1.0703125,4.198238361172204,0.8214421908036452,0.5702917912505033,1020.5866666666667,59.333333333333336,0.0,200,190,8,0,-0.5000000000000004,0.8660254037844384,-0.9928872135356962,-0.11905873003404988,69.98,0.15,74.99,4.533971768769628,-12.959999999999994,73.7075,8.390696857234206,1.980000000000004,60.98,86.0,25.020000000000003,-0.480000000000004
2026-09-16 18:00:00+00:00,2026-09-25 03:00:00+00:00,2026-09-24 23:00:00-04:00,2026,forecast_2026,23,267,36.0,-78.75,0.2.7,2026-09-17 04:00:00+00:00,67.1,84.0,62.103444874059555,4.996555125940439,-1.03125,-1.15625,3.4657288095697605,0.6656148469584017,0.746295434468511,1020.8,41.25,0.0,201,191,8,1,-0.25881904510252157,0.9659258262890681,-0.9928872135356962,-0.11905873003404988,69.98,0.15,74.99,4.533971768769628,-12.959999999999994,73.7075,8.390696857234206,1.980000000000004,60.98,86.0,25.020000000000003,-2.8800000000000097
2026-09-16 18:00:00+00:00,2026-09-25 04:00:00+00:00,2026-09-25 00:00:00-04:00,2026,forecast_2026,0,268,36.0,-78.75,0.2.7,2026-09-17 04:00:00+00:00,66.275,86.16666666666667,62.01649825510128,4.258501744898723,-1.0260416666666667,-1.3958333333333333,3.8752054429120113,0.5922756548364924,0.80573540861005,1020.8,45.5,0.0,202,192,9,0,0.0,1.0,-0.994788305609327,-0.10196189005174576,69.98,0.15,74.99,4.533971768769628,-12.959999999999994,73.7075,8.390696857234206,1.980000000000004,60.98,86.0,25.020000000000003,-3.7049999999999983
2026-09-16 18:00:00+00:00,2026-09-25 05:00:00+00:00,2026-09-25 01:00:00-04:00,2026,forecast_2026,1,268,36.0,-78.75,0.2.7,2026-09-17 04:00:00+00:00,65.45,88.33333333333333,61.908831998200824,3.5411680017991785,-1.0208333333333333,-1.6354166666666667,4.312525636318535,0.5295131725690062,0.8483017152381019,1020.8,49.75,0.0,203,193,9,0,0.25881904510252074,0.9659258262890683,-0.994788305609327,-0.10196189005174576,69.98,0.15,74.99,4.533971768769628,-12.959999999999994,73.7075,8.390696857234206,1.980000000000004,60.98,86.0,25.020000000000003,-4.530000000000001
2026-09-16 18:00:00+00:00,2026-09-25 06:00:00+00:00,2026-09-25 02:00:00-04:00,2026,forecast_2026,2,268,36.0,-78.75,0.2.7,2026-09-17 04:00:00+00:00,64.625,90.5,61.78132788148942,2.8436721185105824,-1.015625,-1.875,4.770037379190119,0.4762831485407524,0.8792919665367742,1020.8,54.0,0.0,204,194,9,1,0.49999999999999994,0.8660254037844387,-0.994788305609327,-0.10196189005174576,69.98,0.15,74.99,4.533971768769628,-12.959999999999994,73.7075,8.390696857234206,1.980000000000004,60.98,86.0,25.020000000000003,-5.355000000000004
2026-09-16 18:00:00+00:00,2026-09-25 07:00:00+00:00,2026-09-25 03:00:00-04:00,2026,forecast_2026,3,268,36.0,-78.75,0.2.7,2026-09-17 04:00:00+00:00,64.025,92.5,61.806753085627335,2.2182469143726706,-0.9505208333333334,-1.8802083333333333,4.712812944650029,0.45116463848853633,0.892440736955406,1020.5866666666667,36.40104166666667,0.0,205,195,9,0,0.7071067811865475,0.7071067811865476,-0.994788305609327,-0.10196189005174576,69.98,0.15,74.99,4.533971768769628,-12.959999999999994,73.7075,8.390696857234206,1.980000000000004,60.98,86.0,25.020000000000003,-5.954999999999998
2026-09-16 18:00:00+00:00,2026-09-25 08:00:00+00:00,2026-09-25 04:00:00-04:00,2026,forecast_2026,4,268,36.0,-78.75,0.2.7,2026-09-17 04:00:00+00:00,63.425,94.5,61.81741890177834,1.607581098221658,-0.8854166666666666,-1.8854166666666667,4.659468320717099,0.4250743945291339,0.9051584165855666,1020.3733333333333,18.802083333333336,0.0,206,196,9,0,0.8660254037844386,0.5000000000000001,-0.994788305609327,-0.10196189005174576,69.98,0.15,74.99,4.533971768769628,-12.959999999999994,73.7075,8.390696857234206,1.980000000000004,60.98,86.0,25.020000000000003,-6.555000000000007
2026-09-16 18:00:00+00:00,2026-09-25 09:00:00+00:00,2026-09-25 05:00:00-04:00,2026,forecast_2026,5,268,36.0,-78.75,0.2.7,2026-09-17 04:00:00+00:00,62.825,96.5,61.81387218283527,1.0111278171647342,-0.8203125,-1.890625,4.610138191029308,0.3980329278732913,0.9173711290032052,1020.16,1.203125,0.0,207,197,9,1,0.9659258262890683,0.25881904510252074,-0.994788305609327,-0.10196189005174576,69.98,0.15,74.99,4.533971768769628,-12.959999999999994,73.7075,8.390696857234206,1.980000000000004,60.98,86.0,25.020000000000003,-7.155000000000001
2026-09-16 18:00:00+00:00,2026-09-25 10:00:00+00:00,2026-09-25 06:00:00-04:00,2026,forecast_2026,6,268,36.0,-78.75,0.2.7,2026-09-17 04:00:00+00:00,63.2,95.0,61.74330952949977,1.4566904705002344,-0.6953125,-1.7864583333333333,4.288209117784617,0.3627084693977364,0.931902659201674,1020.5866666666667,2.333333333333333,0.0,208,198,9,0,1.0,6.123233995736766e-17,-0.994788305609327,-0.10196189005174576,69.98,0.15,74.99,4.533971768769628,-12.959999999999994,73.7075,8.390696857234206,1.980000000000004,60.98,86.0,25.020000000000003,-6.780000000000001
2026-09-16 18:00:00+00:00,2026-09-25 11:00:00+00:00,2026-09-25 07:00:00-04:00,2026,forecast_2026,7,268,36.0,-78.75,0.2.7,2026-09-17 04:00:00+00:00,63.575,93.5,61.665115228387165,1.9098847716128375,-0.5703125,-1.6822916666666667,3.9735454372153622,0.3210615681184497,0.9470583242215456,1021.0133333333333,3.4635416666666665,0.0,209,199,9,0,0.9659258262890683,-0.25881904510252063,-0.994788305609327,-0.10196189005174576,69.98,0.15,74.99,4.533971768769628,-12.959999999999994,73.7075,8.390696857234206,1.980000000000004,60.98,86.0,25.020000000000003,-6.405000000000001
2026-09-16 18:00:00+00:00,2026-09-25 12:00:00+00:00,2026-09-25 08:00:00-04:00,2026,forecast_2026,8,268,36.0,-78.75,0.2.7,2026-09-17 04:00:00+00:00,63.95,92.0,61.57907020284152,2.3709297971584817,-0.4453125,-1.578125,3.6680174279409683,0.2715733259519038,0.9624177516190259,1021.44,4.59375,0.0,210,200,9,1,0.8660254037844387,-0.4999999999999998,-0.994788305609327,-0.10196189005174576,69.98,0.15,74.99,4.533971768769628,-12.959999999999994,73.7075,8.390696857234206,1.980000000000004,60.98,86.0,25.020000000000003,-6.030000000000001
2026-09-16 18:00:00+00:00,2026-09-25 13:00:00+00:00,2026-09-25 09:00:00-04:00,2026,forecast_2026,9,268,36.0,-78.75,0.2.7,2026-09-17 04:00:00+00:00,68.6,78.66666666666667,61.70759560298187,6.892404397018126,-0.828125,-1.703125,4.236278849802498,0.43728539421901197,0.8993227918843841,1021.44,25.229166666666668,0.0,211,201,9,0,0.7071067811865476,-0.7071067811865475,-0.994788305609327,-0.10196189005174576,69.98,0.15,74.99,4.533971768769628,-12.959999999999994,73.7075,8.390696857234206,1.980000000000004,60.98,86.0,25.020000000000003,-1.3800000000000097
2026-09-16 18:00:00+00:00,2026-09-25 14:00:00+00:00,2026-09-25 10:00:00-04:00,2026,forecast_2026,10,268,36.0,-78.75,0.2.7,2026-09-17 04:00:00+00:00,73.25,65.33333333333333,60.923793522653476,12.326206477346524,-1.2109375,-1.828125,4.9051736939679635,0.5522312175184952,0.8336909993505031,1021.44,45.864583333333336,0.0,212,202,9,0,0.49999999999999994,-0.8660254037844387,-0.994788305609327,-0.10196189005174576,69.98,0.15,74.99,4.533971768769628,-12.959999999999994,73.7075,8.390696857234206,1.980000000000004,60.98,86.0,25.020000000000003,3.269999999999996
2026-09-16 18:00:00+00:00,2026-09-25 15:00:00+00:00,2026-09-25 11:00:00-04:00,2026,forecast_2026,11,268,36.0,-78.75,0.2.7,2026-09-17 04:00:00+00:00,77.9,52.0,58.86451883252282,19.035481167477187,-1.59375,-1.953125,5.639003748519122,0.6322246578392412,0.7747851199010306,1021.44,66.5,0.0,213,203,9,1,0.258819045102521,-0.9659258262890682,-0.994788305609327,-0.10196189005174576,69.98,0.15,74.99,4.533971768769628,-12.959999999999994,73.7075,8.390696857234206,1.980000000000004,60.98,86.0,25.020000000000003,7.920000000000002
2026-09-16 18:00:00+00:00,2026-09-25 16:00:00+00:00,2026-09-25 12:00:00-04:00,2026,forecast_2026,12,268,36.0,-78.75,0.2.7,2026-09-17 04:00:00+00:00,80.15,46.25,57.65753470107465,22.492465298925353,-1.578125,-2.0625,5.809313113268193,0.6076734059721484,0.794187025626967,1020.5866666666667,61.333333333333336,0.0,214,204,9,0,1.2246467991473532e-16,-1.0,-0.994788305609327,-0.10196189005174576,69.98,0.15,74.99,4.533971768769628,-12.959999999999994,73.7075,8.390696857234206,1.980000000000004,60.98,86.0,25.020000000000003,10.170000000000002
2026-09-16 18:00:00+00:00,2026-09-25 17:00:00+00:00,2026-09-25 13:00:00-04:00,2026,forecast_2026,13,268,36.0,-78.75,0.2.7,2026-09-17 04:00:00+00:00,82.4,40.5,56.00729865656773,26.39270134343228,-1.5625,-2.171875,5.984984507604692,0.5839969931240228,0.8117558204423915,1019.7333333333332,56.166666666666664,0.0,215,205,9,0,-0.2588190451025208,-0.9659258262890683,-0.994788305609327,-0.10196189005174576,69.98,0.15,74.99,4.533971768769628,-12.959999999999994,73.7075,8.390696857234206,1.980000000000004,60.98,86.0,25.020000000000003,12.420000000000002
2026-09-16 18:00:00+00:00,2026-09-25 18:00:00+00:00,2026-09-25 14:00:00-04:00,2026,forecast_2026,14,268,36.0,-78.75,0.2.7,2026-09-17 04:00:00+00:00,84.65,34.75,53.7926278487722,30.857372151227807,-1.546875,-2.28125,6.165559617800147,0.5612241290769093,0.8276638671235229,1018.88,51.0,0.0,216,206,9,1,-0.4999999999999997,-0.8660254037844388,-0.994788305609327,-0.10196189005174576,69.98,0.15,74.99,4.533971768769628,-12.959999999999994,73.7075,8.390696857234206,1.980000000000004,60.98,86.0,25.020000000000003,14.670000000000002
2026-09-16 18:00:00+00:00,2026-09-25 19:00:00+00:00,2026-09-25 15:00:00-04:00,2026,forecast_2026,15,268,36.0,-78.75,0.2.7,2026-09-17 04:00:00+00:00,84.8,34.25,53.527981898311936,31.27201810168806,-1.6822916666666667,-1.9895833333333333,5.828301811445,0.6456733718898384,0.7636137091700269,1018.24,45.5,0.0,217,207,9,0,-0.7071067811865471,-0.7071067811865479,-0.994788305609327,-0.10196189005174576,69.98,0.15,74.99,4.533971768769628,-12.959999999999994,73.7075,8.390696857234206,1.980000000000004,60.98,86.0,25.020000000000003,14.819999999999993
2026-09-16 18:00:00+00:00,2026-09-25 20:00:00+00:00,2026-09-25 16:00:00-04:00,2026,forecast_2026,16,268,36.0,-78.75,0.2.7,2026-09-17 04:00:00+00:00,84.95,33.75,53.257743332805845,31.692256667194158,-1.8177083333333333,-1.6979166666666665,5.564077017058311,0.730776681691722,0.6826166138438439,1017.6,40.0,0.0,218,208,9,0,-0.8660254037844384,-0.5000000000000004,-0.994788305609327,-0.10196189005174576,69.98,0.15,74.99,4.533971768769628,-12.959999999999994,73.7075,8.390696857234206,1.980000000000004,60.98,86.0,25.020000000000003,14.969999999999999
2026-09-16 18:00:00+00:00,2026-09-25 21:00:00+00:00,2026-09-25 17:00:00-04:00,2026,forecast_2026,17,268,36.0,-78.75,0.2.7,2026-09-17 04:00:00+00:00,85.1,33.25,52.981759071454384,32.11824092854561,-1.953125,-1.40625,5.3836491843394,0.8115343414514945,0.5843047258450758,1016.96,34.5,0.0,219,209,9,1,-0.9659258262890683,-0.25881904510252063,-0.994788305609327,-0.10196189005174576,69.98,0.15,74.99,4.533971768769628,-12.959999999999994,73.7075,8.390696857234206,1.980000000000004,60.98,86.0,25.020000000000003,15.11999999999999
2026-09-16 18:00:00+00:00,2026-09-25 22:00:00+00:00,2026-09-25 18:00:00-04:00,2026,forecast_2026,18,268,36.0,-78.75,0.2.7,2026-09-17 04:00:00+00:00,80.6,40.25,54.22669248472712,26.373307515272877,-1.859375,-1.3333333333333333,5.118163601930474,0.8126554251743418,0.582744506567595,1017.1733333333333,29.958333333333332,0.0,220,210,9,0,-1.0,-1.8369701987210297e-16,-0.994788305609327,-0.10196189005174576,69.98,0.15,74.99,4.533971768769628,-12.959999999999994,73.7075,8.390696857234206,1.980000000000004,60.98,86.0,25.020000000000003,10.61999999999999
2026-09-16 18:00:00+00:00,2026-09-25 23:00:00+00:00,2026-09-25 19:00:00-04:00,2026,forecast_2026,19,268,36.0,-78.75,0.2.7,2026-09-17 04:00:00+00:00,76.1,47.25,54.55896469719138,21.541035302808616,-1.765625,-1.2604166666666667,4.852698978293487,0.8138956606056517,0.5810110615532977,1017.3866666666668,25.416666666666664,0.0,221,211,9,0,-0.9659258262890684,0.2588190451025203,-0.994788305609327,-0.10196189005174576,69.98,0.15,74.99,4.533971768769628,-12.959999999999994,73.7075,8.390696857234206,1.980000000000004,60.98,86.0,25.020000000000003,6.11999999999999
2026-09-16 18:00:00+00:00,2026-09-26 00:00:00+00:00,2026-09-25 20:00:00-04:00,2026,forecast_2026,20,268,36.0,-78.75,0.2.7,2026-09-17 04:00:00+00:00,71.6,54.25,54.205885212654884,17.39411478734511,-1.671875,-1.1875,4.587258952081564,0.8152750700026217,0.5790738814971889,1017.6,20.875,0.0,222,212,9,1,-0.8660254037844386,0.5000000000000001,-0.994788305609327,-0.10196189005174576,69.98,0.15,74.99,4.533971768769628,-12.959999999999994,73.7075,8.390696857234206,1.980000000000004,60.98,86.0,25.020000000000003,1.6199999999999903
2026-09-16 18:00:00+00:00,2026-09-26 01:00:00+00:00,2026-09-25 21:00:00-04:00,2026,forecast_2026,21,268,36.0,-78.75,0.2.7,2026-09-17 04:00:00+00:00,70.325,56.583333333333336,54.17305399792997,16.151946002070034,-1.671875,-0.77880859375,4.125743127938293,0.9064737544984612,0.4222621607549787,1017.6,23.625,0.0,223,213,9,0,-0.7071067811865477,0.7071067811865474,-0.994788305609327,-0.10196189005174576,69.98,0.15,74.99,4.533971768769628,-12.959999999999994,73.7075,8.390696857234206,1.980000000000004,60.98,86.0,25.020000000000003,0.34499999999999886
2026-09-16 18:00:00+00:00,2026-09-26 02:00:00+00:00,2026-09-25 22:00:00-04:00,2026,forecast_2026,22,268,36.0,-78.75,0.2.7,2026-09-17 04:00:00+00:00,69.05,58.916666666666664,54.087228920738,14.962771079261998,-1.671875,-0.3701171875,3.8304245388284723,0.9763611906115982,0.21614538039824566,1017.6,26.375,0.0,224,214,9,0,-0.5000000000000004,0.8660254037844384,-0.994788305609327,-0.10196189005174576,69.98,0.15,74.99,4.533971768769628,-12.959999999999994,73.7075,8.390696857234206,1.980000000000004,60.98,86.0,25.020000000000003,-0.9300000000000068
2026-09-16 18:00:00+00:00,2026-09-26 03:00:00+00:00,2026-09-25 23:00:00-04:00,2026,forecast_2026,23,268,36.0,-78.75,0.2.7,2026-09-17 04:00:00+00:00,67.775,61.25,53.95203788980515,13.822962110194858,-1.671875,0.03857421875,3.7408731685584136,0.9997339377104979,-0.02306629120301634,1017.6,29.125,0.0,225,215,9,1,-0.25881904510252157,0.9659258262890681,-0.994788305609327,-0.10196189005174576,69.98,0.15,74.99,4.533971768769628,-12.959999999999994,73.7075,8.390696857234206,1.980000000000004,60.98,86.0,25.020000000000003,-2.2049999999999983
2026-09-16 18:00:00+00:00,2026-09-26 04:00:00+00:00,2026-09-26 00:00:00-04:00,2026,forecast_2026,0,269,36.0,-78.75,0.2.7,2026-09-17 04:00:00+00:00,66.875,63.333333333333336,54.01786350282333,12.857136497176668,-1.5104166666666667,-0.6044921875,3.6392480739206206,0.9284076790485362,0.3715631594812788,1017.8133333333333,25.666666666666668,0.0,226,216,10,0,0.0,1.0,-0.9963950238187231,-0.08483487790576538,69.98,0.15,74.99,4.533971768769628,-12.959999999999994,73.7075,8.390696857234206,1.980000000000004,60.98,86.0,25.020000000000003,-3.105000000000004
2026-09-16 18:00:00+00:00,2026-09-26 05:00:00+00:00,2026-09-26 01:00:00-04:00,2026,forecast_2026,1,269,36.0,-78.75,0.2.7,2026-09-17 04:00:00+00:00,65.975,65.41666666666667,54.050809774379914,11.92419022562008,-1.3489583333333333,-1.24755859375,4.110178560807757,0.7341612554442224,0.6789751475603236,1018.0266666666668,22.208333333333332,0.0,227,217,10,0,0.25881904510252074,0.9659258262890683,-0.9963950238187231,-0.08483487790576538,69.98,0.15,74.99,4.533971768769628,-12.959999999999994,73.7075,8.390696857234206,1.980000000000004,60.98,86.0,25.020000000000003,-4.00500000000001
2026-09-16 18:00:00+00:00,2026-09-26 06:00:00+00:00,2026-09-26 02:00:00-04:00,2026,forecast_2026,2,269,36.0,-78.75,0.2.7,2026-09-17 04:00:00+00:00,65.075,67.5,54.05270333605753,11.02229666394247,-1.1875,-1.890625,4.994242268633611,0.5318848593905645,0.8468166840297133,1018.24,18.75,0.0,228,218,10,1,0.49999999999999994,0.8660254037844387,-0.9963950238187231,-0.08483487790576538,69.98,0.15,74.99,4.533971768769628,-12.959999999999994,73.7075,8.390696857234206,1.980000000000004,60.98,86.0,25.020000000000003,-4.905000000000001
2026-09-16 18:00:00+00:00,2026-09-26 07:00:00+00:00,2026-09-26 03:00:00-04:00,2026,forecast_2026,3,269,36.0,-78.75,0.2.7,2026-09-17 04:00:00+00:00,64.025,71.16666666666667,54.49817865113613,9.526821348863876,-1.2395833333333333,-2.03125,5.323035805746571,0.5209187100273881,0.8536062895406769,1018.4533333333333,29.5,0.0,229,219,10,0,0.7071067811865475,0.7071067811865476,-0.9963950238187231,-0.08483487790576538,69.98,0.15,74.99,4.533971768769628,-12.959999999999994,73.7075,8.390696857234206,1.980000000000004,60.98,86.0,25.020000000000003,-5.954999999999998
2026-09-16 18:00:00+00:00,2026-09-26 08:00:00+00:00,2026-09-26 04:00:00-04:00,2026,forecast_2026,4,269,36.0,-78.75,0.2.7,2026-09-17 04:00:00+00:00,62.975,74.83333333333333,54.86693655590559,8.108063444094412,-1.2916666666666667,-2.171875,5.6526117741465445,0.5111577018465682,0.8594869422178181,1018.6666666666667,40.25,0.0,230,220,10,0,0.8660254037844386,0.5000000000000001,-0.9963950238187231,-0.08483487790576538,69.98,0.15,74.99,4.533971768769628,-12.959999999999994,73.7075,8.390696857234206,1.980000000000004,60.98,86.0,25.020000000000003,-7.005000000000003
2026-09-16 18:00:00+00:00,2026-09-26 09:00:00+00:00,2026-09-26 05:00:00-04:00,2026,forecast_2026,5,269,36.0,-78.75,0.2.7,2026-09-17 04:00:00+00:00,61.925,78.5,55.16557635085777,6.759423649142228,-1.34375,-2.3125,5.9828408701625095,0.5024173645398078,0.8646252319987394,1018.88,51.0,0.0,231,221,10,1,0.9659258262890683,0.25881904510252074,-0.9963950238187231,-0.08483487790576538,69.98,0.15,74.99,4.533971768769628,-12.959999999999994,73.7075,8.390696857234206,1.980000000000004,60.98,86.0,25.020000000000003,-8.055000000000007
2026-09-16 18:00:00+00:00,2026-09-26 10:00:00+00:00,2026-09-26 06:00:00-04:00,2026,forecast_2026,6,269,36.0,-78.75,0.2.7,2026-09-17 04:00:00+00:00,62.375,75.0,54.34851126728681,8.02648873271319,-1.59375,-2.46875,6.573230966299224,0.5423690775114945,0.8401403357530993,1019.3066666666667,59.166666666666664,0.0,232,222,10,0,1.0,6.123233995736766e-17,-0.9963950238187231,-0.08483487790576538,69.98,0.15,74.99,4.533971768769628,-12.959999999999994,73.7075,8.390696857234206,1.980000000000004,60.98,86.0,25.020000000000003,-7.605000000000004
2026-09-16 18:00:00+00:00,2026-09-26 11:00:00+00:00,2026-09-26 07:00:00-04:00,2026,forecast_2026,7,269,36.0,-78.75,0.2.7,2026-09-17 04:00:00+00:00,62.825,71.5,53.4739419404581,9.351058059541906,-1.84375,-2.625,7.175664538144503,0.5747692449320909,0.8183155351575541,1019.7333333333332,67.33333333333333,0.0,233,223,10,0,0.9659258262890683,-0.25881904510252063,-0.9963950238187231,-0.08483487790576538,69.98,0.15,74.99,4.533971768769628,-12.959999999999994,73.7075,8.390696857234206,1.980000000000004,60.98,86.0,25.020000000000003,-7.155000000000001
2026-09-16 18:00:00+00:00,2026-09-26 12:00:00+00:00,2026-09-26 08:00:00-04:00,2026,forecast_2026,8,269,36.0,-78.75,0.2.7,2026-09-17 04:00:00+00:00,63.275,68.0,52.536586467064524,10.738413532935475,-2.09375,-2.78125,7.787347016840555,0.6014352964315566,0.7989215131702774,1020.16,75.5,0.0,234,224,10,1,0.8660254037844387,-0.4999999999999998,-0.9963950238187231,-0.08483487790576538,69.98,0.15,74.99,4.533971768769628,-12.959999999999994,73.7075,8.390696857234206,1.980000000000004,60.98,86.0,25.020000000000003,-6.705000000000005
2026-09-16 18:00:00+00:00,2026-09-26 13:00:00+00:00,2026-09-26 09:00:00-04:00,2026,forecast_2026,9,269,36.0,-78.75,0.2.7,2026-09-17 04:00:00+00:00,65.45,57.083333333333336,49.85827585555588,15.591724144444122,-2.5208333333333335,-2.8541666666666665,8.51825459132209,0.66198345084666,0.749518452611507,1020.3733333333333,83.66666666666667,0.0,235,225,10,0,0.7071067811865476,-0.7071067811865475,-0.9963950238187231,-0.08483487790576538,69.98,0.15,74.99,4.533971768769628,-12.959999999999994,73.7075,8.390696857234206,1.980000000000004,60.98,86.0,25.020000000000003,-4.530000000000001
2026-09-16 18:00:00+00:00,2026-09-26 14:00:00+00:00,2026-09-26 10:00:00-04:00,2026,forecast_2026,10,269,36.0,-78.75,0.2.7,2026-09-17 04:00:00+00:00,67.625,46.16666666666667,46.204554991909276,21.420445008090724,-2.9479166666666665,-2.9270833333333335,9.292856251961629,0.7096097904480886,0.704594880268243,1020.5866666666667,91.83333333333333,0.0,236,226,10,0,0.49999999999999994,-0.8660254037844387,-0.9963950238187231,-0.08483487790576538,69.98,0.15,74.99,4.533971768769628,-12.959999999999994,73.7075,8.390696857234206,1.980000000000004,60.98,86.0,25.020000000000003,-2.355000000000004
2026-09-16 18:00:00+00:00,2026-09-26 15:00:00+00:00,2026-09-26 11:00:00-04:00,2026,forecast_2026,11,269,36.0,-78.75,0.2.7,2026-09-17 04:00:00+00:00,69.8,35.25,41.097904414685665,28.702095585314332,-3.375,-3.0,10.101104972814749,0.7474093186836596,0.6643638388299199,1020.8,100.0,0.0,237,227,10,1,0.258819045102521,-0.9659258262890682,-0.9963950238187231,-0.08483487790576538,69.98,0.15,74.99,4.533971768769628,-12.959999999999994,73.7075,8.390696857234206,1.980000000000004,60.98,86.0,25.020000000000003,-0.18000000000000682
2026-09-16 18:00:00+00:00,2026-09-26 16:00:00+00:00,2026-09-26 12:00:00-04:00,2026,forecast_2026,12,269,36.0,-78.75,0.2.7,2026-09-17 04:00:00+00:00,71.225,33.458333333333336,41.003048522358625,30.22195147764137,-2.9375,-2.9479166666666665,9.309288997445286,0.7058541591858476,0.7083571881191297,1020.3733333333333,100.0,0.0,238,228,10,0,1.2246467991473532e-16,-1.0,-0.9963950238187231,-0.08483487790576538,69.98,0.15,74.99,4.533971768769628,-12.959999999999994,73.7075,8.390696857234206,1.980000000000004,60.98,86.0,25.020000000000003,1.2449999999999903
2026-09-16 18:00:00+00:00,2026-09-26 17:00:00+00:00,2026-09-26 13:00:00-04:00,2026,forecast_2026,13,269,36.0,-78.75,0.2.7,2026-09-17 04:00:00+00:00,72.65,31.666666666666668,40.82656787654876,31.823432123451248,-2.5,-2.8958333333333335,8.557809225857985,0.6534780786230165,0.7569454410716605,1019.9466666666667,100.0,0.0,239,229,10,0,-0.2588190451025208,-0.9659258262890683,-0.9963950238187231,-0.08483487790576538,69.98,0.15,74.99,4.533971768769628,-12.959999999999994,73.7075,8.390696857234206,1.980000000000004,60.98,86.0,25.020000000000003,2.6700000000000017
2026-09-16 18:00:00+00:00,2026-09-26 18:00:00+00:00,2026-09-26 14:00:00-04:00,2026,forecast_2026,14,269,36.0,-78.75,0.2.7,2026-09-17 04:00:00+00:00,74.075,29.875,40.56008702213954,33.51491297786046,-2.0625,-2.84375,7.858246178155498,0.5871133326399725,0.8095047465187496,1019.52,100.0,0.0,240,230,10,1,-0.4999999999999997,-0.8660254037844388,-0.9963950238187231,-0.08483487790576538,69.98,0.15,74.99,4.533971768769628,-12.959999999999994,73.7075,8.390696857234206,1.980000000000004,60.98,86.0,25.020000000000003,4.094999999999999
2026-09-16 18:00:00+00:00,2026-09-26 19:00:00+00:00,2026-09-26 15:00:00-04:00,2026,forecast_2026,15,269,36.0,-78.75,0.2.7,2026-09-17 04:00:00+00:00,72.575,32.416666666666664,41.36655850510276,31.208441494897244,-2.1145833333333335,-2.6770833333333335,7.631277210112321,0.6198422715713504,0.7847264226297394,1019.0933333333332,100.0,0.0,241,231,10,0,-0.7071067811865471,-0.7071067811865479,-0.9963950238187231,-0.08483487790576538,69.98,0.15,74.99,4.533971768769628,-12.959999999999994,73.7075,8.390696857234206,1.980000000000004,60.98,86.0,25.020000000000003,2.594999999999999
2026-09-16 18:00:00+00:00,2026-09-26 20:00:00+00:00,2026-09-26 16:00:00-04:00,2026,forecast_2026,16,269,36.0,-78.75,0.2.7,2026-09-17 04:00:00+00:00,71.075,34.958333333333336,42.007498020135095,29.067501979864907,-2.1666666666666665,-2.5104166666666665,7.417943925430887,0.6533744859994567,0.7570348611820632,1018.6666666666667,100.0,0.0,242,232,10,0,-0.8660254037844384,-0.5000000000000004,-0.9963950238187231,-0.08483487790576538,69.98,0.15,74.99,4.533971768769628,-12.959999999999994,73.7075,8.390696857234206,1.980000000000004,60.98,86.0,25.020000000000003,1.0949999999999989
2026-09-16 18:00:00+00:00,2026-09-26 21:00:00+00:00,2026-09-26 17:00:00-04:00,2026,forecast_2026,17,269,36.0,-78.75,0.2.7,2026-09-17 04:00:00+00:00,69.575,37.5,42.50393820033558,27.07106179966442,-2.21875,-2.34375,7.219455219493184,0.6874760279133811,0.7262070717394867,1018.24,100.0,0.0,243,233,10,1,-0.9659258262890683,-0.25881904510252063,-0.9963950238187231,-0.08483487790576538,69.98,0.15,74.99,4.533971768769628,-12.959999999999994,73.7075,8.390696857234206,1.980000000000004,60.98,86.0,25.020000000000003,-0.40500000000000114
2026-09-16 18:00:00+00:00,2026-09-26 22:00:00+00:00,2026-09-26 18:00:00-04:00,2026,forecast_2026,18,269,36.0,-78.75,0.2.7,2026-09-17 04:00:00+00:00,67.85,38.416666666666664,41.59476921373787,26.255230786262125,-2.1041666666666665,-2.1614583333333335,6.747772918111825,0.6975467073831065,0.7165393157524482,1018.4533333333333,100.0,0.0,244,234,10,0,-1.0,-1.8369701987210297e-16,-0.9963950238187231,-0.08483487790576538,69.98,0.15,74.99,4.533971768769628,-12.959999999999994,73.7075,8.390696857234206,1.980000000000004,60.98,86.0,25.020000000000003,-2.1300000000000097
2026-09-16 18:00:00+00:00,2026-09-26 23:00:00+00:00,2026-09-26 19:00:00-04:00,2026,forecast_2026,19,269,36.0,-78.75,0.2.7,2026-09-17 04:00:00+00:00,66.125,39.333333333333336,40.66340947233868,25.461590527661322,-1.9895833333333333,-1.9791666666666667,6.277603131900279,0.7089602625218322,0.7052484286866401,1018.6666666666667,100.0,0.0,245,235,10,0,-0.9659258262890684,0.2588190451025203,-0.9963950238187231,-0.08483487790576538,69.98,0.15,74.99,4.533971768769628,-12.959999999999994,73.7075,8.390696857234206,1.980000000000004,60.98,86.0,25.020000000000003,-3.855000000000004
2026-09-16 18:00:00+00:00,2026-09-27 00:00:00+00:00,2026-09-26 20:00:00-04:00,2026,forecast_2026,20,269,36.0,-78.75,0.2.7,2026-09-17 04:00:00+00:00,64.4,40.25,39.71071109731448,24.689288902685526,-1.875,-1.796875,5.809313113268193,0.7219882051154248,0.6919053632356142,1018.88,100.0,0.0,246,236,10,1,-0.8660254037844386,0.5000000000000001,-0.9963950238187231,-0.08483487790576538,69.98,0.15,74.99,4.533971768769628,-12.959999999999994,73.7075,8.390696857234206,1.980000000000004,60.98,86.0,25.020000000000003,-5.579999999999998
2026-09-16 18:00:00+00:00,2026-09-27 01:00:00+00:00,2026-09-26 21:00:00-04:00,2026,forecast_2026,21,269,36.0,-78.75,0.2.7,2026-09-17 04:00:00+00:00,63.95,40.833333333333336,39.67621945549264,24.27378054450736,-1.9479166666666667,-1.8229166666666667,5.967802475667057,0.7301457284035276,0.6832914570621252,1019.0933333333332,100.0,0.0,247,237,10,0,-0.7071067811865477,0.7071067811865474,-0.9963950238187231,-0.08483487790576538,69.98,0.15,74.99,4.533971768769628,-12.959999999999994,73.7075,8.390696857234206,1.980000000000004,60.98,86.0,25.020000000000003,-6.030000000000001
2026-09-16 18:00:00+00:00,2026-09-27 02:00:00+00:00,2026-09-26 22:00:00-04:00,2026,forecast_2026,22,269,36.0,-78.75,0.2.7,2026-09-17 04:00:00+00:00,63.5,41.416666666666664,39.63571293406341,23.864287065936587,-2.0208333333333335,-1.8489583333333333,6.127088263187962,0.7377852626484883,0.6750354851551889,1019.3066666666667,100.0,0.0,248,238,10,0,-0.5000000000000004,0.8660254037844384,-0.9963950238187231,-0.08483487790576538,69.98,0.15,74.99,4.533971768769628,-12.959999999999994,73.7075,8.390696857234206,1.980000000000004,60.98,86.0,25.020000000000003,-6.480000000000004
2026-09-16 18:00:00+00:00,2026-09-27 03:00:00+00:00,2026-09-26 23:00:00-04:00,2026,forecast_2026,23,269,36.0,-78.75,0.2.7,2026-09-17 04:00:00+00:00,63.05,42.0,39.58933925786427,23.46066074213573,-2.09375,-1.875,6.28710994312516,0.744950446844072,0.6671198031439461,1019.52,100.0,0.0,249,239,10,1,-0.25881904510252157,0.9659258262890681,-0.9963950238187231,-0.08483487790576538,69.98,0.15,74.99,4.533971768769628,-12.959999999999994,73.7075,8.390696857234206,1.980000000000004,60.98,86.0,25.020000000000003,-6.930000000000007
2026-09-16 18:00:00+00:00,2026-09-27 04:00:00+00:00,2026-09-27 00:00:00-04:00,2026,forecast_2026,0,270,36.0,-78.75,0.2.7,2026-09-17 04:00:00+00:00,62.1875,42.833333333333336,39.31451531357677,22.87298468642323,-2.1458333333333335,-1.5416666666666667,5.910482159974189,0.8121321290062676,0.5834735684122693,1019.52,100.0,0.0,250,240,11,0,0.0,1.0,-0.9977068927101168,-0.06768276175455162,69.98,0.15,74.99,4.533971768769628,-12.959999999999994,73.7075,8.390696857234206,1.980000000000004,60.98,86.0,25.020000000000003,-7.792500000000004
2026-09-16 18:00:00+00:00,2026-09-27 05:00:00+00:00,2026-09-27 01:00:00-04:00,2026,forecast_2026,1,270,36.0,-78.75,0.2.7,2026-09-17 04:00:00+00:00,61.325,43.666666666666664,39.027455046578524,22.29754495342148,-2.1979166666666665,-1.2083333333333335,5.610612204958369,0.8763035795332393,0.481759313866615,1019.52,100.0,0.0,251,241,11,0,0.25881904510252074,0.9659258262890683,-0.9977068927101168,-0.06768276175455162,69.98,0.15,74.99,4.533971768769628,-12.959999999999994,73.7075,8.390696857234206,1.980000000000004,60.98,86.0,25.020000000000003,-8.655000000000001
2026-09-16 18:00:00+00:00,2026-09-27 06:00:00+00:00,2026-09-27 02:00:00-04:00,2026,forecast_2026,2,270,36.0,-78.75,0.2.7,2026-09-17 04:00:00+00:00,60.4625,44.5,38.72855684955975,21.733943150440247,-2.25,-0.875,5.4003019628634865,0.9320046715412962,0.3624462611549478,1019.52,100.0,0.0,252,242,11,1,0.49999999999999994,0.8660254037844387,-0.9977068927101168,-0.06768276175455162,69.98,0.15,74.99,4.533971768769628,-12.959999999999994,73.7075,8.390696857234206,1.980000000000004,60.98,86.0,25.020000000000003,-9.517500000000005
2026-09-16 18:00:00+00:00,2026-09-27 07:00:00+00:00,2026-09-27 03:00:00-04:00,2026,forecast_2026,3,270,36.0,-78.75,0.2.7,2026-09-17 04:00:00+00:00,59.675,44.833333333333336,38.20319579969633,21.471804200303666,-2.1875,-1.3229166666666667,5.7185405994678336,0.8556900233119563,0.5174887283838979,1019.3066666666667,100.0,0.0,253,243,11,0,0.7071067811865475,0.7071067811865476,-0.9977068927101168,-0.06768276175455162,69.98,0.15,74.99,4.533971768769628,-12.959999999999994,73.7075,8.390696857234206,1.980000000000004,60.98,86.0,25.020000000000003,-10.305000000000007
2026-09-16 18:00:00+00:00,2026-09-27 08:00:00+00:00,2026-09-27 04:00:00-04:00,2026,forecast_2026,4,270,36.0,-78.75,0.2.7,2026-09-17 04:00:00+00:00,58.8875,45.166666666666664,37.675247773180786,21.212252226819217,-2.125,-1.7708333333333335,6.187656794806438,0.7682212795973763,0.6401843996644794,1019.0933333333332,100.0,0.0,254,244,11,0,0.8660254037844386,0.5000000000000001,-0.9977068927101168,-0.06768276175455162,69.98,0.15,74.99,4.533971768769628,-12.959999999999994,73.7075,8.390696857234206,1.980000000000004,60.98,86.0,25.020000000000003,-11.092500000000001
2026-09-16 18:00:00+00:00,2026-09-27 09:00:00+00:00,2026-09-27 05:00:00-04:00,2026,forecast_2026,5,270,36.0,-78.75,0.2.7,2026-09-17 04:00:00+00:00,58.1,45.5,37.1447440108626,20.9552559891374,-2.0625,-2.21875,6.776387780946744,0.6808466769470517,0.7324259706551625,1018.88,100.0,0.0,255,245,11,1,0.9659258262890683,0.25881904510252074,-0.9977068927101168,-0.06768276175455162,69.98,0.15,74.99,4.533971768769628,-12.959999999999994,73.7075,8.390696857234206,1.980000000000004,60.98,86.0,25.020000000000003,-11.880000000000003
2026-09-16 18:00:00+00:00,2026-09-27 10:00:00+00:00,2026-09-27 06:00:00-04:00,2026,forecast_2026,6,270,36.0,-78.75,0.2.7,2026-09-17 04:00:00+00:00,57.2375,47.916666666666664,37.67252988289774,19.564970117102256,-1.9270833333333333,-2.21875,6.573891741950291,0.655739828911088,0.7549869381516855,1019.3066666666667,100.0,0.0,256,246,11,0,1.0,6.123233995736766e-17,-0.9977068927101168,-0.06768276175455162,69.98,0.15,74.99,4.533971768769628,-12.959999999999994,73.7075,8.390696857234206,1.980000000000004,60.98,86.0,25.020000000000003,-12.742500000000007
2026-09-16 18:00:00+00:00,2026-09-27 11:00:00+00:00,2026-09-27 07:00:00-04:00,2026,forecast_2026,7,270,36.0,-78.75,0.2.7,2026-09-17 04:00:00+00:00,56.375,50.333333333333336,38.133607938429854,18.241392061570146,-1.7916666666666667,-2.21875,6.3793567931439865,0.6282520824416188,0.7780098462794475,1019.7333333333332,100.0,0.0,257,247,11,0,0.9659258262890683,-0.25881904510252063,-0.9977068927101168,-0.06768276175455162,69.98,0.15,74.99,4.533971768769628,-12.959999999999994,73.7075,8.390696857234206,1.980000000000004,60.98,86.0,25.020000000000003,-13.605000000000004
2026-09-16 18:00:00+00:00,2026-09-27 12:00:00+00:00,2026-09-27 08:00:00-04:00,2026,forecast_2026,8,270,36.0,-78.75,0.2.7,2026-09-17 04:00:00+00:00,55.5125,52.75,38.53365110153024,16.978848898469764,-1.65625,-2.21875,6.193533138347984,0.5981926068620859,0.8013523601360029,1020.16,100.0,0.0,258,248,11,1,0.8660254037844387,-0.4999999999999998,-0.9977068927101168,-0.06768276175455162,69.98,0.15,74.99,4.533971768769628,-12.959999999999994,73.7075,8.390696857234206,1.980000000000004,60.98,86.0,25.020000000000003,-14.467500000000001
2026-09-16 18:00:00+00:00,2026-09-27 13:00:00+00:00,2026-09-27 09:00:00-04:00,2026,forecast_2026,9,270,36.0,-78.75,0.2.7,2026-09-17 04:00:00+00:00,58.55,48.666666666666664,39.27430318087813,19.27569681912187,-2.1979166666666665,-2.46875,7.393933715941876,0.6649504509321396,0.7468874733218815,1019.9466666666667,100.0,0.0,259,249,11,0,0.7071067811865476,-0.7071067811865475,-0.9977068927101168,-0.06768276175455162,69.98,0.15,74.99,4.533971768769628,-12.959999999999994,73.7075,8.390696857234206,1.980000000000004,60.98,86.0,25.020000000000003,-11.430000000000007
2026-09-16 18:00:00+00:00,2026-09-27 14:00:00+00:00,2026-09-27 10:00:00-04:00,2026,forecast_2026,10,270,36.0,-78.75,0.2.7,2026-09-17 04:00:00+00:00,61.5875,44.583333333333336,39.7990395209081,21.788460479091896,-2.739583333333333,-2.71875,8.633797036543278,0.7098004918927628,0.7044027695209552,1019.7333333333332,100.0,0.0,260,250,11,0,0.49999999999999994,-0.8660254037844387,-0.9977068927101168,-0.06768276175455162,69.98,0.15,74.99,4.533971768769628,-12.959999999999994,73.7075,8.390696857234206,1.980000000000004,60.98,86.0,25.020000000000003,-8.392500000000005
2026-09-16 18:00:00+00:00,2026-09-27 15:00:00+00:00,2026-09-27 11:00:00-04:00,2026,forecast_2026,11,270,36.0,-78.75,0.2.7,2026-09-17 04:00:00+00:00,64.625,40.5,40.07204066538425,24.55295933461575,-3.28125,-2.96875,9.898304862614559,0.7415357791237708,0.6709133239691266,1019.52,100.0,0.0,261,251,11,1,0.258819045102521,-0.9659258262890682,-0.9977068927101168,-0.06768276175455162,69.98,0.15,74.99,4.533971768769628,-12.959999999999994,73.7075,8.390696857234206,1.980000000000004,60.98,86.0,25.020000000000003,-5.355000000000004
2026-09-16 18:00:00+00:00,2026-09-27 16:00:00+00:00,2026-09-27 12:00:00-04:00,2026,forecast_2026,12,270,36.0,-78.75,0.2.7,2026-09-17 04:00:00+00:00,65.825,38.833333333333336,40.065314487595494,25.75968551240451,-3.2708333333333335,-2.7395833333333335,9.544057850722973,0.7666179211225497,0.6421035453988244,1019.0933333333332,100.0,0.0,262,252,11,0,1.2246467991473532e-16,-1.0,-0.9977068927101168,-0.06768276175455162,69.98,0.15,74.99,4.533971768769628,-12.959999999999994,73.7075,8.390696857234206,1.980000000000004,60.98,86.0,25.020000000000003,-4.155000000000001
2026-09-16 18:00:00+00:00,2026-09-27 17:00:00+00:00,2026-09-27 13:00:00-04:00,2026,forecast_2026,13,270,36.0,-78.75,0.2.7,2026-09-17 04:00:00+00:00,67.025,37.166666666666664,40.00566989674111,27.019330103258895,-3.2604166666666665,-2.5104166666666665,9.204798142179511,0.7923415870973985,0.610077707637294,1018.6666666666667,100.0,0.0,263,253,11,0,-0.2588190451025208,-0.9659258262890683,-0.9977068927101168,-0.06768276175455162,69.98,0.15,74.99,4.533971768769628,-12.959999999999994,73.7075,8.390696857234206,1.980000000000004,60.98,86.0,25.020000000000003,-2.9549999999999983
2026-09-16 18:00:00+00:00,2026-09-27 18:00:00+00:00,2026-09-27 14:00:00-04:00,2026,forecast_2026,14,270,36.0,-78.75,0.2.7,2026-09-17 04:00:00+00:00,68.225,35.5,39.888837448437705,28.33616255156229,-3.25,-2.28125,8.882243235480143,0.818491765699074,0.5745182586156964,1018.24,100.0,0.0,264,254,11,1,-0.4999999999999997,-0.8660254037844388,-0.9977068927101168,-0.06768276175455162,69.98,0.15,74.99,4.533971768769628,-12.959999999999994,73.7075,8.390696857234206,1.980000000000004,60.98,86.0,25.020000000000003,-1.7550000000000097
2026-09-16 18:00:00+00:00,2026-09-27 19:00:00+00:00,2026-09-27 15:00:00-04:00,2026,forecast_2026,15,270,36.0,-78.75,0.2.7,2026-09-17 04:00:00+00:00,68.3,36.416666666666664,40.61210821941998,27.687891780580017,-3.2916666666666665,-2.40625,9.120861474428589,0.807297495818365,0.590144688398868,1017.6,100.0,0.0,265,255,11,0,-0.7071067811865471,-0.7071067811865479,-0.9977068927101168,-0.06768276175455162,69.98,0.15,74.99,4.533971768769628,-12.959999999999994,73.7075,8.390696857234206,1.980000000000004,60.98,86.0,25.020000000000003,-1.6800000000000068
2026-09-16 18:00:00+00:00,2026-09-27 20:00:00+00:00,2026-09-27 16:00:00-04:00,2026,forecast_2026,16,270,36.0,-78.75,0.2.7,2026-09-17 04:00:00+00:00,68.375,37.333333333333336,41.321300837725396,27.053699162274604,-3.3333333333333335,-2.53125,9.362677456184349,0.7964019204701722,0.6047677083570364,1016.96,100.0,0.0,266,256,11,0,-0.8660254037844384,-0.5000000000000004,-0.9977068927101168,-0.06768276175455162,69.98,0.15,74.99,4.533971768769628,-12.959999999999994,73.7075,8.390696857234206,1.980000000000004,60.98,86.0,25.020000000000003,-1.605000000000004
2026-09-16 18:00:00+00:00,2026-09-27 21:00:00+00:00,2026-09-27 17:00:00-04:00,2026,forecast_2026,17,270,36.0,-78.75,0.2.7,2026-09-17 04:00:00+00:00,68.45,38.25,42.017068350246724,26.43293164975328,-3.375,-2.65625,9.607449725744793,0.7858131139060768,0.6184640248334864,1016.32,100.0,0.0,267,257,11,1,-0.9659258262890683,-0.25881904510252063,-0.9977068927101168,-0.06768276175455162,69.98,0.15,74.99,4.533971768769628,-12.959999999999994,73.7075,8.390696857234206,1.980000000000004,60.98,86.0,25.020000000000003,-1.5300000000000011
2026-09-16 18:00:00+00:00,2026-09-27 22:00:00+00:00,2026-09-27 18:00:00-04:00,2026,forecast_2026,18,270,36.0,-78.75,0.2.7,2026-09-17 04:00:00+00:00,65.6,43.083333333333336,42.551720092163606,23.04827990783639,-2.875,-2.6458333333333335,8.740113736449628,0.7358247310713888,0.6771720351164232,1016.5333333333333,100.0,0.0,268,258,11,0,-1.0,-1.8369701987210297e-16,-0.9977068927101168,-0.06768276175455162,69.98,0.15,74.99,4.533971768769628,-12.959999999999994,73.7075,8.390696857234206,1.980000000000004,60.98,86.0,25.020000000000003,-4.38000000000001
2026-09-16 18:00:00+00:00,2026-09-27 23:00:00+00:00,2026-09-27 19:00:00-04:00,2026,forecast_2026,19,270,36.0,-78.75,0.2.7,2026-09-17 04:00:00+00:00,62.75,47.916666666666664,42.726164479064884,20.023835520935116,-2.375,-2.6354166666666665,7.935938124702912,0.6694512495116114,0.7428559917826215,1016.7466666666667,100.0,0.0,269,259,11,0,-0.9659258262890684,0.2588190451025203,-0.9977068927101168,-0.06768276175455162,69.98,0.15,74.99,4.533971768769628,-12.959999999999994,73.7075,8.390696857234206,1.980000000000004,60.98,86.0,25.020000000000003,-7.230000000000004
2026-09-16 18:00:00+00:00,2026-09-28 00:00:00+00:00,2026-09-27 20:00:00-04:00,2026,forecast_2026,20,270,36.0,-78.75,0.2.7,2026-09-17 04:00:00+00:00,59.9,52.75,42.602478454873115,17.297521545126884,-1.875,-2.625,7.216070094714078,0.5812381937190964,0.813733471206735,1016.96,100.0,0.0,270,260,11,1,-0.8660254037844386,0.5000000000000001,-0.9977068927101168,-0.06768276175455162,69.98,0.15,74.99,4.533971768769628,-12.959999999999994,73.7075,8.390696857234206,1.980000000000004,60.98,86.0,25.020000000000003,-10.080000000000005
2026-09-16 18:00:00+00:00,2026-09-28 01:00:00+00:00,2026-09-27 21:00:00-04:00,2026,forecast_2026,21,270,36.0,-78.75,0.2.7,2026-09-17 04:00:00+00:00,59.15,55.0,42.994041233724666,16.155958766275333,-2.21875,-2.40625,7.321616059399689,0.6778834560197685,0.735169381880594,1016.96,100.0,0.0,271,261,11,0,-0.7071067811865477,0.7071067811865474,-0.9977068927101168,-0.06768276175455162,69.98,0.15,74.99,4.533971768769628,-12.959999999999994,73.7075,8.390696857234206,1.980000000000004,60.98,86.0,25.020000000000003,-10.830000000000005
2026-09-16 18:00:00+00:00,2026-09-28 02:00:00+00:00,2026-09-27 22:00:00-04:00,2026,forecast_2026,22,270,36.0,-78.75,0.2.7,2026-09-17 04:00:00+00:00,58.4,57.25,43.34026731052168,15.059732689478317,-2.5625,-2.1875,7.5367036349899,0.7605645022019076,0.6492623799284574,1016.96,100.0,0.0,272,262,11,0,-0.5000000000000004,0.8660254037844384,-0.9977068927101168,-0.06768276175455162,69.98,0.15,74.99,4.533971768769628,-12.959999999999994,73.7075,8.390696857234206,1.980000000000004,60.98,86.0,25.020000000000003,-11.580000000000005
2026-09-16 18:00:00+00:00,2026-09-28 03:00:00+00:00,2026-09-27 23:00:00-04:00,2026,forecast_2026,23,270,36.0,-78.75,0.2.7,2026-09-17 04:00:00+00:00,57.65,59.5,43.644313082112106,14.005686917887893,-2.90625,-1.96875,7.852336435294815,0.8279186904883318,0.5608481451695154,1016.96,100.0,0.0,273,263,11,1,-0.25881904510252157,0.9659258262890681,-0.9977068927101168,-0.06768276175455162,69.98,0.15,74.99,4.533971768769628,-12.959999999999994,73.7075,8.390696857234206,1.980000000000004,60.98,86.0,25.020000000000003,-12.330000000000005
2026-09-16 18:00:00+00:00,2026-09-28 04:00:00+00:00,2026-09-28 00:00:00-04:00,2026,forecast_2026,0,271,36.0,-78.75,0.2.7,2026-09-17 04:00:00+00:00,56.975,62.666666666666664,44.36623994237341,12.60876005762659,-2.78125,-2.1666666666666665,7.886523761966658,0.7888746994309253,0.6145540729649159,1016.7466666666667,100.0,0.0,274,264,12,0,0.0,1.0,-0.9987235240803972,-0.050510617185222886,69.98,0.15,74.99,4.533971768769628,-12.959999999999994,73.7075,8.390696857234206,1.980000000000004,60.98,86.0,25.020000000000003,-13.005000000000003
2026-09-16 18:00:00+00:00,2026-09-28 05:00:00+00:00,2026-09-28 01:00:00-04:00,2026,forecast_2026,1,271,36.0,-78.75,0.2.7,2026-09-17 04:00:00+00:00,56.3,65.83333333333333,45.02131570727955,11.278684292720449,-2.65625,-2.3645833333333335,7.955106053669292,0.7469243006545236,0.6649090833277514,1016.5333333333333,100.0,0.0,275,265,12,0,0.25881904510252074,0.9659258262890683,-0.9987235240803972,-0.050510617185222886,69.98,0.15,74.99,4.533971768769628,-12.959999999999994,73.7075,8.390696857234206,1.980000000000004,60.98,86.0,25.020000000000003,-13.680000000000007
2026-09-16 18:00:00+00:00,2026-09-28 06:00:00+00:00,2026-09-28 02:00:00-04:00,2026,forecast_2026,2,271,36.0,-78.75,0.2.7,2026-09-17 04:00:00+00:00,55.625,69.0,45.615279776909965,10.009720223090035,-2.53125,-2.5625,8.057205056608757,0.7027554777966537,0.7114314713496985,1016.32,100.0,0.0,276,266,12,1,0.49999999999999994,0.8660254037844387,-0.9987235240803972,-0.050510617185222886,69.98,0.15,74.99,4.533971768769628,-12.959999999999994,73.7075,8.390696857234206,1.980000000000004,60.98,86.0,25.020000000000003,-14.355000000000004
2026-09-16 18:00:00+00:00,2026-09-28 07:00:00+00:00,2026-09-28 03:00:00-04:00,2026,forecast_2026,3,271,36.0,-78.75,0.2.7,2026-09-17 04:00:00+00:00,56.0,69.5,46.165096214295374,9.834903785704626,-2.4479166666666665,-2.9791666666666665,8.62533454777624,0.6348546367982059,0.7726316005288795,1015.68,100.0,0.0,277,267,12,0,0.7071067811865475,0.7071067811865476,-0.9987235240803972,-0.050510617185222886,69.98,0.15,74.99,4.533971768769628,-12.959999999999994,73.7075,8.390696857234206,1.980000000000004,60.98,86.0,25.020000000000003,-13.980000000000004
2026-09-16 18:00:00+00:00,2026-09-28 08:00:00+00:00,2026-09-28 04:00:00-04:00,2026,forecast_2026,4,271,36.0,-78.75,0.2.7,2026-09-17 04:00:00+00:00,56.375,70.0,46.71429682678198,9.660703173218018,-2.3645833333333335,-3.3958333333333335,9.256413825011373,0.5714332109513052,0.8206485760798475,1015.04,100.0,0.0,278,268,12,0,0.8660254037844386,0.5000000000000001,-0.9987235240803972,-0.050510617185222886,69.98,0.15,74.99,4.533971768769628,-12.959999999999994,73.7075,8.390696857234206,1.980000000000004,60.98,86.0,25.020000000000003,-13.605000000000004
2026-09-16 18:00:00+00:00,2026-09-28 09:00:00+00:00,2026-09-28 05:00:00-04:00,2026,forecast_2026,5,271,36.0,-78.75,0.2.7,2026-09-17 04:00:00+00:00,56.75,70.5,47.26289323694993,9.487106763050072,-2.28125,-3.8125,9.938458423751625,0.513461011624657,0.8581129235370971,1014.4,100.0,0.0,279,269,12,1,0.9659258262890683,0.25881904510252074,-0.9987235240803972,-0.050510617185222886,69.98,0.15,74.99,4.533971768769628,-12.959999999999994,73.7075,8.390696857234206,1.980000000000004,60.98,86.0,25.020000000000003,-13.230000000000004
2026-09-16 18:00:00+00:00,2026-09-28 10:00:00+00:00,2026-09-28 06:00:00-04:00,2026,forecast_2026,6,271,36.0,-78.75,0.2.7,2026-09-17 04:00:00+00:00,57.1625,70.66666666666667,47.72151561226042,9.440984387739583,-2.4895833333333335,-4.0,10.53927618180887,0.5284081386954675,0.8489904822554794,1014.6133333333332,100.0,0.0,280,270,12,0,1.0,6.123233995736766e-17,-0.9987235240803972,-0.050510617185222886,69.98,0.15,74.99,4.533971768769628,-12.959999999999994,73.7075,8.390696857234206,1.980000000000004,60.98,86.0,25.020000000000003,-12.817500000000003
2026-09-16 18:00:00+00:00,2026-09-28 11:00:00+00:00,2026-09-28 07:00:00-04:00,2026,forecast_2026,7,271,36.0,-78.75,0.2.7,2026-09-17 04:00:00+00:00,57.575,70.83333333333333,48.18021232111409,9.394787678885912,-2.6979166666666665,-4.1875,11.142976691736363,0.5416028294379099,0.8406345074673358,1014.8266666666667,100.0,0.0,281,271,12,0,0.9659258262890683,-0.25881904510252063,-0.9987235240803972,-0.050510617185222886,69.98,0.15,74.99,4.533971768769628,-12.959999999999994,73.7075,8.390696857234206,1.980000000000004,60.98,86.0,25.020000000000003,-12.405000000000001
2026-09-16 18:00:00+00:00,2026-09-28 12:00:00+00:00,2026-09-28 08:00:00-04:00,2026,forecast_2026,8,271,36.0,-78.75,0.2.7,2026-09-17 04:00:00+00:00,57.9875,71.0,48.63898358264301,9.34851641735699,-2.90625,-4.375,11.749115591781711,0.5533264225717976,0.8329645070973292,1015.04,100.0,0.0,282,272,12,1,0.8660254037844387,-0.4999999999999998,-0.9987235240803972,-0.050510617185222886,69.98,0.15,74.99,4.533971768769628,-12.959999999999994,73.7075,8.390696857234206,1.980000000000004,60.98,86.0,25.020000000000003,-11.992500000000007
2026-09-16 18:00:00+00:00,2026-09-28 13:00:00+00:00,2026-09-28 09:00:00-04:00,2026,forecast_2026,9,271,36.0,-78.75,0.2.7,2026-09-17 04:00:00+00:00,60.5,65.16666666666667,48.74525706134933,11.754742938650672,-3.4166666666666665,-4.291666666666667,12.270979833141464,0.6228406996381288,0.7823486836917962,1015.04,100.0,0.0,283,273,12,0,0.7071067811865476,-0.7071067811865475,-0.9987235240803972,-0.050510617185222886,69.98,0.15,74.99,4.533971768769628,-12.959999999999994,73.7075,8.390696857234206,1.980000000000004,60.98,86.0,25.020000000000003,-9.480000000000004
2026-09-16 18:00:00+00:00,2026-09-28 14:00:00+00:00,2026-09-28 10:00:00-04:00,2026,forecast_2026,10,271,36.0,-78.75,0.2.7,2026-09-17 04:00:00+00:00,63.0125,59.333333333333336,48.61058338633838,14.401916613661626,-3.927083333333333,-4.208333333333333,12.87590574727467,0.6822537693796549,0.7311154451707697,1015.04,100.0,0.0,284,274,12,0,0.49999999999999994,-0.8660254037844387,-0.9987235240803972,-0.050510617185222886,69.98,0.15,74.99,4.533971768769628,-12.959999999999994,73.7075,8.390696857234206,1.980000000000004,60.98,86.0,25.020000000000003,-6.967500000000001
2026-09-16 18:00:00+00:00,2026-09-28 15:00:00+00:00,2026-09-28 11:00:00-04:00,2026,forecast_2026,11,271,36.0,-78.75,0.2.7,2026-09-17 04:00:00+00:00,65.525,53.5,48.191281663190246,17.33371833680976,-4.4375,-4.125,13.552775561893489,0.7324259706551625,0.6808466769470518,1015.04,100.0,0.0,285,275,12,1,0.258819045102521,-0.9659258262890682,-0.9987235240803972,-0.050510617185222886,69.98,0.15,74.99,4.533971768769628,-12.959999999999994,73.7075,8.390696857234206,1.980000000000004,60.98,86.0,25.020000000000003,-4.454999999999998
2026-09-16 18:00:00+00:00,2026-09-28 16:00:00+00:00,2026-09-28 12:00:00-04:00,2026,forecast_2026,12,271,36.0,-78.75,0.2.7,2026-09-17 04:00:00+00:00,67.1,50.833333333333336,48.282870756027684,18.81712924397231,-4.604166666666667,-4.041666666666667,13.704483921295504,0.7515224630480062,0.6597075014991554,1014.1866666666667,100.0,0.0,286,276,12,0,1.2246467991473532e-16,-1.0,-0.9987235240803972,-0.050510617185222886,69.98,0.15,74.99,4.533971768769628,-12.959999999999994,73.7075,8.390696857234206,1.980000000000004,60.98,86.0,25.020000000000003,-2.8800000000000097
2026-09-16 18:00:00+00:00,2026-09-28 17:00:00+00:00,2026-09-28 13:00:00-04:00,2026,forecast_2026,13,271,36.0,-78.75,0.2.7,2026-09-17 04:00:00+00:00,68.675,48.166666666666664,48.29121228904323,20.383787710956767,-4.770833333333333,-3.9583333333333335,13.86706622215834,0.7695968314929668,0.6385301221994043,1013.3333333333333,100.0,0.0,287,277,12,0,-0.2588190451025208,-0.9659258262890683,-0.9987235240803972,-0.050510617185222886,69.98,0.15,74.99,4.533971768769628,-12.959999999999994,73.7075,8.390696857234206,1.980000000000004,60.98,86.0,25.020000000000003,-1.3050000000000068
2026-09-16 18:00:00+00:00,2026-09-28 18:00:00+00:00,2026-09-28 14:00:00-04:00,2026,forecast_2026,14,271,36.0,-78.75,0.2.7,2026-09-17 04:00:00+00:00,70.25,45.5,48.20800932884677,22.04199067115323,-4.9375,-3.875,14.040144714820098,0.786663753569446,0.6173816800165276,1012.48,100.0,0.0,288,278,12,1,-0.4999999999999997,-0.8660254037844388,-0.9987235240803972,-0.050510617185222886,69.98,0.15,74.99,4.533971768769628,-12.959999999999994,73.7075,8.390696857234206,1.980000000000004,60.98,86.0,25.020000000000003,0.269999999999996
2026-09-16 18:00:00+00:00,2026-09-28 19:00:00+00:00,2026-09-28 15:00:00-04:00,2026,forecast_2026,15,271,36.0,-78.75,0.2.7,2026-09-17 04:00:00+00:00,69.575,48.083333333333336,49.069021193473546,20.505978806526457,-4.9375,-4.020833333333333,14.243858830660653,0.7754129743439977,0.6314544474615684,1012.0533333333333,100.0,0.0,289,279,12,0,-0.7071067811865471,-0.7071067811865479,-0.9987235240803972,-0.050510617185222886,69.98,0.15,74.99,4.533971768769628,-12.959999999999994,73.7075,8.390696857234206,1.980000000000004,60.98,86.0,25.020000000000003,-0.40500000000000114
2026-09-16 18:00:00+00:00,2026-09-28 20:00:00+00:00,2026-09-28 16:00:00-04:00,2026,forecast_2026,16,271,36.0,-78.75,0.2.7,2026-09-17 04:00:00+00:00,68.9,50.666666666666664,49.8538055785866,19.046194421413404,-4.9375,-4.166666666666667,14.452065733914468,0.7642418146562779,0.6449298013977021,1011.6266666666667,100.0,0.0,290,280,12,0,-0.8660254037844384,-0.5000000000000004,-0.9987235240803972,-0.050510617185222886,69.98,0.15,74.99,4.533971768769628,-12.959999999999994,73.7075,8.390696857234206,1.980000000000004,60.98,86.0,25.020000000000003,-1.0799999999999983
2026-09-16 18:00:00+00:00,2026-09-28 21:00:00+00:00,2026-09-28 17:00:00-04:00,2026,forecast_2026,17,271,36.0,-78.75,0.2.7,2026-09-17 04:00:00+00:00,68.225,53.25,50.569306004369636,17.655693995630358,-4.9375,-4.3125,14.664574060704131,0.7531669788906417,0.6578293866260033,1011.2,100.0,0.0,291,281,12,1,-0.9659258262890683,-0.25881904510252063,-0.9987235240803972,-0.050510617185222886,69.98,0.15,74.99,4.533971768769628,-12.959999999999994,73.7075,8.390696857234206,1.980000000000004,60.98,86.0,25.020000000000003,-1.7550000000000097
2026-09-16 18:00:00+00:00,2026-09-28 22:00:00+00:00,2026-09-28 18:00:00-04:00,2026,forecast_2026,18,271,36.0,-78.75,0.2.7,2026-09-17 04:00:00+00:00,67.175,57.5,51.667774645577616,15.507225354422381,-4.645833333333333,-4.020833333333333,13.744124697287543,0.7561364160367662,0.6544140282291284,1011.4133333333333,100.0,0.0,292,282,12,0,-1.0,-1.8369701987210297e-16,-0.9987235240803972,-0.050510617185222886,69.98,0.15,74.99,4.533971768769628,-12.959999999999994,73.7075,8.390696857234206,1.980000000000004,60.98,86.0,25.020000000000003,-2.805000000000007
2026-09-16 18:00:00+00:00,2026-09-28 23:00:00+00:00,2026-09-28 19:00:00-04:00,2026,forecast_2026,19,271,36.0,-78.75,0.2.7,2026-09-17 04:00:00+00:00,66.125,61.75,52.618022405888475,13.506977594111525,-4.354166666666667,-3.7291666666666665,12.823997252279591,0.7595130634162311,0.6504920495287333,1011.6266666666667,100.0,0.0,293,283,12,0,-0.9659258262890684,0.2588190451025203,-0.9987235240803972,-0.050510617185222886,69.98,0.15,74.99,4.533971768769628,-12.959999999999994,73.7075,8.390696857234206,1.980000000000004,60.98,86.0,25.020000000000003,-3.855000000000004
2026-09-16 18:00:00+00:00,2026-09-29 00:00:00+00:00,2026-09-28 20:00:00-04:00,2026,forecast_2026,20,271,36.0,-78.75,0.2.7,2026-09-17 04:00:00+00:00,65.075,66.0,53.43807110482989,11.636928895170115,-4.0625,-3.4375,11.904266372924111,0.7633862853691149,0.6459422414661733,1011.84,100.0,0.0,294,284,12,1,-0.8660254037844386,0.5000000000000001,-0.9987235240803972,-0.050510617185222886,69.98,0.15,74.99,4.533971768769628,-12.959999999999994,73.7075,8.390696857234206,1.980000000000004,60.98,86.0,25.020000000000003,-4.905000000000001
2026-09-16 18:00:00+00:00,2026-09-29 01:00:00+00:00,2026-09-28 21:00:00-04:00,2026,forecast_2026,21,271,36.0,-78.75,0.2.7,2026-09-17 04:00:00+00:00,64.775,66.66666666666667,53.42705309226148,11.347946907738525,-3.9583333333333335,-3.6145833333333335,11.990816398089292,0.7384434216500012,0.6743154402961855,1011.84,100.0,0.0,295,285,12,0,-0.7071067811865477,0.7071067811865474,-0.9987235240803972,-0.050510617185222886,69.98,0.15,74.99,4.533971768769628,-12.959999999999994,73.7075,8.390696857234206,1.980000000000004,60.98,86.0,25.020000000000003,-5.204999999999998
2026-09-16 18:00:00+00:00,2026-09-29 02:00:00+00:00,2026-09-28 22:00:00-04:00,2026,forecast_2026,22,271,36.0,-78.75,0.2.7,2026-09-17 04:00:00+00:00,64.475,67.33333333333333,53.4129399063757,11.062060093624297,-3.8541666666666665,-3.7916666666666665,12.094222496740855,0.712863129036722,0.7013031864036936,1011.84,100.0,0.0,296,286,12,0,-0.5000000000000004,0.8660254037844384,-0.9987235240803972,-0.050510617185222886,69.98,0.15,74.99,4.533971768769628,-12.959999999999994,73.7075,8.390696857234206,1.980000000000004,60.98,86.0,25.020000000000003,-5.50500000000001
2026-09-16 18:00:00+00:00,2026-09-29 03:00:00+00:00,2026-09-28 23:00:00-04:00,2026,forecast_2026,23,271,36.0,-78.75,0.2.7,2026-09-17 04:00:00+00:00,64.175,68.0,53.395785233486336,10.779214766513661,-3.75,-3.96875,12.214056557978127,0.6867915712838819,0.7268544129421081,1011.84,100.0,0.0,297,287,12,1,-0.25881904510252157,0.9659258262890681,-0.9987235240803972,-0.050510617185222886,69.98,0.15,74.99,4.533971768769628,-12.959999999999994,73.7075,8.390696857234206,1.980000000000004,60.98,86.0,25.020000000000003,-5.805000000000007
2026-09-16 18:00:00+00:00,2026-09-29 04:00:00+00:00,2026-09-29 00:00:00-04:00,2026,forecast_2026,0,272,36.0,-78.75,0.2.7,2026-09-17 04:00:00+00:00,63.875,69.16666666666667,53.57383634468269,10.30116365531731,-3.875,-4.229166666666667,12.831023613560376,0.6755601417918009,0.7373048859340631,1011.6266666666667,100.0,0.0,298,288,13,0,0.0,1.0,-0.9994446170919858,-0.033323525711631344,69.98,0.15,74.99,4.533971768769628,-12.959999999999994,73.7075,8.390696857234206,1.980000000000004,60.98,86.0,25.020000000000003,-6.105000000000004
2026-09-16 18:00:00+00:00,2026-09-29 05:00:00+00:00,2026-09-29 01:00:00-04:00,2026,forecast_2026,1,272,36.0,-78.75,0.2.7,2026-09-17 04:00:00+00:00,63.575,70.33333333333333,53.743875961580045,9.831124038419958,-4.0,-4.489583333333333,13.450733173948997,0.6652236017548357,0.7466441988446195,1011.4133333333333,100.0,0.0,299,289,13,0,0.25881904510252074,0.9659258262890683,-0.9994446170919858,-0.033323525711631344,69.98,0.15,74.99,4.533971768769628,-12.959999999999994,73.7075,8.390696857234206,1.980000000000004,60.98,86.0,25.020000000000003,-6.405000000000001
2026-09-16 18:00:00+00:00,2026-09-29 06:00:00+00:00,2026-09-29 02:00:00-04:00,2026,forecast_2026,2,272,36.0,-78.75,0.2.7,2026-09-17 04:00:00+00:00,63.275,71.5,53.90614167679495,9.368858323205046,-4.125,-4.75,14.072822937725489,0.655686655446243,0.7550331183926436,1011.2,100.0,0.0,300,290,13,1,0.49999999999999994,0.8660254037844387,-0.9994446170919858,-0.033323525711631344,69.98,0.15,74.99,4.533971768769628,-12.959999999999994,73.7075,8.390696857234206,1.980000000000004,60.98,86.0,25.020000000000003,-6.705000000000005
2026-09-16 18:00:00+00:00,2026-09-29 07:00:00+00:00,2026-09-29 03:00:00-04:00,2026,forecast_2026,3,272,36.0,-78.75,0.2.7,2026-09-17 04:00:00+00:00,63.425,73.16666666666667,54.68212139157021,8.742878608429784,-3.9166666666666665,-4.729166666666667,13.73582622586644,0.6378454172671179,0.7701644134023178,1010.9866666666667,100.0,0.0,301,291,13,0,0.7071067811865475,0.7071067811865476,-0.9994446170919858,-0.033323525711631344,69.98,0.15,74.99,4.533971768769628,-12.959999999999994,73.7075,8.390696857234206,1.980000000000004,60.98,86.0,25.020000000000003,-6.555000000000007
2026-09-16 18:00:00+00:00,2026-09-29 08:00:00+00:00,2026-09-29 04:00:00-04:00,2026,forecast_2026,4,272,36.0,-78.75,0.2.7,2026-09-17 04:00:00+00:00,63.575,74.83333333333333,55.44633339124984,8.128666608750166,-3.7083333333333335,-4.708333333333333,13.406722468801675,0.6187422344030858,0.7855940728938049,1010.7733333333333,100.0,0.0,302,292,13,0,0.8660254037844386,0.5000000000000001,-0.9994446170919858,-0.033323525711631344,69.98,0.15,74.99,4.533971768769628,-12.959999999999994,73.7075,8.390696857234206,1.980000000000004,60.98,86.0,25.020000000000003,-6.405000000000001
2026-09-16 18:00:00+00:00,2026-09-29 09:00:00+00:00,2026-09-29 05:00:00-04:00,2026,forecast_2026,5,272,36.0,-78.75,0.2.7,2026-09-17 04:00:00+00:00,63.725,76.5,56.1992794459085,7.5257205540914995,-3.5,-4.6875,13.086107182099152,0.598289232484683,0.8012802220777003,1010.56,100.0,0.0,303,293,13,1,0.9659258262890683,0.25881904510252074,-0.9994446170919858,-0.033323525711631344,69.98,0.15,74.99,4.533971768769628,-12.959999999999994,73.7075,8.390696857234206,1.980000000000004,60.98,86.0,25.020000000000003,-6.255000000000003
2026-09-16 18:00:00+00:00,2026-09-29 10:00:00+00:00,2026-09-29 06:00:00-04:00,2026,forecast_2026,6,272,36.0,-78.75,0.2.7,2026-09-17 04:00:00+00:00,63.8,77.66666666666667,56.69079356902606,7.109206430973934,-3.5833333333333335,-4.770833333333333,13.347056463645748,0.6005585127847819,0.7995808106262499,1010.9866666666667,100.0,0.0,304,294,13,0,1.0,6.123233995736766e-17,-0.9994446170919858,-0.033323525711631344,69.98,0.15,74.99,4.533971768769628,-12.959999999999994,73.7075,8.390696857234206,1.980000000000004,60.98,86.0,25.020000000000003,-6.180000000000007
2026-09-16 18:00:00+00:00,2026-09-29 11:00:00+00:00,2026-09-29 07:00:00-04:00,2026,forecast_2026,7,272,36.0,-78.75,0.2.7,2026-09-17 04:00:00+00:00,63.875,78.83333333333333,57.17706733653768,6.697932663462318,-3.6666666666666665,-4.854166666666667,13.608108909146189,0.6027361915085832,0.797940526258523,1011.4133333333333,100.0,0.0,305,295,13,0,0.9659258262890683,-0.25881904510252063,-0.9994446170919858,-0.033323525711631344,69.98,0.15,74.99,4.533971768769628,-12.959999999999994,73.7075,8.390696857234206,1.980000000000004,60.98,86.0,25.020000000000003,-6.105000000000004
2026-09-16 18:00:00+00:00,2026-09-29 12:00:00+00:00,2026-09-29 08:00:00-04:00,2026,forecast_2026,8,272,36.0,-78.75,0.2.7,2026-09-17 04:00:00+00:00,63.95,80.0,57.65824880780343,6.291751192196571,-3.75,-4.9375,13.869258693228533,0.6048276465777921,0.7963564013274267,1011.84,100.0,0.0,306,296,13,1,0.8660254037844387,-0.4999999999999998,-0.9994446170919858,-0.033323525711631344,69.98,0.15,74.99,4.533971768769628,-12.959999999999994,73.7075,8.390696857234206,1.980000000000004,60.98,86.0,25.020000000000003,-6.030000000000001
2026-09-16 18:00:00+00:00,2026-09-29 13:00:00+00:00,2026-09-29 09:00:00-04:00,2026,forecast_2026,9,272,36.0,-78.75,0.2.7,2026-09-17 04:00:00+00:00,64.85,80.16666666666667,58.592382754983596,6.257617245016398,-4.0,-4.5625,13.572951972242123,0.6592335393594947,0.7519382558319224,1012.0533333333333,100.0,0.013875961303710936,307,297,13,0,0.7071067811865476,-0.7071067811865475,-0.9994446170919858,-0.033323525711631344,69.98,0.15,74.99,4.533971768769628,-12.959999999999994,73.7075,8.390696857234206,1.980000000000004,60.98,86.0,25.020000000000003,-5.13000000000001
2026-09-16 18:00:00+00:00,2026-09-29 14:00:00+00:00,2026-09-29 10:00:00-04:00,2026,forecast_2026,10,272,36.0,-78.75,0.2.7,2026-09-17 04:00:00+00:00,65.75,80.33333333333333,59.52680444786325,6.223195552136751,-4.25,-4.1875,13.346405570287954,0.7123250669375609,0.7018496983061255,1012.2666666666668,100.0,0.02775192260742187,308,298,13,0,0.49999999999999994,-0.8660254037844387,-0.9994446170919858,-0.033323525711631344,69.98,0.15,74.99,4.533971768769628,-12.959999999999994,73.7075,8.390696857234206,1.980000000000004,60.98,86.0,25.020000000000003,-4.230000000000004
2026-09-16 18:00:00+00:00,2026-09-29 15:00:00+00:00,2026-09-29 11:00:00-04:00,2026,forecast_2026,11,272,36.0,-78.75,0.2.7,2026-09-17 04:00:00+00:00,66.65,80.5,60.4615143943866,6.188485605613408,-4.5,-3.8125,13.193213631149971,0.7629841822979252,0.6464171544468529,1012.48,100.0,0.041627883911132806,309,299,13,1,0.258819045102521,-0.9659258262890682,-0.9994446170919858,-0.033323525711631344,69.98,0.15,74.99,4.533971768769628,-12.959999999999994,73.7075,8.390696857234206,1.980000000000004,60.98,86.0,25.020000000000003,-3.3299999999999983
2026-09-16 18:00:00+00:00,2026-09-29 16:00:00+00:00,2026-09-29 12:00:00-04:00,2026,forecast_2026,12,272,36.0,-78.75,0.2.7,2026-09-17 04:00:00+00:00,68.0,80.5,61.77630597692519,6.223694023074813,-4.458333333333333,-3.8125,13.122237489285595,0.7600081650368117,0.6499135243071792,1012.0533333333333,100.0,0.05550384521484374,310,300,13,0,1.2246467991473532e-16,-1.0,-0.9994446170919858,-0.033323525711631344,69.98,0.15,74.99,4.533971768769628,-12.959999999999994,73.7075,8.390696857234206,1.980000000000004,60.98,86.0,25.020000000000003,-1.980000000000004
2026-09-16 18:00:00+00:00,2026-09-29 17:00:00+00:00,2026-09-29 13:00:00-04:00,2026,forecast_2026,13,272,36.0,-78.75,0.2.7,2026-09-17 04:00:00+00:00,69.35,80.5,63.09099900778343,6.2590009922165635,-4.416666666666667,-3.8125,13.051540986810627,0.7569835597618503,0.653433921869899,1011.6266666666667,100.0,0.06937980651855467,311,301,13,0,-0.2588190451025208,-0.9659258262890683,-0.9994446170919858,-0.033323525711631344,69.98,0.15,74.99,4.533971768769628,-12.959999999999994,73.7075,8.390696857234206,1.980000000000004,60.98,86.0,25.020000000000003,-0.6300000000000097
2026-09-16 18:00:00+00:00,2026-09-29 18:00:00+00:00,2026-09-29 14:00:00-04:00,2026,forecast_2026,14,272,36.0,-78.75,0.2.7,2026-09-17 04:00:00+00:00,70.7,80.5,64.40559349804148,6.29440650195852,-4.375,-3.8125,12.981128692556645,0.7539095027499123,0.6569782809677805,1011.2,100.0,0.08325576782226561,312,302,13,1,-0.4999999999999997,-0.8660254037844388,-0.9994446170919858,-0.033323525711631344,69.98,0.15,74.99,4.533971768769628,-12.959999999999994,73.7075,8.390696857234206,1.980000000000004,60.98,86.0,25.020000000000003,0.7199999999999989
2026-09-16 18:00:00+00:00,2026-09-29 19:00:00+00:00,2026-09-29 15:00:00-04:00,2026,forecast_2026,15,272,36.0,-78.75,0.2.7,2026-09-17 04:00:00+00:00,71.975,78.16666666666667,64.80187412581759,7.1731258741824035,-4.729166666666667,-3.4270833333333335,13.064534807281856,0.8097375608004199,0.5867921971439176,1010.7733333333333,100.0,0.06937980651855467,313,303,13,0,-0.7071067811865471,-0.7071067811865479,-0.9994446170919858,-0.033323525711631344,69.98,0.15,74.99,4.533971768769628,-12.959999999999994,73.7075,8.390696857234206,1.980000000000004,60.98,86.0,25.020000000000003,1.9949999999999903
2026-09-16 18:00:00+00:00,2026-09-29 20:00:00+00:00,2026-09-29 16:00:00-04:00,2026,forecast_2026,16,272,36.0,-78.75,0.2.7,2026-09-17 04:00:00+00:00,73.25,75.83333333333333,65.16659524271037,8.083404757289628,-5.083333333333333,-3.0416666666666665,13.251277898335498,0.8581129235370977,0.5134610116246561,1010.3466666666667,100.0,0.05550384521484374,314,304,13,0,-0.8660254037844384,-0.5000000000000004,-0.9994446170919858,-0.033323525711631344,69.98,0.15,74.99,4.533971768769628,-12.959999999999994,73.7075,8.390696857234206,1.980000000000004,60.98,86.0,25.020000000000003,3.269999999999996
2026-09-16 18:00:00+00:00,2026-09-29 21:00:00+00:00,2026-09-29 17:00:00-04:00,2026,forecast_2026,17,272,36.0,-78.75,0.2.7,2026-09-17 04:00:00+00:00,74.525,73.5,65.4980579688045,9.026942031195503,-5.4375,-2.65625,13.537082062151532,0.89852015613124,0.43893226017905324,1009.92,100.0,0.041627883911132806,315,305,13,1,-0.9659258262890683,-0.25881904510252063,-0.9994446170919858,-0.033323525711631344,69.98,0.15,74.99,4.533971768769628,-12.959999999999994,73.7075,8.390696857234206,1.980000000000004,60.98,86.0,25.020000000000003,4.545000000000002
2026-09-16 18:00:00+00:00,2026-09-29 22:00:00+00:00,2026-09-29 18:00:00-04:00,2026,forecast_2026,18,272,36.0,-78.75,0.2.7,2026-09-17 04:00:00+00:00,73.625,77.33333333333333,66.09326200735575,7.531737992644253,-5.458333333333333,-2.3125,13.260534760085598,0.9207731172513273,0.39009853440800507,1010.1333333333333,100.0,0.07638931274414062,316,306,13,0,-1.0,-1.8369701987210297e-16,-0.9994446170919858,-0.033323525711631344,69.98,0.15,74.99,4.533971768769628,-12.959999999999994,73.7075,8.390696857234206,1.980000000000004,60.98,86.0,25.020000000000003,3.644999999999996
2026-09-16 18:00:00+00:00,2026-09-29 23:00:00+00:00,2026-09-29 19:00:00-04:00,2026,forecast_2026,19,272,36.0,-78.75,0.2.7,2026-09-17 04:00:00+00:00,72.725,81.16666666666667,66.61556931060339,6.1094306893966035,-5.479166666666667,-1.96875,13.023742766816172,0.941092509759211,0.3381492097804007,1010.3466666666667,100.0,0.11115074157714844,317,307,13,0,-0.9659258262890684,0.2588190451025203,-0.9994446170919858,-0.033323525711631344,69.98,0.15,74.99,4.533971768769628,-12.959999999999994,73.7075,8.390696857234206,1.980000000000004,60.98,86.0,25.020000000000003,2.7449999999999903
2026-09-16 18:00:00+00:00,2026-09-30 00:00:00+00:00,2026-09-29 20:00:00-04:00,2026,forecast_2026,20,272,36.0,-78.75,0.2.7,2026-09-17 04:00:00+00:00,71.825,85.0,67.07104955814305,4.753950441856958,-5.5,-1.625,12.82890764467883,0.9590177080589002,0.2833461410174031,1010.56,100.0,0.14591217041015625,318,308,13,1,-0.8660254037844386,0.5000000000000001,-0.9994446170919858,-0.033323525711631344,69.98,0.15,74.99,4.533971768769628,-12.959999999999994,73.7075,8.390696857234206,1.980000000000004,60.98,86.0,25.020000000000003,1.8449999999999989
2026-09-16 18:00:00+00:00,2026-09-30 01:00:00+00:00,2026-09-29 21:00:00-04:00,2026,forecast_2026,21,272,36.0,-78.75,0.2.7,2026-09-17 04:00:00+00:00,71.675,85.5,67.09383334311465,4.581166656885344,-5.3125,-1.7135416666666667,12.48660989916607,0.9517174114915422,0.3069755180203115,1010.7733333333333,100.0,0.14591217041015625,319,309,13,0,-0.7071067811865477,0.7071067811865474,-0.9994446170919858,-0.033323525711631344,69.98,0.15,74.99,4.533971768769628,-12.959999999999994,73.7075,8.390696857234206,1.980000000000004,60.98,86.0,25.020000000000003,1.6949999999999932
2026-09-16 18:00:00+00:00,2026-09-30 02:00:00+00:00,2026-09-29 22:00:00-04:00,2026,forecast_2026,22,272,36.0,-78.75,0.2.7,2026-09-17 04:00:00+00:00,71.525,86.0,67.11553620137445,4.409463798625552,-5.125,-1.8020833333333333,12.152377337350995,0.9433790754293524,0.3317166261164191,1010.9866666666667,100.0,0.14591217041015625,320,310,13,0,-0.5000000000000004,0.8660254037844384,-0.9994446170919858,-0.033323525711631344,69.98,0.15,74.99,4.533971768769628,-12.959999999999994,73.7075,8.390696857234206,1.980000000000004,60.98,86.0,25.020000000000003,1.5450000000000017
2026-09-16 18:00:00+00:00,2026-09-30 03:00:00+00:00,2026-09-29 23:00:00-04:00,2026,forecast_2026,23,272,36.0,-78.75,0.2.7,2026-09-17 04:00:00+00:00,71.375,86.5,67.13616923381579,4.238830766184208,-4.9375,-1.890625,11.826893754571778,0.9338777511000398,0.3575924300098258,1011.2,100.0,0.14591217041015625,321,311,13,1,-0.25881904510252157,0.9659258262890681,-0.9994446170919858,-0.033323525711631344,69.98,0.15,74.99,4.533971768769628,-12.959999999999994,73.7075,8.390696857234206,1.980000000000004,60.98,86.0,25.020000000000003,1.394999999999996
2026-09-16 18:00:00+00:00,2026-09-30 04:00:00+00:00,2026-09-30 00:00:00-04:00,2026,forecast_2026,0,273,36.0,-78.75,0.2.7,2026-09-17 04:00:00+00:00,70.625,90.0,67.54767651060857,3.077323489391432,-4.5625,-1.9895833333333333,11.134202501069296,0.9166369869344522,0.3997206952157081,1010.9866666666667,100.0,0.20141601562500003,322,312,14,0,0.0,1.0,-0.9998699583618592,-0.016126573270657762,69.98,0.15,74.99,4.533971768769628,-12.959999999999994,73.7075,8.390696857234206,1.980000000000004,60.98,86.0,25.020000000000003,0.644999999999996
2026-09-16 18:00:00+00:00,2026-09-30 05:00:00+00:00,2026-09-30 01:00:00-04:00,2026,forecast_2026,1,273,36.0,-78.75,0.2.7,2026-09-17 04:00:00+00:00,69.875,93.5,67.91357275229339,1.9614272477066095,-4.1875,-2.0885416666666665,10.467610077880964,0.8948719577137769,0.44632295403386124,1010.7733333333333,100.0,0.2569198608398438,323,313,14,0,0.25881904510252074,0.9659258262890683,-0.9998699583618592,-0.016126573270657762,69.98,0.15,74.99,4.533971768769628,-12.959999999999994,73.7075,8.390696857234206,1.980000000000004,60.98,86.0,25.020000000000003,-0.10500000000000398
2026-09-16 18:00:00+00:00,2026-09-30 06:00:00+00:00,2026-09-30 02:00:00-04:00,2026,forecast_2026,2,273,36.0,-78.75,0.2.7,2026-09-17 04:00:00+00:00,69.125,97.0,68.23687167956123,0.8881283204387671,-3.8125,-2.1875,9.832426053886241,0.8673667685592817,0.49766945737007945,1010.56,100.0,0.3124237060546875,324,314,14,1,0.49999999999999994,0.8660254037844387,-0.9998699583618592,-0.016126573270657762,69.98,0.15,74.99,4.533971768769628,-12.959999999999994,73.7075,8.390696857234206,1.980000000000004,60.98,86.0,25.020000000000003,-0.855000000000004
2026-09-16 18:00:00+00:00,2026-09-30 07:00:00+00:00,2026-09-30 03:00:00-04:00,2026,forecast_2026,3,273,36.0,-78.75,0.2.7,2026-09-17 04:00:00+00:00,69.35,97.66666666666667,68.66064200478085,0.6893579952191402,-3.53125,-1.7317708333333333,8.797946588185034,0.8978437413935986,0.4403142242085133,1010.3466666666667,100.0,0.2706527709960938,325,315,14,0,0.7071067811865475,0.7071067811865476,-0.9998699583618592,-0.016126573270657762,69.98,0.15,74.99,4.533971768769628,-12.959999999999994,73.7075,8.390696857234206,1.980000000000004,60.98,86.0,25.020000000000003,-0.6300000000000097
2026-09-16 18:00:00+00:00,2026-09-30 08:00:00+00:00,2026-09-30 04:00:00-04:00,2026,forecast_2026,4,273,36.0,-78.75,0.2.7,2026-09-17 04:00:00+00:00,69.575,98.33333333333333,69.0835972867795,0.4914027132205092,-3.25,-1.2760416666666665,7.810330362131477,0.9308240000225507,0.3654677564191108,1010.1333333333333,100.0,0.22888183593750003,326,316,14,0,0.8660254037844386,0.5000000000000001,-0.9998699583618592,-0.016126573270657762,69.98,0.15,74.99,4.533971768769628,-12.959999999999994,73.7075,8.390696857234206,1.980000000000004,60.98,86.0,25.020000000000003,-0.40500000000000114
2026-09-16 18:00:00+00:00,2026-09-30 09:00:00+00:00,2026-09-30 05:00:00-04:00,2026,forecast_2026,5,273,36.0,-78.75,0.2.7,2026-09-17 04:00:00+00:00,69.8,99.0,69.50574985703237,0.29425014296762697,-2.96875,-0.8203125,6.889759843156315,0.9638804208296159,0.2663353794397629,1009.92,100.0,0.18711090087890628,327,317,14,1,0.9659258262890683,0.25881904510252074,-0.9998699583618592,-0.016126573270657762,69.98,0.15,74.99,4.533971768769628,-12.959999999999994,73.7075,8.390696857234206,1.980000000000004,60.98,86.0,25.020000000000003,-0.18000000000000682
2026-09-16 18:00:00+00:00,2026-09-30 10:00:00+00:00,2026-09-30 06:00:00-04:00,2026,forecast_2026,6,273,36.0,-78.75,0.2.7,2026-09-17 04:00:00+00:00,70.025,98.66666666666667,69.63171528439217,0.39328471560783385,-2.78125,-0.8697916666666666,6.5186216190266855,0.954416351474815,0.2984785219031723,1010.1333333333333,99.33333333333333,0.21514892578125003,328,318,14,0,1.0,6.123233995736766e-17,-0.9998699583618592,-0.016126573270657762,69.98,0.15,74.99,4.533971768769628,-12.959999999999994,73.7075,8.390696857234206,1.980000000000004,60.98,86.0,25.020000000000003,0.045000000000001705
2026-09-16 18:00:00+00:00,2026-09-30 11:00:00+00:00,2026-09-30 07:00:00-04:00,2026,forecast_2026,7,273,36.0,-78.75,0.2.7,2026-09-17 04:00:00+00:00,70.25,98.33333333333333,69.75720053891548,0.4927994610845161,-2.59375,-0.9192708333333334,6.155680418639919,0.9425527501309185,0.3340573501970016,1010.3466666666667,98.66666666666667,0.24318695068359378,329,319,14,0,0.9659258262890683,-0.25881904510252063,-0.9998699583618592,-0.016126573270657762,69.98,0.15,74.99,4.533971768769628,-12.959999999999994,73.7075,8.390696857234206,1.980000000000004,60.98,86.0,25.020000000000003,0.269999999999996
2026-09-16 18:00:00+00:00,2026-09-30 12:00:00+00:00,2026-09-30 08:00:00-04:00,2026,forecast_2026,8,273,36.0,-78.75,0.2.7,2026-09-17 04:00:00+00:00,70.475,98.0,69.88220283687342,0.5927971631265763,-2.40625,-0.96875,5.802474602229977,0.9276435179375496,0.37346687085797464,1010.56,98.0,0.2712249755859375,330,320,14,1,0.8660254037844387,-0.4999999999999998,-0.9998699583618592,-0.016126573270657762,69.98,0.15,74.99,4.533971768769628,-12.959999999999994,73.7075,8.390696857234206,1.980000000000004,60.98,86.0,25.020000000000003,0.49499999999999034
2026-09-16 18:00:00+00:00,2026-09-30 13:00:00+00:00,2026-09-30 09:00:00-04:00,2026,forecast_2026,9,273,36.0,-78.75,0.2.7,2026-09-17 04:00:00+00:00,72.5,92.16666666666667,70.09522608206812,2.404773917931877,-2.34375,-0.25520833333333337,5.273809349806591,0.9941238081908997,0.10824903689189705,1010.56,85.91666666666667,0.528717041015625,331,321,14,0,0.7071067811865476,-0.7071067811865475,-0.9998699583618592,-0.016126573270657762,69.98,0.15,74.99,4.533971768769628,-12.959999999999994,73.7075,8.390696857234206,1.980000000000004,60.98,86.0,25.020000000000003,2.519999999999996
2026-09-16 18:00:00+00:00,2026-09-30 14:00:00+00:00,2026-09-30 10:00:00-04:00,2026,forecast_2026,10,273,36.0,-78.75,0.2.7,2026-09-17 04:00:00+00:00,74.525,86.33333333333333,70.17363729002719,4.351362709972818,-2.28125,0.45833333333333326,5.20498641093224,0.9804081150972925,-0.1969769728962599,1010.56,73.83333333333333,0.7862091064453125,332,322,14,0,0.49999999999999994,-0.8660254037844387,-0.9998699583618592,-0.016126573270657762,69.98,0.15,74.99,4.533971768769628,-12.959999999999994,73.7075,8.390696857234206,1.980000000000004,60.98,86.0,25.020000000000003,4.545000000000002
2026-09-16 18:00:00+00:00,2026-09-30 15:00:00+00:00,2026-09-30 11:00:00-04:00,2026,forecast_2026,11,273,36.0,-78.75,0.2.7,2026-09-17 04:00:00+00:00,76.55,80.5,70.10103120134002,6.448968798659976,-2.21875,1.171875,5.612946369703664,0.8842419063159038,-0.46702917587107595,1010.56,61.75,1.043701171875,333,323,14,1,0.258819045102521,-0.9659258262890682,-0.9998699583618592,-0.016126573270657762,69.98,0.15,74.99,4.533971768769628,-12.959999999999994,73.7075,8.390696857234206,1.980000000000004,60.98,86.0,25.020000000000003,6.569999999999993
2026-09-16 18:00:00+00:00,2026-09-30 16:00:00+00:00,2026-09-30 12:00:00-04:00,2026,forecast_2026,12,273,36.0,-78.75,0.2.7,2026-09-17 04:00:00+00:00,76.1,82.0,70.2041506825898,5.895849317410196,-1.625,1.390625,4.784358008270746,0.7597720463862692,-0.650189539695942,1009.92,67.5,1.2451171875,334,324,14,0,1.2246467991473532e-16,-1.0,-0.9998699583618592,-0.016126573270657762,69.98,0.15,74.99,4.533971768769628,-12.959999999999994,73.7075,8.390696857234206,1.980000000000004,60.98,86.0,25.020000000000003,6.11999999999999
2026-09-16 18:00:00+00:00,2026-09-30 17:00:00+00:00,2026-09-30 13:00:00-04:00,2026,forecast_2026,13,273,36.0,-78.75,0.2.7,2026-09-17 04:00:00+00:00,75.65,83.5,70.29666864204125,5.353331357958751,-1.03125,1.609375,4.275747024504912,0.539517548152468,-0.8419743554500632,1009.28,73.25,1.446533203125,335,325,14,0,-0.2588190451025208,-0.9659258262890683,-0.9998699583618592,-0.016126573270657762,69.98,0.15,74.99,4.533971768769628,-12.959999999999994,73.7075,8.390696857234206,1.980000000000004,60.98,86.0,25.020000000000003,5.670000000000002
2026-09-16 18:00:00+00:00,2026-09-30 18:00:00+00:00,2026-09-30 14:00:00-04:00,2026,forecast_2026,14,273,36.0,-78.75,0.2.7,2026-09-17 04:00:00+00:00,75.2,85.0,70.37892038118062,4.8210796188193825,-0.4375,1.828125,4.204873380726715,0.2327441373762985,-0.9725380026081051,1008.64,79.0,1.64794921875,336,326,14,1,-0.4999999999999997,-0.8660254037844388,-0.9998699583618592,-0.016126573270657762,69.98,0.15,74.99,4.533971768769628,-12.959999999999994,73.7075,8.390696857234206,1.980000000000004,60.98,86.0,25.020000000000003,5.219999999999999
2026-09-16 18:00:00+00:00,2026-09-30 19:00:00+00:00,2026-09-30 15:00:00-04:00,2026,forecast_2026,15,273,36.0,-78.75,0.2.7,2026-09-17 04:00:00+00:00,73.775,88.16666666666667,70.05261809199406,3.722381908005943,0.30729166666666663,1.4661458333333333,3.350936369135177,-0.20513426866113665,-0.9787338411544073,1008.2133333333333,86.0,1.42593383789052,337,327,14,0,-0.7071067811865471,-0.7071067811865479,-0.9998699583618592,-0.016126573270657762,69.98,0.15,74.99,4.533971768769628,-12.959999999999994,73.7075,8.390696857234206,1.980000000000004,60.98,86.0,25.020000000000003,3.7950000000000017
2026-09-16 18:00:00+00:00,2026-09-30 20:00:00+00:00,2026-09-30 16:00:00-04:00,2026,forecast_2026,16,273,36.0,-78.75,0.2.7,2026-09-17 04:00:00+00:00,72.35,91.33333333333333,69.68063090166713,2.669369098332865,1.0520833333333333,1.1041666666666665,3.4116493388936333,-0.6898256991916116,-0.7239754862803051,1007.7866666666667,93.0,1.20391845703104,338,328,14,0,-0.8660254037844384,-0.5000000000000004,-0.9998699583618592,-0.016126573270657762,69.98,0.15,74.99,4.533971768769628,-12.959999999999994,73.7075,8.390696857234206,1.980000000000004,60.98,86.0,25.020000000000003,2.3699999999999903
2026-09-16 18:00:00+00:00,2026-09-30 21:00:00+00:00,2026-09-30 17:00:00-04:00,2026,forecast_2026,17,273,36.0,-78.75,0.2.7,2026-09-17 04:00:00+00:00,70.925,94.5,69.26567214493765,1.6593278550623438,1.796875,0.7421875,4.348872282866637,-0.924261426490025,-0.38176015441979294,1007.36,100.0,0.98190307617156,339,329,14,1,-0.9659258262890683,-0.25881904510252063,-0.9998699583618592,-0.016126573270657762,69.98,0.15,74.99,4.533971768769628,-12.959999999999994,73.7075,8.390696857234206,1.980000000000004,60.98,86.0,25.020000000000003,0.9449999999999932
2026-09-16 18:00:00+00:00,2026-09-30 22:00:00+00:00,2026-09-30 18:00:00-04:00,2026,forecast_2026,18,273,36.0,-78.75,0.2.7,2026-09-17 04:00:00+00:00,70.475,95.5,69.12610646631225,1.3488935336877432,1.6614583333333333,0.2786458333333333,3.768482390626007,-0.9862262996941229,-0.16540158944713368,1007.36,100.0,0.6684780120847509,340,330,14,0,-1.0,-1.8369701987210297e-16,-0.9998699583618592,-0.016126573270657762,69.98,0.15,74.99,4.533971768769628,-12.959999999999994,73.7075,8.390696857234206,1.980000000000004,60.98,86.0,25.020000000000003,0.49499999999999034
2026-09-16 18:00:00+00:00,2026-09-30 23:00:00+00:00,2026-09-30 19:00:00-04:00,2026,forecast_2026,19,273,36.0,-78.75,0.2.7,2026-09-17 04:00:00+00:00,70.025,96.5,68.98257587746785,1.0424241225321538,1.5260416666666667,-0.18489583333333337,3.438622686472974,-0.9927399132166108,0.12028077446822465,1007.36,100.0,0.35505294799794185,341,331,14,0,-0.9659258262890684,0.2588190451025203,-0.9998699583618592,-0.016126573270657762,69.98,0.15,74.99,4.533971768769628,-12.959999999999994,73.7075,8.390696857234206,1.980000000000004,60.98,86.0,25.020000000000003,0.045000000000001705
2026-09-16 18:00:00+00:00,2026-10-01 00:00:00+00:00,2026-09-30 20:00:00-04:00,2026,forecast_2026,20,273,36.0,-78.75,0.2.7,2026-09-17 04:00:00+00:00,69.575,97.5,68.83515121164307,0.7398487883569373,1.390625,-0.6484375,3.4323009027605065,-0.9063131756997957,0.42260670552293794,1007.36,100.0,0.041627883911132806,342,332,14,1,-0.8660254037844386,0.5000000000000001,-0.9998699583618592,-0.016126573270657762,69.98,0.15,74.99,4.533971768769628,-12.959999999999994,73.7075,8.390696857234206,1.980000000000004,60.98,86.0,25.020000000000003,-0.40500000000000114
2026-09-16 18:00:00+00:00,2026-10-01 01:00:00+00:00,2026-09-30 21:00:00-04:00,2026,forecast_2026,21,273,36.0,-78.75,0.2.7,2026-09-17 04:00:00+00:00,68.975,97.66666666666667,68.28672965365953,0.6882703463404596,1.625,-0.8020833333333334,4.053710423307113,-0.8967146379496103,0.44260914821871844,1007.36,98.0,0.041627883911132806,343,333,14,0,-0.7071067811865477,0.7071067811865474,-0.9998699583618592,-0.016126573270657762,69.98,0.15,74.99,4.533971768769628,-12.959999999999994,73.7075,8.390696857234206,1.980000000000004,60.98,86.0,25.020000000000003,-1.0050000000000097
2026-09-16 18:00:00+00:00,2026-10-01 02:00:00+00:00,2026-09-30 22:00:00-04:00,2026,forecast_2026,22,273,36.0,-78.75,0.2.7,2026-09-17 04:00:00+00:00,68.375,97.83333333333333,67.73798063054404,0.637019369455956,1.859375,-0.9557291666666667,4.676584631623677,-0.8893891045856194,0.4571509823290225,1007.36,96.0,0.041627883911132806,344,334,14,0,-0.5000000000000004,0.8660254037844384,-0.9998699583618592,-0.016126573270657762,69.98,0.15,74.99,4.533971768769628,-12.959999999999994,73.7075,8.390696857234206,1.980000000000004,60.98,86.0,25.020000000000003,-1.605000000000004
2026-09-16 18:00:00+00:00,2026-10-01 03:00:00+00:00,2026-09-30 23:00:00-04:00,2026,forecast_2026,23,273,36.0,-78.75,0.2.7,2026-09-17 04:00:00+00:00,67.775,98.0,67.18890537715862,0.5860946228413866,2.09375,-1.109375,5.30040718711503,-0.8836274641077414,0.46819067128096664,1007.36,94.0,0.041627883911132806,345,335,14,1,-0.25881904510252157,0.9659258262890681,-0.9998699583618592,-0.016126573270657762,69.98,0.15,74.99,4.533971768769628,-12.959999999999994,73.7075,8.390696857234206,1.980000000000004,60.98,86.0,25.020000000000003,-2.2049999999999983
