gfs_init_utc,forecast_hour,valid_time_utc,valid_time_local,gfs_temp_k,gfs_temp_c,gfs_temp_f,gfs_dewpoint_k,gfs_dewpoint_c,gfs_dewpoint_f,gfs_relative_humidity_pct,gfs_u10_mps,gfs_v10_mps,gfs_wind_speed_mps,gfs_wind_speed_mph,gfs_wind_direction_deg,gfs_mslp_pa,gfs_mslp_hpa,gfs_total_cloud_cover_pct,gfs_precip_rate_kg_m2_s,gfs_precip_rate_mm_hr,gfs_precip_step_type,gfs_precip_step_range,gfs_downward_shortwave_w_m2,gfs_shortwave_step_type,gfs_shortwave_step_range,gfs_temp_850_k,gfs_temp_850_c,gfs_temp_850_f,gfs_grid_lat,gfs_grid_lon_native,gfs_grid_lon
2021-07-29T18:00:00+00:00,10,2021-07-30T04:00:00+00:00,2021-07-30T00:00:00-04:00,299.7254943847656,26.575494384765648,79.83588989257817,291.1999816894531,18.049981689453148,64.48996704101566,59.5,2.4919750690460205,3.3137547969818115,4.146192301288845,9.274768032589567,216.94351334510543,101210.546875,1012.10546875,56.900001525878906,0.0,0.0,instant,10,,,,294.4629211425781,21.312921142578148,70.36325805664066,36.0,281.25,-78.75
2021-07-29T18:00:00+00:00,11,2021-07-30T05:00:00+00:00,2021-07-30T01:00:00-04:00,298.89520263671875,25.745202636718773,78.34136474609379,291.20001220703125,18.050012207031273,64.4900219726563,62.400001525878906,2.2998461723327637,2.5983006954193115,3.4699364432522595,7.762026761033142,221.5131570631174,101221.953125,1012.21953125,86.30000305175781,0.0,0.0,instant,11,,,,294.0659484863281,20.915948486328148,69.64870727539066,36.0,281.25,-78.75
2021-07-29T18:00:00+00:00,12,2021-07-30T06:00:00+00:00,2021-07-30T02:00:00-04:00,298.1275634765625,24.977563476562523,76.95961425781255,291.4610900878906,18.311090087890648,64.95996215820317,66.5,2.286789655685425,2.0234034061431885,3.053451861965687,6.830377286072127,228.49686853343547,101192.375,1011.92375,100.0,0.0,0.0,instant,12,,,,294.063232421875,20.913232421875023,69.64381835937505,36.0,281.25,-78.75
2021-07-29T18:00:00+00:00,13,2021-07-30T07:00:00+00:00,2021-07-30T03:00:00-04:00,297.4441833496094,24.294183349609398,75.72953002929691,291.852294921875,18.702294921875023,65.66413085937504,70.69999694824219,1.481386661529541,2.0561351776123047,2.5342056565267987,5.668856604614343,215.77167254540413,101168.015625,1011.68015625,100.0,0.0,0.0,instant,13,,,,294.4663391113281,21.316339111328148,70.36941040039066,36.0,281.25,-78.75
2021-07-29T18:00:00+00:00,14,2021-07-30T08:00:00+00:00,2021-07-30T04:00:00-04:00,297.36004638671875,24.210046386718773,75.5780834960938,292.16571044921875,19.015710449218773,66.22827880859379,72.69999694824219,2.064584970474243,2.1741724014282227,2.9982556147600716,6.70690679751268,223.51902377808497,101140.3828125,1011.403828125,100.0,0.0,0.0,instant,14,,,,294.67120361328125,21.521203613281273,70.73816650390629,36.0,281.25,-78.75
2021-07-29T18:00:00+00:00,15,2021-07-30T09:00:00+00:00,2021-07-30T05:00:00-04:00,297.1742858886719,24.024285888671898,75.24371459960942,291.66571044921875,18.515710449218773,65.3282788085938,70.9000015258789,3.060595750808716,0.9270556569099426,3.1979178446103163,7.153538485617199,253.14841874117263,101149.109375,1011.49109375,100.0,0.0,0.0,instant,15,,,,293.9548645019531,20.804864501953148,69.44875610351566,36.0,281.25,-78.75
2021-07-29T18:00:00+00:00,16,2021-07-30T10:00:00+00:00,2021-07-30T06:00:00-04:00,296.4727783203125,23.322778320312523,73.98100097656254,290.92083740234375,17.770837402343773,63.98750732421879,70.69999694824219,1.9607152938842773,0.6777050495147705,2.0745333445884944,4.640598927586999,250.93271398946922,101168.859375,1011.68859375,100.0,0.0,0.0,instant,16,,,,293.5910949707031,20.441094970703148,68.79397094726566,36.0,281.25,-78.75
2021-07-29T18:00:00+00:00,17,2021-07-30T11:00:00+00:00,2021-07-30T07:00:00-04:00,297.01495361328125,23.864953613281273,74.95691650390629,291.20001220703125,18.050012207031273,64.4900219726563,69.9000015258789,1.849399447441101,0.40999266505241394,1.894299950269817,4.237428306795398,257.50027525997683,101202.671875,1012.02671875,100.0,0.0,0.0,instant,17,,,,293.1170349121094,19.967034912109398,67.94066284179692,36.0,281.25,-78.75
2021-07-29T18:00:00+00:00,18,2021-07-30T12:00:00+00:00,2021-07-30T08:00:00-04:00,298.60595703125,25.455957031250023,77.82072265625004,292.3999938964844,19.249993896484398,66.64998901367191,68.0999984741211,1.651818871498108,-0.17732177674770355,1.6613093019501952,3.716243069859953,276.12720344701825,101229.7265625,1012.297265625,100.0,0.0,0.0,instant,18,,,,293.41607666015625,20.266076660156273,68.47893798828129,36.0,281.25,-78.75
2021-07-29T18:00:00+00:00,19,2021-07-30T13:00:00+00:00,2021-07-30T09:00:00-04:00,301.45489501953125,28.304895019531273,82.9488110351563,291.79998779296875,18.649987792968773,65.5699780273438,55.20000076293945,2.074641227722168,-0.703930675983429,2.190811406843371,4.900705545014693,288.7421959942588,101219.53125,1012.1953125,76.5999984741211,0.0,0.0,instant,19,,,,292.98260498046875,19.832604980468773,67.6986889648438,36.0,281.25,-78.75
2021-07-29T18:00:00+00:00,20,2021-07-30T14:00:00+00:00,2021-07-30T10:00:00-04:00,303.7098083496094,30.559808349609398,87.00765502929691,291.5549011230469,18.404901123046898,65.12882202148441,48.099998474121094,2.511171817779541,-1.8589696884155273,3.1243802906909277,6.989039662426012,306.51179736883205,101219.5625,1012.195625,99.9000015258789,2.28000008064555e-05,0.0820800029032398,instant,20,,,,292.9377746582031,19.787774658203148,67.61799438476567,36.0,281.25,-78.75
2021-07-29T18:00:00+00:00,21,2021-07-30T15:00:00+00:00,2021-07-30T11:00:00-04:00,305.21246337890625,32.06246337890627,89.7124340820313,292.0049743652344,18.854974365234398,65.93895385742192,45.29999923706055,2.6552417278289795,-1.9236669540405273,3.278841744163903,7.334560093423182,305.9225417177334,101234.9609375,1012.349609375,5.0,4.7199999244185165e-05,0.1699199972790666,instant,21,,,,292.2144470214844,19.064447021484398,66.31600463867191,36.0,281.25,-78.75
2021-07-29T18:00:00+00:00,22,2021-07-30T16:00:00+00:00,2021-07-30T12:00:00-04:00,306.564697265625,33.41469726562502,92.14645507812504,292.6549072265625,19.504907226562523,67.10883300781254,43.599998474121094,2.7215943336486816,-1.568361759185791,3.141151751288842,7.026556351308247,299.9533768528486,101210.5,1012.105,5.199999809265137,0.0,0.0,instant,22,,,,291.30523681640625,18.155236816406273,64.67942626953129,36.0,281.25,-78.75
2021-07-29T18:00:00+00:00,23,2021-07-30T17:00:00+00:00,2021-07-30T13:00:00-04:00,307.6549072265625,34.50490722656252,94.10883300781254,292.70001220703125,19.550012207031273,67.1900219726563,41.20000076293945,2.6658129692077637,-1.956540584564209,3.3067521597245793,7.396993914917179,306.2763484708985,101166.4765625,1011.664765625,56.099998474121094,0.0,0.0,instant,23,,,,292.22540283203125,19.075402832031273,66.3357250976563,36.0,281.25,-78.75
2021-07-29T18:00:00+00:00,24,2021-07-30T18:00:00+00:00,2021-07-30T14:00:00-04:00,307.54510498046875,34.39510498046877,93.91118896484379,293.0,19.850000000000023,67.73000000000005,42.0,3.07080078125,-2.4442479610443115,3.924814076258248,8.77955904674804,308.51853929885453,101133.828125,1011.33828125,97.9000015258789,3.1200001103570685e-05,0.11232000397285447,instant,24,,,,292.62139892578125,19.471398925781273,67.04851806640629,36.0,281.25,-78.75
2021-07-29T18:00:00+00:00,25,2021-07-30T19:00:00+00:00,2021-07-30T15:00:00-04:00,305.9207763671875,32.77077636718752,90.98739746093754,293.79998779296875,20.649987792968773,69.16997802734379,48.29999923706055,1.6154712438583374,0.6634131073951721,1.7463860657932775,3.9065543705110852,247.67389319580917,101105.1015625,1011.051015625,81.0,0.0,0.0,instant,25,,,,293.51971435546875,20.369714355468773,68.6654858398438,36.0,281.25,-78.75
2021-07-29T18:00:00+00:00,26,2021-07-30T20:00:00+00:00,2021-07-30T16:00:00-04:00,307.6512145996094,34.5012145996094,94.10218627929692,292.3538513183594,19.203851318359398,66.56693237304691,41.099998474121094,1.1502515077590942,2.9227564334869385,3.1409526740451468,7.026111028196903,201.4821304542277,101027.71875,1010.2771875,51.5,0.0,0.0,instant,26,,,,294.4227294921875,21.272729492187523,70.29091308593755,36.0,281.25,-78.75
2021-07-29T18:00:00+00:00,27,2021-07-30T21:00:00+00:00,2021-07-30T17:00:00-04:00,307.62030029296875,34.47030029296877,94.0465405273438,292.75799560546875,19.607995605468773,67.2943920898438,41.29999923706055,4.889184474945068,1.7891675233840942,5.206269802533889,11.64609386751495,249.90020586440082,101002.9765625,1010.029765625,97.0999984741211,0.00018960000306833535,0.6825600110460073,instant,27,,,,293.6718444824219,20.521844482421898,68.93932006835942,36.0,281.25,-78.75
2021-07-29T18:00:00+00:00,28,2021-07-30T22:00:00+00:00,2021-07-30T18:00:00-04:00,299.5509033203125,26.400903320312523,79.52162597656255,294.79998779296875,21.649987792968773,70.96997802734379,75.19999694824219,-0.29332274198532104,2.6956982612609863,2.711609733485129,6.065698222720843,173.78999691231672,101071.1640625,1010.711640625,5.0,0.0,0.0,instant,28,,,,294.498291015625,21.348291015625023,70.42692382812504,36.0,281.25,-78.75
2021-07-29T18:00:00+00:00,29,2021-07-30T23:00:00+00:00,2021-07-30T19:00:00-04:00,302.30047607421875,29.150476074218773,84.4708569335938,295.9999694824219,22.849969482421898,73.12994506835942,68.5999984741211,1.075415015220642,2.634099006652832,2.845170474999952,6.364465092609048,202.2085603792678,101133.625,1011.33625,93.5999984741211,0.0,0.0,instant,29,,,,294.296142578125,21.146142578125023,70.06305664062504,36.0,281.25,-78.75
2021-07-29T18:00:00+00:00,30,2021-07-31T00:00:00+00:00,2021-07-30T20:00:00-04:00,301.4259948730469,28.275994873046898,82.89679077148442,295.0999755859375,21.949975585937523,71.50995605468754,68.4000015258789,0.5132544040679932,1.0329370498657227,1.1534249140193276,2.5801380503295595,206.42224698659186,101114.3359375,1011.143359375,80.5,0.0,0.0,instant,30,,,,294.35430908203125,21.204309082031273,70.1677563476563,36.0,281.25,-78.75
2021-07-29T18:00:00+00:00,31,2021-07-31T01:00:00+00:00,2021-07-30T21:00:00-04:00,300.838134765625,27.688134765625023,81.83864257812505,294.5999755859375,21.449975585937523,70.60995605468754,68.9000015258789,2.9857470989227295,2.8484911918640137,4.12657095042026,9.230876320732497,226.3476881497069,101188.1796875,1011.881796875,5.800000190734863,0.0,0.0,instant,31,,,,294.4937438964844,21.343743896484398,70.41873901367191,36.0,281.25,-78.75
2021-07-29T18:00:00+00:00,32,2021-07-31T02:00:00+00:00,2021-07-30T22:00:00-04:00,298.8000183105469,25.650018310546898,78.17003295898442,294.29998779296875,21.149987792968773,70.0699780273438,75.69999694824219,3.038520574569702,1.4133422374725342,3.3511406360084712,7.496288108465612,245.05490330279451,101262.140625,1012.62140625,5.400000095367432,0.0,0.0,instant,32,,,,294.1983337402344,21.048333740234398,69.88700073242191,36.0,281.25,-78.75
2021-07-29T18:00:00+00:00,33,2021-07-31T03:00:00+00:00,2021-07-30T23:00:00-04:00,297.6999816894531,24.549981689453148,76.18996704101566,293.5,20.350000000000023,68.63000000000004,77.4000015258789,2.538752555847168,0.42143309116363525,2.5734938100077613,5.756741700983712,260.5748429694546,101246.625,1012.46625,5.400000095367432,0.0,0.0,instant,33,,,,294.08056640625,20.930566406250023,69.67501953125004,36.0,281.25,-78.75
2021-07-29T18:00:00+00:00,34,2021-07-31T04:00:00+00:00,2021-07-31T00:00:00-04:00,298.0255126953125,24.875512695312523,76.77592285156254,291.3999938964844,18.249993896484398,64.84998901367192,66.80000305175781,1.7721142768859863,-2.2555370330810547,2.8684205266911666,6.416473977029267,321.84424026944004,101265.421875,1012.65421875,7.800000190734863,0.0,0.0,instant,34,,,,294.07257080078125,20.922570800781273,69.66062744140629,36.0,281.25,-78.75
2021-07-29T18:00:00+00:00,35,2021-07-31T05:00:00+00:00,2021-07-31T01:00:00-04:00,296.5,23.350000000000023,74.03000000000004,291.29998779296875,18.149987792968773,64.66997802734379,72.19999694824219,0.55181884765625,-2.882070302963257,2.9344221359326252,6.564115372075479,349.160978540944,101272.578125,1012.72578125,21.799999237060547,0.0,0.0,instant,35,,,,293.9088439941406,20.758843994140648,69.36591918945317,36.0,281.25,-78.75
2021-07-29T18:00:00+00:00,36,2021-07-31T06:00:00+00:00,2021-07-31T02:00:00-04:00,296.30792236328125,23.157922363281273,73.68426025390629,293.79998779296875,20.649987792968773,69.16997802734379,86.4000015258789,-1.06396484375,-3.683769464492798,3.834342010862557,8.5771788002473,16.1100414186717,101287.1640625,1012.871640625,6.300000190734863,0.0,0.0,instant,36,,,,293.60772705078125,20.457727050781273,68.82390869140629,36.0,281.25,-78.75
2021-07-29T18:00:00+00:00,37,2021-07-31T07:00:00+00:00,2021-07-31T03:00:00-04:00,296.3077697753906,23.157769775390648,73.68398559570316,294.20001220703125,21.050012207031273,69.89002197265629,88.4000015258789,-2.195993661880493,-3.392270565032959,4.0410255813850435,9.039516780120435,32.91708799550031,101326.46875,1013.2646875,10.300000190734863,0.0,0.0,instant,37,,,,293.45037841796875,20.300378417968773,68.5406811523438,36.0,281.25,-78.75
2021-07-29T18:00:00+00:00,38,2021-07-31T08:00:00+00:00,2021-07-31T04:00:00-04:00,295.9018249511719,22.751824951171898,72.95328491210941,293.39996337890625,20.249963378906273,68.44993408203129,86.0999984741211,-1.98480224609375,-3.4339330196380615,3.9662748189528383,8.872304086777097,30.027774203418915,101382.828125,1013.82828125,34.79999923706055,0.0,0.0,instant,38,,,,293.10516357421875,19.955163574218773,67.91929443359379,36.0,281.25,-78.75
2021-07-29T18:00:00+00:00,39,2021-07-31T09:00:00+00:00,2021-07-31T05:00:00-04:00,295.09869384765625,21.948693847656273,71.5076489257813,292.20001220703125,19.050012207031273,66.29002197265629,83.5999984741211,-1.809106469154358,-3.6553587913513184,4.078543135758836,9.123441159088296,26.331681670799128,101414.2421875,1014.142421875,5.0,0.0,0.0,instant,39,,,,292.65618896484375,19.506188964843773,67.11114013671879,36.0,281.25,-78.75
2021-07-29T18:00:00+00:00,40,2021-07-31T10:00:00+00:00,2021-07-31T06:00:00-04:00,294.2561950683594,21.106195068359398,69.99115112304692,290.8999938964844,17.749993896484398,63.94998901367192,81.4000015258789,-1.8213964700698853,-3.694631338119507,4.1191972307474884,9.214381779589038,26.24258890652004,101457.328125,1014.57328125,0.4000000059604645,0.0,0.0,instant,40,,,,292.20001220703125,19.050012207031273,66.29002197265629,36.0,281.25,-78.75
2021-07-29T18:00:00+00:00,41,2021-07-31T11:00:00+00:00,2021-07-31T07:00:00-04:00,293.55621337890625,20.406213378906273,68.73118408203129,288.5999755859375,15.449975585937523,59.80995605468754,73.0999984741211,-1.4726049900054932,-3.5452051162719727,3.838885876531113,8.587343138267512,22.556989250067772,101542.390625,1015.42390625,6.5,0.0,0.0,instant,41,,,,291.8485412597656,18.698541259765648,65.65737426757816,36.0,281.25,-78.75
2021-07-29T18:00:00+00:00,42,2021-07-31T12:00:00+00:00,2021-07-31T08:00:00-04:00,294.23358154296875,21.083581542968773,69.95044677734379,287.5,14.350000000000023,57.83000000000004,65.5999984741211,-1.8852709531784058,-3.2383790016174316,3.747178288394472,8.382199106107883,30.20646702222882,101591.578125,1015.91578125,5.699999809265137,0.0,0.0,instant,42,,,,291.59063720703125,18.440637207031273,65.1931469726563,36.0,281.25,-78.75
2021-07-29T18:00:00+00:00,43,2021-07-31T13:00:00+00:00,2021-07-31T09:00:00-04:00,295.9281005859375,22.778100585937523,73.00058105468754,289.1000061035156,15.950006103515648,60.710010986328165,65.19999694824219,-2.689824104309082,-2.9020190238952637,3.9568760565845595,8.8512796541351,42.826826980139174,101608.8515625,1016.088515625,5.0,0.0,0.0,instant,43,,,,291.41461181640625,18.264611816406273,64.8763012695313,36.0,281.25,-78.75
2021-07-29T18:00:00+00:00,44,2021-07-31T14:00:00+00:00,2021-07-31T10:00:00-04:00,297.9718933105469,24.821893310546898,76.67940795898441,290.5,17.350000000000023,63.23000000000004,63.20000076293945,-2.5681493282318115,-3.0530712604522705,3.9895657775624054,8.924404477367576,40.06951130101305,101628.265625,1016.28265625,50.900001525878906,0.0,0.0,instant,44,,,,291.1830139160156,18.033013916015648,64.45942504882817,36.0,281.25,-78.75
2021-07-29T18:00:00+00:00,45,2021-07-31T15:00:00+00:00,2021-07-31T11:00:00-04:00,298.839111328125,25.689111328125023,78.24040039062504,291.1999816894531,18.049981689453148,64.48996704101566,62.400001525878906,-1.9162744283676147,-2.677199602127075,3.2923404129046254,7.364755755423724,35.594166806545104,101633.9140625,1016.339140625,53.20000076293945,0.0,0.0,instant,45,,,,291.1312255859375,17.981225585937523,64.36620605468754,36.0,281.25,-78.75
2021-07-29T18:00:00+00:00,46,2021-07-31T16:00:00+00:00,2021-07-31T12:00:00-04:00,301.4169921875,28.266992187500023,82.88058593750004,291.8999938964844,18.749993896484398,65.74998901367192,56.099998474121094,-1.863584041595459,-1.6027100086212158,2.45797169467508,5.498326088661142,49.30397882570173,101555.1953125,1015.551953125,5.0,0.0,0.0,instant,46,,,,291.29766845703125,18.147668457031273,64.6658032226563,36.0,281.25,-78.75
2021-07-29T18:00:00+00:00,47,2021-07-31T17:00:00+00:00,2021-07-31T13:00:00-04:00,303.1098327636719,29.959832763671898,85.92769897460941,292.0999755859375,18.949975585937523,66.10995605468754,51.29999923706055,-1.8946703672409058,-1.69317626953125,2.540988327443585,5.684029007345164,48.2143645536396,101490.8515625,1014.908515625,5.800000190734863,0.0,0.0,instant,47,,,,290.85491943359375,17.704919433593773,63.86885498046879,36.0,281.25,-78.75
2021-07-29T18:00:00+00:00,48,2021-07-31T18:00:00+00:00,2021-07-31T14:00:00-04:00,304.3450927734375,31.195092773437523,88.15116699218754,291.8999938964844,18.749993896484398,65.74998901367192,47.29999923706055,-1.8913501501083374,-1.3494800329208374,2.3234245736771517,5.197352750709443,54.49210843540027,101428.0703125,1014.280703125,47.900001525878906,0.0,0.0,instant,48,,,,288.93524169921875,15.785241699218773,60.41343505859379,36.0,281.25,-78.75
2021-07-29T18:00:00+00:00,49,2021-07-31T19:00:00+00:00,2021-07-31T15:00:00-04:00,305.153564453125,32.00356445312502,89.60641601562504,291.7210388183594,18.571038818359398,65.42786987304692,44.599998474121094,-1.7108935117721558,-1.2433984279632568,2.1149932054939464,4.731105058817878,53.99207650896608,101376.9453125,1013.769453125,100.0,0.0,0.0,instant,49,,,,289.6104431152344,16.460443115234398,61.628797607421916,36.0,281.25,-78.75
2021-07-29T18:00:00+00:00,50,2021-07-31T20:00:00+00:00,2021-07-31T16:00:00-04:00,303.2803649902344,30.130364990234398,86.23465698242191,292.2450866699219,19.095086669921898,66.37115600585942,51.29999923706055,-1.3299975395202637,-0.7815698385238647,1.5426421709587015,3.4507922578711074,59.55947851123443,101378.3515625,1013.783515625,45.599998474121094,0.0,0.0,instant,50,,,,289.6794738769531,16.529473876953148,61.75305297851567,36.0,281.25,-78.75
2021-07-29T18:00:00+00:00,51,2021-07-31T21:00:00+00:00,2021-07-31T17:00:00-04:00,305.0633544921875,31.913354492187523,89.44403808593754,291.9999694824219,18.849969482421898,65.92994506835942,45.400001525878906,-1.010168433189392,0.6221289038658142,1.1863745767832312,2.653844346777089,121.62752431098491,101332.0859375,1013.320859375,42.599998474121094,0.0,0.0,instant,51,,,,290.0721435546875,16.922143554687523,62.45985839843754,36.0,281.25,-78.75
2021-07-29T18:00:00+00:00,52,2021-07-31T22:00:00+00:00,2021-07-31T18:00:00-04:00,304.4407653808594,31.290765380859398,88.32337768554692,291.89996337890625,18.749963378906273,65.74993408203129,47.099998474121094,-1.4018847942352295,1.62738037109375,2.1479403735972706,4.804805774868621,139.25719087183506,101301.921875,1013.01921875,87.30000305175781,0.0,0.0,instant,52,,,,290.3620300292969,17.212030029296898,62.98165405273441,36.0,281.25,-78.75
2021-07-29T18:00:00+00:00,53,2021-07-31T23:00:00+00:00,2021-07-31T19:00:00-04:00,302.56298828125,29.412988281250023,84.94337890625005,293.5999755859375,20.449975585937523,68.80995605468755,58.099998474121094,-2.025083065032959,1.8714159727096558,2.7573826653542506,6.168089355212615,132.7415840495621,101285.765625,1012.85765625,88.5,0.0,0.0,instant,53,,,,290.5850830078125,17.435083007812523,63.383149414062544,36.0,281.25,-78.75
2021-07-29T18:00:00+00:00,54,2021-08-01T00:00:00+00:00,2021-07-31T20:00:00-04:00,299.4541320800781,26.304132080078148,79.34743774414066,293.82550048828125,20.675500488281273,69.2159008789063,71.19999694824219,-2.2099366188049316,1.3397289514541626,2.5843168386441016,5.780952126530285,121.22548298426,101326.8515625,1013.268515625,99.4000015258789,0.0,0.0,instant,54,,,,290.79510498046875,17.645104980468773,63.76118896484379,36.0,281.25,-78.75
2021-07-29T18:00:00+00:00,55,2021-08-01T01:00:00+00:00,2021-07-31T21:00:00-04:00,298.80853271484375,25.658532714843773,78.18535888671879,293.77447509765625,20.624475097656273,69.1240551757813,73.5,-2.6934642791748047,1.0543872117996216,2.8924872023221173,6.470309597177241,111.37842382491414,101335.546875,1013.35546875,98.0,0.0,0.0,instant,55,,,,291.19415283203125,18.044152832031273,64.47947509765629,36.0,281.25,-78.75
2021-07-29T18:00:00+00:00,56,2021-08-01T02:00:00+00:00,2021-07-31T22:00:00-04:00,298.3796081542969,25.229608154296898,77.41329467773441,293.6999816894531,20.549981689453148,68.98996704101566,75.0999984741211,-3.7663915157318115,0.5307641625404358,3.803605611260692,8.508423432490801,98.02136636476027,101338.140625,1013.38140625,68.5,0.0,0.0,instant,56,,,,291.493896484375,18.343896484375023,65.01901367187504,36.0,281.25,-78.75
2021-07-29T18:00:00+00:00,57,2021-08-01T03:00:00+00:00,2021-07-31T23:00:00-04:00,296.8663330078125,23.716333007812523,74.68939941406254,293.27447509765625,20.124475097656273,68.22405517578129,80.5999984741211,-3.4710278511047363,1.5677978992462158,3.808677538992453,8.519769011704655,114.30779767903047,101370.2109375,1013.702109375,98.30000305175781,0.0,0.0,instant,57,,,,292.2759094238281,19.125909423828148,66.42663696289067,36.0,281.25,-78.75
2021-07-29T18:00:00+00:00,58,2021-08-01T04:00:00+00:00,2021-08-01T00:00:00-04:00,296.24737548828125,23.097375488281273,73.5752758789063,293.50128173828125,20.351281738281273,68.63230712890629,84.80000305175781,-2.1176366806030273,1.0049633979797363,2.3440001156813937,5.243378927347421,115.38753702786303,101347.9296875,1013.479296875,51.0,0.0003279999946244061,1.180799980647862,instant,58,,,,292.2435607910156,19.093560791015648,66.36840942382817,36.0,281.25,-78.75
2021-07-29T18:00:00+00:00,59,2021-08-01T05:00:00+00:00,2021-08-01T01:00:00-04:00,294.60791015625,21.457910156250023,70.62423828125004,293.9878845214844,20.837884521484398,69.50819213867192,95.80000305175781,-1.511203646659851,0.033149413764476776,1.511567181871504,3.381279487006761,91.25662544352994,101362.3671875,1013.623671875,100.0,0.00038400001358240843,1.3824000488966703,instant,59,,,,291.3427734375,18.192773437500023,64.74699218750004,36.0,281.25,-78.75
2021-07-29T18:00:00+00:00,60,2021-08-01T06:00:00+00:00,2021-08-01T02:00:00-04:00,294.5440979003906,21.394097900390648,70.50937622070316,293.99676513671875,20.846765136718773,69.52417724609379,96.9000015258789,-1.4978759288787842,1.396726131439209,2.0480420368145813,4.58133955980355,132.99865434066746,101320.953125,1013.20953125,100.0,0.00015839999832678586,0.5702399939764291,instant,60,,,,290.9974670410156,17.847467041015648,64.12544067382817,36.0,281.25,-78.75
2021-07-29T18:00:00+00:00,61,2021-08-01T07:00:00+00:00,2021-08-01T03:00:00-04:00,294.40130615234375,21.251306152343773,70.2523510742188,294.10003662109375,20.950036621093773,69.71006591796879,97.9000015258789,-1.9817065000534058,0.8862378001213074,2.1708473209136043,4.856047156660706,114.09464283994853,101296.421875,1012.96421875,100.0,0.0,0.0,instant,61,,,,290.9294128417969,17.779412841796898,64.00294311523442,36.0,281.25,-78.75
2021-07-29T18:00:00+00:00,62,2021-08-01T08:00:00+00:00,2021-08-01T04:00:00-04:00,294.5034484863281,21.353448486328148,70.43620727539067,294.30126953125,21.151269531250023,70.07228515625005,98.5,-1.6071996688842773,0.05479736253619194,1.6081335537207888,3.5972923087884463,91.95273924600406,101255.9765625,1012.559765625,100.0,0.0,0.0,instant,62,,,,291.60345458984375,18.453454589843773,65.2162182617188,36.0,281.25,-78.75
2021-07-29T18:00:00+00:00,63,2021-08-01T09:00:00+00:00,2021-08-01T05:00:00-04:00,294.5635681152344,21.413568115234398,70.54442260742192,294.2357177734375,21.085717773437523,69.95429199218754,98.5,-0.33220458030700684,-0.4260595738887787,0.540265345621244,1.2085391589594743,37.94403846146753,101273.390625,1012.73390625,100.0,0.0005920000257901847,2.131200092844665,instant,63,,,,291.14935302734375,17.999353027343773,64.3988354492188,36.0,281.25,-78.75
2021-07-29T18:00:00+00:00,64,2021-08-01T10:00:00+00:00,2021-08-01T06:00:00-04:00,294.7038879394531,21.553887939453148,70.79699829101567,294.4999694824219,21.349969482421898,70.42994506835942,98.80000305175781,-1.2046338319778442,0.2120678722858429,1.2231579830919102,2.7361264832943557,99.98424289026806,101248.515625,1012.48515625,100.0,1.6000000186977559e-06,0.005760000067311921,instant,64,,,,291.3055114746094,18.155511474609398,64.67992065429692,36.0,281.25,-78.75
2021-07-29T18:00:00+00:00,65,2021-08-01T11:00:00+00:00,2021-08-01T07:00:00-04:00,294.8323974609375,21.682397460937523,71.02831542968754,294.5,21.350000000000023,70.43000000000004,98.5,-1.0427685976028442,-0.08783691376447678,1.0464615002790454,2.340867708211892,85.18509488367613,101291.7109375,1012.917109375,100.0,0.0002640000020619482,0.9504000074230134,instant,65,,,,291.19134521484375,18.041345214843773,64.47442138671879,36.0,281.25,-78.75
2021-07-29T18:00:00+00:00,66,2021-08-01T12:00:00+00:00,2021-08-01T08:00:00-04:00,295.25689697265625,22.106896972656273,71.79241455078129,294.912109375,21.762109375000023,71.17179687500004,97.80000305175781,-1.0123120546340942,-0.18019776046276093,1.0282251352857,2.300074121523127,79.90671922336367,101287.5625,1012.875625,100.0,8.000000093488779e-07,0.0028800000336559606,instant,66,,,,291.5569152832031,18.406915283203148,65.13244750976567,36.0,281.25,-78.75
2021-07-29T18:00:00+00:00,67,2021-08-01T13:00:00+00:00,2021-08-01T09:00:00-04:00,296.06109619140625,22.911096191406273,73.23997314453129,295.29998779296875,22.149987792968773,71.86997802734379,95.80000305175781,-0.8405492901802063,0.03695068508386612,0.841361077273376,1.8820711284748008,92.51711129256674,101314.6015625,1013.146015625,100.0,2.4000000848900527e-06,0.00864000030560419,instant,67,,,,291.53912353515625,18.389123535156273,65.1004223632813,36.0,281.25,-78.75
2021-07-29T18:00:00+00:00,68,2021-08-01T14:00:00+00:00,2021-08-01T10:00:00-04:00,296.3531188964844,23.203118896484398,73.76561401367192,295.3523254394531,22.202325439453148,71.96418579101567,94.4000015258789,-0.7387890815734863,-0.6748926043510437,1.000644459565899,2.2383779070461207,47.58792946151783,101329.65625,1013.2965625,100.0,4.7199999244185165e-05,0.1699199972790666,instant,68,,,,291.5260314941406,18.376031494140648,65.07685668945317,36.0,281.25,-78.75
2021-07-29T18:00:00+00:00,69,2021-08-01T15:00:00+00:00,2021-08-01T11:00:00-04:00,297.0483703613281,23.898370361328148,75.01706665039066,295.57147216796875,22.421472167968773,72.35864990234379,91.80000305175781,-0.6874072551727295,-0.6222289800643921,0.9271988126049773,2.07408467386582,47.84915864745108,101352.0,1013.52,98.69999694824219,3.2000000373955118e-06,0.011520000134623842,instant,69,,,,291.3980407714844,18.248040771484398,64.84647338867191,36.0,281.25,-78.75
2021-07-29T18:00:00+00:00,70,2021-08-01T16:00:00+00:00,2021-08-01T12:00:00-04:00,298.7034912109375,25.553491210937523,77.99628417968754,295.5476989746094,22.397698974609398,72.31585815429692,82.5999984741211,0.2219580113887787,-1.6358838081359863,1.6508728577758973,3.6928974091264664,352.2732473310071,101333.203125,1013.33203125,98.4000015258789,3.5999998999614036e-06,0.012959999639861053,instant,70,,,,291.1728210449219,18.022821044921898,64.44107788085941,36.0,281.25,-78.75
2021-07-29T18:00:00+00:00,71,2021-08-01T17:00:00+00:00,2021-08-01T13:00:00-04:00,300.6081848144531,27.458184814453148,81.42473266601567,295.00933837890625,21.859338378906273,71.34680908203129,72.0,0.5681689381599426,-1.336061954498291,1.4518531222364024,3.2477029398631014,336.96206454084785,101301.359375,1013.01359375,87.0999984741211,1.6000000186977559e-06,0.005760000067311921,instant,71,,,,290.9935302734375,17.843530273437523,64.11835449218754,36.0,281.25,-78.75
2021-07-29T18:00:00+00:00,72,2021-08-01T18:00:00+00:00,2021-08-01T14:00:00-04:00,302.59014892578125,29.440148925781273,84.9922680664063,293.8993835449219,20.749383544921898,69.34889038085942,59.400001525878906,0.3212622106075287,-0.5379955768585205,0.6266168276417162,1.4017019229637517,329.1566078972537,101248.984375,1012.48984375,42.900001525878906,0.0,0.0,instant,72,,,,290.1374206542969,16.987420654296898,62.57735717773441,36.0,281.25,-78.75
2021-07-29T18:00:00+00:00,73,2021-08-01T19:00:00+00:00,2021-08-01T15:00:00-04:00,305.7030029296875,32.55300292968752,90.59540527343754,292.6999816894531,19.549981689453148,67.18996704101566,46.0,1.0956225395202637,0.16716553270816803,1.1083018832567404,2.4792007052092413,261.3249518667194,101134.5546875,1011.345546875,95.5,1.359999987471383e-05,0.04895999954896979,instant,73,,,,289.8194274902344,16.669427490234398,62.00496948242191,36.0,281.25,-78.75
2021-07-29T18:00:00+00:00,74,2021-08-01T20:00:00+00:00,2021-08-01T16:00:00-04:00,305.40301513671875,32.25301513671877,90.05542724609379,291.1029968261719,17.952996826171898,64.31539428710941,42.29999923706055,2.174186944961548,-0.034736327826976776,2.174464413162959,4.864138361584995,270.91531948110554,101058.6171875,1010.586171875,99.5999984741211,1.6000000186977559e-06,0.005760000067311921,instant,74,,,,290.9501037597656,17.800103759765648,64.04018676757816,36.0,281.25,-78.75
2021-07-29T18:00:00+00:00,75,2021-08-01T21:00:00+00:00,2021-08-01T17:00:00-04:00,304.0993347167969,30.949334716796898,87.70880249023442,292.8999938964844,19.749993896484398,67.54998901367192,51.20000076293945,1.4326562881469727,-0.2533862292766571,1.4548912746848488,3.254499093335825,280.02987359262704,101038.109375,1010.38109375,95.5999984741211,0.0,0.0,instant,75,,,,291.0258483886719,17.875848388671898,64.17652709960942,36.0,281.25,-78.75
2021-07-29T18:00:00+00:00,76,2021-08-01T22:00:00+00:00,2021-08-01T18:00:00-04:00,303.5963134765625,30.446313476562523,86.80336425781255,292.05609130859375,18.906091308593773,66.0309643554688,49.79999923706055,2.099418878555298,0.6434594988822937,2.195814143851031,4.9118963489867316,252.96000690785704,101027.2265625,1010.272265625,20.100000381469727,0.0,0.0,instant,76,,,,291.6229248046875,18.472924804687523,65.25126464843754,36.0,281.25,-78.75
2021-07-29T18:00:00+00:00,77,2021-08-01T23:00:00+00:00,2021-08-01T19:00:00-04:00,303.4560852050781,30.306085205078148,86.55095336914067,291.79998779296875,18.649987792968773,65.5699780273438,49.400001525878906,1.5255420207977295,0.8374072313308716,1.7402670278738421,3.8928664725166433,241.2365426077593,101008.3359375,1010.083359375,98.9000015258789,0.0,0.0,instant,77,,,,291.46551513671875,18.315515136718773,64.9679272460938,36.0,281.25,-78.75
2021-07-29T18:00:00+00:00,78,2021-08-02T00:00:00+00:00,2021-08-01T20:00:00-04:00,301.3169860839844,28.166986083984398,82.70057495117192,290.1027526855469,16.952752685546898,62.51495483398442,50.20000076293945,0.5522167682647705,1.5634570121765137,1.6581137440105544,3.709094810331408,199.45334283504647,101092.6171875,1010.926171875,18.399999618530273,0.0,0.0,instant,78,,,,291.5082092285156,18.358209228515648,65.04477661132816,36.0,281.25,-78.75
2021-07-29T18:00:00+00:00,79,2021-08-02T01:00:00+00:00,2021-08-01T21:00:00-04:00,298.9208984375,25.770898437500023,78.38761718750004,290.70001220703125,17.550012207031273,63.59002197265629,60.20000076293945,1.539343237876892,1.165124535560608,1.930567996047442,4.318557614637258,232.87802425311244,101073.734375,1010.73734375,100.0,0.0,0.0,instant,79,,,,291.6659240722656,18.515924072265648,65.32866333007817,36.0,281.25,-78.75
2021-07-29T18:00:00+00:00,80,2021-08-02T02:00:00+00:00,2021-08-01T22:00:00-04:00,299.5314636230469,26.381463623046898,79.48663452148442,291.0585021972656,17.908502197265648,64.23530395507817,59.400001525878906,1.4667479991912842,-0.20367431640625,1.4808217044246712,3.3125038126894,277.90560354877937,101150.046875,1011.50046875,96.69999694824219,0.0,0.0,instant,80,,,,291.81414794921875,18.664147949218773,65.59546630859379,36.0,281.25,-78.75
2021-07-29T18:00:00+00:00,81,2021-08-02T03:00:00+00:00,2021-08-01T23:00:00-04:00,299.00653076171875,25.856530761718773,78.54175537109379,290.79998779296875,17.649987792968773,63.76997802734379,60.5,0.8565039038658142,-1.716064453125,1.917935385933683,4.290299270610417,333.47578534556396,101222.2265625,1012.222265625,48.099998474121094,0.0,0.0,instant,81,,,,291.03118896484375,17.881188964843773,64.18614013671879,36.0,281.25,-78.75
2021-07-29T18:00:00+00:00,82,2021-08-02T04:00:00+00:00,2021-08-02T00:00:00-04:00,297.3950500488281,24.245050048828148,75.64109008789066,290.0,16.850000000000023,62.33000000000004,63.400001525878906,0.15163330733776093,-1.3884838819503784,1.3967391131955103,3.124416412838915,353.7675509107457,101279.796875,1012.79796875,5.0,0.0,0.0,instant,82,,,,290.8401184082031,17.690118408203148,63.842213134765665,36.0,281.25,-78.75
2021-07-29T18:00:00+00:00,83,2021-08-02T05:00:00+00:00,2021-08-02T01:00:00-04:00,296.3950500488281,23.245050048828148,73.84109008789066,289.1084899902344,15.958489990234398,60.72528198242192,63.29999923706055,0.4619506895542145,-1.7409595251083374,1.8012047378477167,4.0291802475118885,345.1394341442712,101253.109375,1012.53109375,82.9000015258789,0.0,0.0,instant,83,,,,290.78515625,17.635156250000023,63.74328125000004,36.0,281.25,-78.75
2021-07-29T18:00:00+00:00,84,2021-08-02T06:00:00+00:00,2021-08-02T02:00:00-04:00,296.3997497558594,23.249749755859398,73.84954956054692,288.2170104980469,15.067010498046898,59.120618896484416,60.0,0.8728930950164795,-2.18963623046875,2.357212162090813,5.272933433452958,338.26542363123474,101229.6015625,1012.296015625,65.0999984741211,0.0,0.0,instant,84,,,,290.94232177734375,17.792321777343773,64.02617919921879,36.0,281.25,-78.75
2021-07-29T18:00:00+00:00,85,2021-08-02T07:00:00+00:00,2021-08-02T03:00:00-04:00,296.2388610839844,23.088861083984398,73.55994995117192,288.0,14.850000000000023,58.73000000000004,59.400001525878906,0.8726660013198853,-2.331979990005493,2.4899149832164267,5.569781190086847,339.48330844469945,101203.5078125,1012.035078125,89.9000015258789,0.0,0.0,instant,85,,,,290.900146484375,17.750146484375023,63.95026367187504,36.0,281.25,-78.75
2021-07-29T18:00:00+00:00,86,2021-08-02T08:00:00+00:00,2021-08-02T04:00:00-04:00,295.0107727050781,21.860772705078148,71.34939086914066,288.0,14.850000000000023,58.73000000000004,64.0999984741211,0.9883667230606079,-2.366286516189575,2.564406491949777,5.736413949422365,337.3303484581304,101226.5,1012.265,99.0,0.0,0.0,instant,86,,,,291.076904296875,17.926904296875023,64.26842773437504,36.0,281.25,-78.75
2021-07-29T18:00:00+00:00,87,2021-08-02T09:00:00+00:00,2021-08-02T05:00:00-04:00,294.1289367675781,20.978936767578148,69.76208618164067,287.981689453125,14.831689453125023,58.69704101562504,67.69999694824219,0.7708813548088074,-1.939943790435791,2.0874961013717477,4.669595788680533,338.3284613112376,101251.296875,1012.51296875,100.0,0.0,0.0,instant,87,,,,291.0444030761719,17.894403076171898,64.20992553710941,36.0,281.25,-78.75
2021-07-29T18:00:00+00:00,88,2021-08-02T10:00:00+00:00,2021-08-02T06:00:00-04:00,293.933349609375,20.783349609375023,69.41002929687504,288.0,14.850000000000023,58.73000000000004,68.5999984741211,0.39274901151657104,-0.9629882574081421,1.039999120169442,2.32641177561167,337.8122020226069,101354.0859375,1013.540859375,74.30000305175781,0.0,0.0,instant,88,,,,290.3131408691406,17.163140869140648,62.89365356445317,36.0,281.25,-78.75
2021-07-29T18:00:00+00:00,89,2021-08-02T11:00:00+00:00,2021-08-02T07:00:00-04:00,293.8150634765625,20.665063476562523,69.19711425781254,288.6000061035156,15.450006103515648,59.810010986328166,72.4000015258789,0.061870116740465164,-1.0760912895202637,1.0778684403612822,2.4111230323042254,356.7093886851438,101405.7734375,1014.057734375,83.0,0.0,0.0,instant,89,,,,290.2413635253906,17.091363525390648,62.764454345703165,36.0,281.25,-78.75
2021-07-29T18:00:00+00:00,90,2021-08-02T12:00:00+00:00,2021-08-02T08:00:00-04:00,295.63336181640625,22.483361816406273,72.4700512695313,289.3999938964844,16.249993896484398,61.249989013671915,67.4000015258789,0.08710204809904099,-1.6519994735717773,1.6542941175814163,3.7005505493499786,356.9818616767259,101448.8515625,1014.488515625,100.0,0.0,0.0,instant,90,,,,290.09613037109375,16.946130371093773,62.50303466796879,36.0,281.25,-78.75
2021-07-29T18:00:00+00:00,91,2021-08-02T13:00:00+00:00,2021-08-02T09:00:00-04:00,297.496337890625,24.346337890625023,75.82340820312504,289.5,16.350000000000023,61.43000000000004,60.5,-0.18342529237270355,-1.9209522008895874,1.9296896631283906,4.316592839854126,5.4544448843927285,101483.1640625,1014.831640625,100.0,0.0,0.0,instant,91,,,,289.8042297363281,16.654229736328148,61.977613525390666,36.0,281.25,-78.75
2021-07-29T18:00:00+00:00,92,2021-08-02T14:00:00+00:00,2021-08-02T10:00:00-04:00,298.72723388671875,25.577233886718773,78.0390209960938,289.6999816894531,16.549981689453148,61.789967041015665,57.0,-0.39246827363967896,-1.9731738567352295,2.0118266363474486,4.500328016167337,11.249429917867701,101476.640625,1014.76640625,100.0,0.0,0.0,instant,92,,,,289.6712646484375,16.521264648437523,61.73827636718754,36.0,281.25,-78.75
2021-07-29T18:00:00+00:00,93,2021-08-02T15:00:00+00:00,2021-08-02T11:00:00-04:00,301.6000061035156,28.450006103515648,83.21001098632817,288.8999938964844,15.749993896484398,60.349989013671916,45.79999923706055,-0.7540527582168579,-2.160087823867798,2.287919353691552,5.1179298355662795,19.243293086099584,101443.859375,1014.43859375,93.19999694824219,0.0,0.0,instant,93,,,,289.5747375488281,16.424737548828148,61.564527587890666,36.0,281.25,-78.75
2021-07-29T18:00:00+00:00,94,2021-08-02T16:00:00+00:00,2021-08-02T12:00:00-04:00,303.3999938964844,30.249993896484398,86.44998901367191,288.600830078125,15.450830078125023,59.811494140625044,40.29999923706055,-0.9669238328933716,-1.697290062904358,1.953390707526553,4.369610566227968,29.66959615688353,101419.28125,1014.1928125,93.80000305175781,0.0,0.0,instant,94,,,,288.97003173828125,15.820031738281273,60.47605712890629,36.0,281.25,-78.75
2021-07-29T18:00:00+00:00,95,2021-08-02T17:00:00+00:00,2021-08-02T13:00:00-04:00,304.84271240234375,31.692712402343773,89.04688232421879,288.79998779296875,15.649987792968773,60.16997802734379,37.79999923706055,-0.7498534917831421,-1.2109814882278442,1.4243442083885114,3.186167252121756,31.766261985835968,101373.4375,1013.734375,99.19999694824219,0.0,0.0,instant,95,,,,288.8893737792969,15.739373779296898,60.33087280273442,36.0,281.25,-78.75
2021-07-29T18:00:00+00:00,96,2021-08-02T18:00:00+00:00,2021-08-02T14:00:00-04:00,306.0008239746094,32.8508239746094,91.13148315429692,289.0,15.850000000000023,60.530000000000044,35.900001525878906,-1.1195287704467773,-0.1454736292362213,1.1289407622462884,2.5253685626482802,82.59636479422113,101307.359375,1013.07359375,100.0,0.0,0.0,instant,96,,,,289.611083984375,16.461083984375023,61.62995117187504,36.0,281.25,-78.75
2021-07-29T18:00:00+00:00,97,2021-08-02T19:00:00+00:00,2021-08-02T15:00:00-04:00,305.8008117675781,32.65081176757815,90.77146118164066,288.8008117675781,15.650811767578148,60.171461181640666,35.900001525878906,-1.2952221632003784,0.35682129859924316,1.3434738148469876,3.005265333856,105.40237142066104,101273.140625,1012.73140625,100.0,0.0,0.0,instant,97,,,,290.181396484375,17.031396484375023,62.65651367187504,36.0,281.25,-78.75
2021-07-29T18:00:00+00:00,98,2021-08-02T20:00:00+00:00,2021-08-02T16:00:00-04:00,304.70001220703125,31.550012207031273,88.79002197265629,289.29998779296875,16.149987792968773,61.069978027343794,39.5,-1.3187987804412842,1.9508471488952637,2.3547897616658258,5.267514678028416,145.9407803489272,101238.046875,1012.38046875,100.0,0.0,0.0,instant,98,,,,290.4298400878906,17.279840087890648,63.103712158203166,36.0,281.25,-78.75
2021-07-29T18:00:00+00:00,99,2021-08-02T21:00:00+00:00,2021-08-02T17:00:00-04:00,301.60162353515625,28.451623535156273,83.2129223632813,291.6316833496094,18.481683349609398,65.26703002929692,54.5,-1.832766056060791,1.5648242235183716,2.4099183112210465,5.390833731256809,130.49085463034976,101133.0859375,1011.330859375,81.0,0.0,0.0,instant,99,,,,290.2317199707031,17.081719970703148,62.74709594726566,36.0,281.25,-78.75
2021-07-29T18:00:00+00:00,100,2021-08-02T22:00:00+00:00,2021-08-02T18:00:00-04:00,301.60211181640625,28.452111816406273,83.21380126953129,291.3999938964844,18.249993896484398,64.84998901367192,53.70000076293945,-2.99041748046875,1.8118700981140137,3.4964939525091063,7.821434217316353,121.21133794410588,101189.9921875,1011.899921875,82.5999984741211,0.0,0.0,instant,100,,,,290.2098388671875,17.059838867187523,62.70770996093754,36.0,281.25,-78.75
2021-07-29T18:00:00+00:00,101,2021-08-02T23:00:00+00:00,2021-08-02T19:00:00-04:00,301.10174560546875,27.951745605468773,82.3131420898438,291.93170166015625,18.781701660156273,65.80706298828129,57.599998474121094,-2.9623827934265137,1.008884310722351,3.1294663070899467,7.000416757090961,108.8070530834296,101153.921875,1011.53921875,85.4000015258789,0.0,0.0,instant,101,,,,290.4405212402344,17.290521240234398,63.122938232421916,36.0,281.25,-78.75
2021-07-29T18:00:00+00:00,102,2021-08-03T00:00:00+00:00,2021-08-02T20:00:00-04:00,299.0362243652344,25.886224365234398,78.59520385742192,292.1000061035156,18.950006103515648,66.11001098632816,65.30000305175781,-3.0085058212280273,1.0644726753234863,3.191270805317729,7.1386694821889,109.48485104462836,101251.890625,1012.51890625,100.0,0.0,0.0,instant,102,,,,290.3043212890625,17.154321289062523,62.877778320312544,36.0,281.25,-78.75
2021-07-29T18:00:00+00:00,103,2021-08-03T01:00:00+00:00,2021-08-02T21:00:00-04:00,297.87152099609375,24.721520996093773,76.4987377929688,291.68572998046875,18.535729980468773,65.36431396484379,68.30000305175781,-2.565908193588257,-0.5936328172683716,2.6336827408899,5.891380504853921,76.97358304687384,101140.671875,1011.40671875,60.70000076293945,0.0,0.0,instant,103,,,,291.0132141113281,17.863214111328148,64.15378540039066,36.0,281.25,-78.75
2021-07-29T18:00:00+00:00,104,2021-08-03T02:00:00+00:00,2021-08-02T22:00:00-04:00,297.1678771972656,24.017877197265648,75.23217895507817,291.4999694824219,18.349969482421898,65.02994506835941,70.5999984741211,-3.722048282623291,1.4894824028015137,4.009014997032858,8.967911142253161,111.81020838417965,101308.171875,1013.08171875,100.0,3.2000000373955118e-06,0.011520000134623842,instant,104,,,,289.8798522949219,16.729852294921898,62.11373413085941,36.0,281.25,-78.75
2021-07-29T18:00:00+00:00,105,2021-08-03T03:00:00+00:00,2021-08-02T23:00:00-04:00,295.79998779296875,22.649987792968773,72.7699780273438,293.73211669921875,20.582116699218773,69.0478100585938,87.69999694824219,-0.8145898580551147,3.157478094100952,3.2608625471757673,7.2943417751784265,165.53384352153142,101323.7265625,1013.237265625,100.0,0.00041119998786598444,1.480319956317544,instant,105,,,,289.7142639160156,16.564263916015648,61.81567504882817,36.0,281.25,-78.75
2021-07-29T18:00:00+00:00,106,2021-08-03T04:00:00+00:00,2021-08-03T00:00:00-04:00,294.63214111328125,21.482141113281273,70.66785400390629,293.6999816894531,20.549981689453148,68.98996704101566,94.5999984741211,1.6508593559265137,4.115156173706055,4.433942596272662,9.918447110488229,201.858961839078,101339.7421875,1013.397421875,100.0,7.360000017797574e-05,0.2649600006407127,instant,106,,,,289.55322265625,16.403222656250023,61.52580078125004,36.0,281.25,-78.75
2021-07-29T18:00:00+00:00,107,2021-08-03T05:00:00+00:00,2021-08-03T01:00:00-04:00,294.1678771972656,21.017877197265648,69.83217895507816,293.4678649902344,20.317864990234398,68.57215698242192,95.5999984741211,2.2406983375549316,0.9743432402610779,2.4433734445974262,5.465670733261953,246.49871242438522,101221.3125,1012.213125,100.0,0.0002111999929184094,0.7603199745062739,instant,107,,,,290.775390625,17.625390625000023,63.72570312500004,36.0,281.25,-78.75
2021-07-29T18:00:00+00:00,108,2021-08-03T06:00:00+00:00,2021-08-03T02:00:00-04:00,294.20001220703125,21.050012207031273,69.89002197265629,293.5,20.350000000000023,68.63000000000004,95.5,-0.8998925685882568,-0.621105968952179,1.0934254705595603,2.4459231177513403,55.38655695063687,101198.03125,1011.9803125,100.0,3.9200000173877925e-05,0.14112000062596053,instant,108,,,,290.7467041015625,17.596704101562523,63.67406738281254,36.0,281.25,-78.75
2021-07-29T18:00:00+00:00,109,2021-08-03T07:00:00+00:00,2021-08-03T03:00:00-04:00,293.81158447265625,20.661584472656273,69.19085205078129,293.5,20.350000000000023,68.63000000000004,98.0999984741211,-1.7846606969833374,0.39439940452575684,1.827721175028435,4.088495828177418,102.4617329785074,101182.9296875,1011.829296875,100.0,0.00018119999731425196,0.652319990331307,instant,109,,,,289.81494140625,16.664941406250023,61.99689453125004,36.0,281.25,-78.75
2021-07-29T18:00:00+00:00,110,2021-08-03T08:00:00+00:00,2021-08-03T04:00:00-04:00,294.1590881347656,21.009088134765648,69.81635864257817,293.8182678222656,20.668267822265648,69.20288208007817,98.0999984741211,-0.89898681640625,0.12794922292232513,0.9080464193633889,2.031241990344014,98.10027811970463,101157.6796875,1011.576796875,100.0,0.00011760000052163377,0.4233600018778816,instant,110,,,,288.4952087402344,15.345208740234398,59.62137573242192,36.0,281.25,-78.75
2021-07-29T18:00:00+00:00,111,2021-08-03T09:00:00+00:00,2021-08-03T05:00:00-04:00,294.14202880859375,20.992028808593773,69.78565185546879,293.82373046875,20.673730468750023,69.21271484375004,98.0999984741211,0.07414794713258743,-1.5515307188034058,1.5533014805421999,3.474636454326678,357.2639055606936,101154.078125,1011.54078125,100.0,0.0004096000047866255,1.4745600172318518,instant,111,,,,287.7208557128906,14.570855712890648,58.22754028320317,36.0,281.25,-78.75
2021-07-29T18:00:00+00:00,112,2021-08-03T10:00:00+00:00,2021-08-03T06:00:00-04:00,293.9059753417969,20.755975341796898,69.36075561523441,293.59967041015625,20.449670410156273,68.8094067382813,98.5999984741211,-0.1693457067012787,-1.7827831506729126,1.7908081222457621,4.005923680757338,5.4262171207958545,101178.4453125,1011.784453125,100.0,0.0006155999726615846,2.2161599015817046,instant,112,,,,287.5513610839844,14.401361083984398,57.92244995117191,36.0,281.25,-78.75
2021-07-29T18:00:00+00:00,113,2021-08-03T11:00:00+00:00,2021-08-03T07:00:00-04:00,293.6003723144531,20.450372314453148,68.81067016601567,293.31829833984375,20.168298339843773,68.3029370117188,98.69999694824219,-0.07828857749700546,-1.9265551567077637,1.9281451898661004,4.313137951561601,2.3270231484900705,101227.3125,1012.273125,100.0,0.00039760000072419643,1.4313600026071072,instant,113,,,,287.2290344238281,14.079034423828148,57.34226196289067,36.0,281.25,-78.75
2021-07-29T18:00:00+00:00,114,2021-08-03T12:00:00+00:00,2021-08-03T08:00:00-04:00,293.8506774902344,20.700677490234398,69.26121948242192,293.5,20.350000000000023,68.63000000000004,98.30000305175781,-0.37538573145866394,-1.9831445217132568,2.01835988896531,4.514942486053391,10.718596296605881,101268.3046875,1012.683046875,100.0,0.0001880000054370612,0.6768000195734203,instant,114,,,,287.0553283691406,13.905328369140648,57.029591064453165,36.0,281.25,-78.75
2021-07-29T18:00:00+00:00,115,2021-08-03T13:00:00+00:00,2021-08-03T09:00:00-04:00,293.8638000488281,20.713800048828148,69.28484008789067,293.2182922363281,20.068292236328148,68.12292602539067,96.5,-1.6554638147354126,-2.9074902534484863,3.3457525335559812,7.484235266544331,29.656276469792658,101344.8359375,1013.448359375,100.0,0.00028959999326616526,1.042559975758195,instant,115,,,,286.6602783203125,13.510278320312523,56.31850097656254,36.0,281.25,-78.75
2021-07-29T18:00:00+00:00,116,2021-08-03T14:00:00+00:00,2021-08-03T10:00:00-04:00,292.78204345703125,19.632043457031273,67.3376782226563,292.1182861328125,18.968286132812523,66.14291503906254,95.9000015258789,-3.650805711746216,-2.6758227348327637,4.526412448415045,10.12529627866643,53.76080793072509,101414.0625,1014.140625,100.0,0.00022159999934956431,0.7977599976584315,instant,116,,,,286.7196044921875,13.569604492187523,56.42528808593754,36.0,281.25,-78.75
2021-07-29T18:00:00+00:00,117,2021-08-03T15:00:00+00:00,2021-08-03T11:00:00-04:00,291.97314453125,18.823144531250023,65.88166015625004,291.3316650390625,18.181665039062523,64.72699707031254,96.4000015258789,-2.7423436641693115,-2.028200626373291,3.410871817179675,7.629902955394755,53.51386694534432,101506.765625,1015.06765625,100.0,0.0003136000013910234,1.1289600050076842,instant,117,,,,286.5582275390625,13.408227539062523,56.13480957031254,36.0,281.25,-78.75
2021-07-29T18:00:00+00:00,118,2021-08-03T16:00:00+00:00,2021-08-03T12:00:00-04:00,291.6042175292969,18.454217529296898,65.21759155273442,291.0,17.850000000000023,64.13000000000004,96.4000015258789,-3.4525585174560547,-2.325793504714966,4.16286869154345,9.312072055170555,56.03407878936889,101547.40625,1015.4740625,100.0,0.0003535999858286232,1.2729599489830434,instant,118,,,,286.933349609375,13.783349609375023,56.810029296875044,36.0,281.25,-78.75
2021-07-29T18:00:00+00:00,119,2021-08-03T17:00:00+00:00,2021-08-03T13:00:00-04:00,291.65240478515625,18.502404785156273,65.30432861328129,290.6451110839844,17.495111083984398,63.491199951171915,93.9000015258789,-3.7450976371765137,-1.4440966844558716,4.013872387862069,8.978776816083716,68.9135334406867,101619.2890625,1016.192890625,100.0,2.1600000764010474e-05,0.0777600027504377,instant,119,,,,286.6798095703125,13.529809570312523,56.35365722656254,36.0,281.25,-78.75
2021-07-29T18:00:00+00:00,120,2021-08-03T18:00:00+00:00,2021-08-03T14:00:00-04:00,292.8683166503906,19.718316650390648,67.49296997070317,290.5585021972656,17.408502197265648,63.33530395507817,86.30000305175781,-3.874338388442993,-1.2345800399780273,4.066286490555627,9.096023824614402,72.3252234399942,101605.765625,1016.05765625,100.0,1.6000000186977559e-06,0.005760000067311921,instant,120,,,,286.73468017578125,13.584680175781273,56.452424316406294,36.0,281.25,-78.75
2021-07-29T18:00:00+00:00,123,2021-08-03T21:00:00+00:00,2021-08-03T17:00:00-04:00,296.04022216796875,22.890222167968773,73.20239990234379,289.96380615234375,16.813806152343773,62.26485107421879,68.69999694824219,-3.1511645317077637,-0.4166235327720642,3.1785866472305715,7.110295828629581,82.46845972876258,101584.09375,1015.8409375,31.100000381469727,0.0,0.0,instant,123,,,,287.6577453613281,14.507745361328148,58.113941650390665,36.0,281.25,-78.75
2021-07-29T18:00:00+00:00,126,2021-08-04T00:00:00+00:00,2021-08-03T20:00:00-04:00,293.5718994140625,20.421899414062523,68.75941894531255,290.5999755859375,17.449975585937523,63.40995605468754,83.5,-1.9593212604522705,0.31627196073532104,1.9846832882874885,4.439610075804148,99.16954068203768,101700.0390625,1017.000390625,0.10000000149011612,0.0,0.0,instant,126,,,,288.61346435546875,15.463464355468773,59.83423583984379,36.0,281.25,-78.75
2021-07-29T18:00:00+00:00,129,2021-08-04T03:00:00+00:00,2021-08-03T23:00:00-04:00,291.2561950683594,18.106195068359398,64.59115112304691,290.1000061035156,16.950006103515648,62.51001098632817,93.0,-1.4497119188308716,0.0077148438431322575,1.4497324464934251,3.242959123329956,90.3049045906445,101854.6953125,1018.546953125,4.5,0.0,0.0,instant,129,,,,287.91339111328125,14.763391113281273,58.57410400390629,36.0,281.25,-78.75
2021-07-29T18:00:00+00:00,132,2021-08-04T06:00:00+00:00,2021-08-04T02:00:00-04:00,290.5121154785156,17.362115478515648,63.25180786132817,289.8999938964844,16.749993896484398,62.14998901367191,96.5999984741211,-1.519504427909851,0.562487781047821,1.6202734986000806,3.6244485920724743,110.31346601690132,101903.546875,1019.03546875,99.4000015258789,0.0,0.0,instant,132,,,,287.556884765625,14.406884765625023,57.93239257812504,36.0,281.25,-78.75
2021-07-29T18:00:00+00:00,135,2021-08-04T09:00:00+00:00,2021-08-04T05:00:00-04:00,290.6692199707031,17.519219970703148,63.534595947265665,289.67449951171875,16.524499511718773,61.74409912109379,94.80000305175781,-1.853908658027649,-1.438291072845459,2.346413970836523,5.248778567547692,52.195135671715775,101814.828125,1018.14828125,100.0,0.0,0.0,instant,135,,,,288.0660400390625,14.916040039062523,58.84887207031254,36.0,281.25,-78.75
2021-07-29T18:00:00+00:00,138,2021-08-04T12:00:00+00:00,2021-08-04T08:00:00-04:00,291.7911071777344,18.641107177734398,65.55399291992191,289.79998779296875,16.649987792968773,61.96997802734379,88.19999694824219,-2.7301366329193115,-0.6548071503639221,2.8075645030124803,6.280342929072291,76.5127132072655,101987.390625,1019.87390625,100.0,0.0,0.0,instant,138,,,,287.65582275390625,14.505822753906273,58.11048095703129,36.0,281.25,-78.75
2021-07-29T18:00:00+00:00,141,2021-08-04T15:00:00+00:00,2021-08-04T11:00:00-04:00,296.1184387207031,22.968438720703148,73.34318969726567,291.0481262207031,17.898126220703148,64.21662719726567,73.0999984741211,-4.402536392211914,-0.048186033964157104,4.402800083880654,9.84878329429279,89.37291917781795,102057.5703125,1020.575703125,100.0,2.4000000848900527e-06,0.00864000030560419,instant,141,,,,286.7552795410156,13.605279541015648,56.48950317382817,36.0,281.25,-78.75
2021-07-29T18:00:00+00:00,144,2021-08-04T18:00:00+00:00,2021-08-04T14:00:00-04:00,297.3999938964844,24.249993896484398,75.64998901367191,292.0999755859375,18.949975585937523,66.10995605468754,72.4000015258789,-4.1467604637146,-0.2710888683795929,4.155612050948193,9.29583941246463,86.25968802965451,101973.328125,1019.73328125,100.0,1.2000000424450263e-05,0.04320000152802095,instant,144,,,,287.576416015625,14.426416015625023,57.96754882812504,36.0,281.25,-78.75
2021-07-29T18:00:00+00:00,147,2021-08-04T21:00:00+00:00,2021-08-04T17:00:00-04:00,298.4784240722656,25.328424072265648,77.59116333007816,292.89996337890625,19.749963378906273,67.54993408203129,71.0,-4.929912090301514,-0.20540039241313934,4.934189147094435,11.037466774996487,87.61420228558188,101824.875,1018.24875,66.4000015258789,6.4000000747910235e-06,0.023040000269247685,instant,147,,,,289.4805908203125,16.330590820312523,61.39506347656254,36.0,281.25,-78.75
2021-07-29T18:00:00+00:00,150,2021-08-05T00:00:00+00:00,2021-08-04T20:00:00-04:00,295.42156982421875,22.271569824218773,72.0888256835938,294.0999755859375,20.949975585937523,69.70995605468754,92.0999984741211,-2.730463981628418,0.2216210961341858,2.7394432765110928,6.12796008525208,94.64030246119,101802.2734375,1018.022734375,100.0,8.000000093488779e-07,0.0028800000336559606,instant,150,,,,289.5007629394531,16.350762939453148,61.43137329101567,36.0,281.25,-78.75
2021-07-29T18:00:00+00:00,153,2021-08-05T03:00:00+00:00,2021-08-04T23:00:00-04:00,293.70001220703125,20.550012207031273,68.9900219726563,293.4784240722656,20.328424072265648,68.59116333007816,99.0,-2.269892692565918,1.013181209564209,2.485749182676753,5.560462559674191,114.0539030710066,101890.890625,1018.90890625,100.0,0.0010543999960646033,3.795839985832572,instant,153,,,,289.1136779785156,15.963677978515648,60.73462036132817,36.0,281.25,-78.75
2021-07-29T18:00:00+00:00,156,2021-08-05T06:00:00+00:00,2021-08-05T02:00:00-04:00,294.0215759277344,20.871575927734398,69.56883666992192,293.62158203125,20.471582031250023,68.84884765625004,97.80000305175781,-1.0524438619613647,1.212243676185608,1.6053575343306392,3.591082530267174,139.03618801712602,101878.875,1018.78875,100.0,0.00011919999815290794,0.4291199933504686,instant,156,,,,288.1655578613281,15.015557861328148,59.028004150390665,36.0,281.25,-78.75
2021-07-29T18:00:00+00:00,159,2021-08-05T09:00:00+00:00,2021-08-05T05:00:00-04:00,293.64312744140625,20.493127441406273,68.88762939453129,293.32159423828125,20.171594238281273,68.3088696289063,98.4000015258789,-1.5575121641159058,-0.13585692644119263,1.5634261242000083,3.497284637168948,85.0148855014126,101849.0,1018.49,100.0,8.520000119460747e-05,0.3067200043005869,instant,159,,,,287.47503662109375,14.325036621093773,57.785065917968794,36.0,281.25,-78.75
2021-07-29T18:00:00+00:00,162,2021-08-05T12:00:00+00:00,2021-08-05T08:00:00-04:00,293.84002685546875,20.690026855468773,69.24204833984379,293.7350158691406,20.585015869140648,69.05302856445317,99.19999694824219,-1.4189502000808716,0.3840649425983429,1.47000869060105,3.2883157896408566,105.1452620737681,101925.7734375,1019.257734375,100.0,0.00021559999731834978,0.7761599903460592,instant,162,,,,287.57513427734375,14.425134277343773,57.965241699218794,36.0,281.25,-78.75
2021-07-29T18:00:00+00:00,165,2021-08-05T15:00:00+00:00,2021-08-05T11:00:00-04:00,295.70501708984375,22.555017089843773,72.5990307617188,294.6999816894531,21.549981689453148,70.78996704101567,94.0999984741211,0.4780541956424713,1.7404004335403442,1.80486273246438,4.0373629484260425,195.35923502796976,101980.859375,1019.80859375,99.80000305175781,0.00013919999764766544,0.5011199915315956,instant,165,,,,287.7137756347656,14.563775634765648,58.214796142578166,36.0,281.25,-78.75
2021-07-29T18:00:00+00:00,168,2021-08-05T18:00:00+00:00,2021-08-05T14:00:00-04:00,299.4400329589844,26.290032958984398,79.32205932617191,295.93499755859375,22.784997558593773,73.01299560546879,80.9000015258789,-1.2105004787445068,3.522575616836548,3.724761789077533,8.33205482524501,161.03519115295614,101859.1484375,1018.591484375,99.9000015258789,0.00032240001019090414,1.160640036687255,instant,168,,,,288.28204345703125,15.132043457031273,59.23767822265629,36.0,281.25,-78.75
2021-07-29T18:00:00+00:00,171,2021-08-05T21:00:00+00:00,2021-08-05T17:00:00-04:00,298.1000061035156,24.950006103515648,76.91001098632816,296.3999938964844,23.249993896484398,73.84998901367192,90.19999694824219,0.2231420874595642,4.65554666519165,4.660891239127224,10.426116766122089,182.74410799497883,101759.9296875,1017.599296875,100.0,0.0004191999905742705,1.5091199660673738,instant,171,,,,288.75958251953125,15.609582519531273,60.09724853515629,36.0,281.25,-78.75
2021-07-29T18:00:00+00:00,174,2021-08-06T00:00:00+00:00,2021-08-05T20:00:00-04:00,294.9668884277344,21.816888427734398,71.27039916992192,294.6445007324219,21.494500732421898,70.69010131835941,97.9000015258789,0.27541258931159973,3.223210334777832,3.23495547984357,7.236389316042337,184.88387067850243,101830.109375,1018.30109375,100.0,6.240000220714137e-05,0.22464000794570893,instant,174,,,,288.8475646972656,15.697564697265648,60.25561645507817,36.0,281.25,-78.75
2021-07-29T18:00:00+00:00,177,2021-08-06T03:00:00+00:00,2021-08-05T23:00:00-04:00,294.5988464355469,21.448846435546898,70.60792358398442,294.3193359375,21.169335937500023,70.10480468750004,98.30000305175781,-0.8554834127426147,2.8278393745422363,2.9544081298441447,6.608822767188935,163.16828309892037,101876.8125,1018.768125,100.0,0.000195999993593432,0.7055999769363552,instant,177,,,,288.24932861328125,15.099328613281273,59.17879150390629,36.0,281.25,-78.75
2021-07-29T18:00:00+00:00,180,2021-08-06T06:00:00+00:00,2021-08-06T02:00:00-04:00,294.6683044433594,21.518304443359398,70.73294799804691,294.0450744628906,20.895074462890648,69.61113403320317,96.5,-0.846752941608429,3.981135368347168,4.070187878369654,9.104750980604978,167.99261281123535,101837.265625,1018.37265625,100.0,1.6000000186977559e-06,0.005760000067311921,instant,180,,,,288.6162414550781,15.466241455078148,59.83923461914067,36.0,281.25,-78.75
2021-07-29T18:00:00+00:00,183,2021-08-06T09:00:00+00:00,2021-08-06T05:00:00-04:00,293.68310546875,20.533105468750023,68.95958984375004,293.6000061035156,20.450006103515648,68.81001098632817,98.9000015258789,-0.04976074397563934,1.3370580673217773,1.3379837095537657,2.9929843180783915,177.86863004841692,101834.765625,1018.34765625,100.0,3.440000000409782e-05,0.12384000001475215,instant,183,,,,288.4113464355469,15.261346435546898,59.47042358398441,36.0,281.25,-78.75
2021-07-29T18:00:00+00:00,186,2021-08-06T12:00:00+00:00,2021-08-06T08:00:00-04:00,294.8507080078125,21.700708007812523,71.06127441406254,294.3316955566406,21.181695556640648,70.12705200195316,96.5,-0.22733886539936066,1.993898868560791,2.0068172955625707,4.489122439966375,173.4953822731103,101932.078125,1019.32078125,100.0,0.0,0.0,instant,186,,,,288.54296875,15.392968750000023,59.70734375000004,36.0,281.25,-78.75
2021-07-29T18:00:00+00:00,189,2021-08-06T15:00:00+00:00,2021-08-06T11:00:00-04:00,296.66339111328125,23.513391113281273,74.32410400390629,294.5,21.350000000000023,70.43000000000004,88.0999984741211,1.958559513092041,2.038032293319702,2.8265758427711254,6.322870084938981,223.86081564434588,101980.796875,1019.80796875,100.0,1.2800000149582047e-05,0.04608000053849537,instant,189,,,,288.76202392578125,15.612023925781273,60.10164306640629,36.0,281.25,-78.75
2021-07-29T18:00:00+00:00,192,2021-08-06T18:00:00+00:00,2021-08-06T14:00:00-04:00,299.46337890625,26.313378906250023,79.36408203125004,293.5999755859375,20.449975585937523,68.80995605468755,70.4000015258789,1.527956485748291,2.8493237495422363,3.2331558657209363,7.232363693899724,208.202537839471,101878.171875,1018.78171875,100.0,5.599999894911889e-06,0.0201599996216828,instant,192,,,,289.36248779296875,16.212487792968773,61.18247802734379,36.0,281.25,-78.75
2021-07-29T18:00:00+00:00,195,2021-08-06T21:00:00+00:00,2021-08-06T17:00:00-04:00,299.73309326171875,26.583093261718773,79.8495678710938,294.2110595703125,21.061059570312523,69.90990722656254,71.80000305175781,0.5548120141029358,2.6570117473602295,2.7143190299968825,6.071758746413922,191.794490108201,101806.9453125,1018.069453125,95.19999694824219,1.0400000064691994e-05,0.03744000023289118,instant,195,,,,288.78192138671875,15.631921386718773,60.13745849609379,36.0,281.25,-78.75
2021-07-29T18:00:00+00:00,198,2021-08-07T00:00:00+00:00,2021-08-06T20:00:00-04:00,296.6933898925781,23.543389892578148,74.37810180664067,294.8999938964844,21.749993896484398,71.14998901367191,89.80000305175781,-0.42003172636032104,2.6311888694763184,2.6645039909906867,5.960325677770856,170.9300750323772,101885.7890625,1018.857890625,20.899999618530273,0.0,0.0,instant,198,,,,289.3673095703125,16.217309570312523,61.19115722656254,36.0,281.25,-78.75
2021-07-29T18:00:00+00:00,201,2021-08-07T03:00:00+00:00,2021-08-06T23:00:00-04:00,294.9276123046875,21.777612304687523,71.19970214843754,294.1759338378906,21.025933837890648,69.84668090820317,96.0,-0.05866699293255806,2.948984384536743,2.949567886369341,6.597995450897767,178.86031008792784,101948.2109375,1019.482109375,100.0,5.6799999583745375e-05,0.20447999850148335,instant,201,,,,289.168212890625,16.018212890625023,60.83278320312504,36.0,281.25,-78.75
2021-07-29T18:00:00+00:00,204,2021-08-07T06:00:00+00:00,2021-08-07T02:00:00-04:00,294.20001220703125,21.050012207031273,69.89002197265629,293.8999938964844,20.749993896484398,69.34998901367192,98.0999984741211,0.6667749285697937,1.7040894031524658,1.829893302710784,4.0933547394210406,201.36937826748365,101846.046875,1018.46046875,19.899999618530273,0.0,0.0,instant,204,,,,289.2716064453125,16.121606445312523,61.018891601562544,36.0,281.25,-78.75
2021-07-29T18:00:00+00:00,207,2021-08-07T09:00:00+00:00,2021-08-07T05:00:00-04:00,293.55523681640625,20.405236816406273,68.72942626953129,293.20001220703125,20.050012207031273,68.09002197265629,97.80000305175781,1.331210970878601,0.8538891673088074,1.5815338627531426,3.5377904947054866,237.3223490660499,101790.84375,1017.9084375,10.699999809265137,0.0,0.0,instant,207,,,,289.355224609375,16.205224609375023,61.169404296875044,36.0,281.25,-78.75
2021-07-29T18:00:00+00:00,210,2021-08-07T12:00:00+00:00,2021-08-07T08:00:00-04:00,295.2820739746094,22.132073974609398,71.83773315429691,293.6000061035156,20.450006103515648,68.81001098632817,90.19999694824219,0.6800708174705505,0.7407251000404358,1.0055694857169128,2.249394876782641,222.55550709476324,101933.4296875,1019.334296875,0.10000000149011612,0.0,0.0,instant,210,,,,289.14105224609375,15.991052246093773,60.78389404296879,36.0,281.25,-78.75
2021-07-29T18:00:00+00:00,213,2021-08-07T15:00:00+00:00,2021-08-07T11:00:00-04:00,301.882080078125,28.732080078125023,83.71774414062504,293.5,20.350000000000023,68.63000000000004,60.29999923706055,0.7389379739761353,1.3322607278823853,1.5234657779030216,3.407895888294157,209.0149268295933,101893.34375,1018.9334375,0.0,0.0,0.0,instant,213,,,,289.3731384277344,16.223138427734398,61.201649169921915,36.0,281.25,-78.75
2021-07-29T18:00:00+00:00,216,2021-08-07T18:00:00+00:00,2021-08-07T14:00:00-04:00,305.1423645019531,31.992364501953148,89.58625610351567,292.20001220703125,19.050012207031273,66.29002197265629,46.29999923706055,0.3702978491783142,2.818042039871216,2.842266953610728,6.357970100238737,187.48592137366632,101717.765625,1017.17765625,63.099998474121094,1.6000000186977559e-06,0.005760000067311921,instant,216,,,,289.7093505859375,16.559350585937523,61.80683105468754,36.0,281.25,-78.75
2021-07-29T18:00:00+00:00,219,2021-08-07T21:00:00+00:00,2021-08-07T17:00:00-04:00,301.48529052734375,28.335290527343773,83.00352294921879,292.79998779296875,19.649987792968773,67.36997802734379,59.5,0.3558007776737213,0.010878906585276127,0.35596705465775347,0.7962756233396409,268.24867920771754,101658.125,1016.58125,80.0999984741211,0.0,0.0,instant,219,,,,290.5531921386719,17.403192138671898,63.32574584960942,36.0,281.25,-78.75
2021-07-29T18:00:00+00:00,222,2021-08-08T00:00:00+00:00,2021-08-07T20:00:00-04:00,299.11468505859375,25.964685058593773,78.73643310546879,294.0,20.850000000000023,69.53000000000004,73.0,0.08839111030101776,1.729274868965149,1.7315324313493754,3.8733277365546113,182.92610153797835,101695.234375,1016.95234375,5.0,0.0,0.0,instant,222,,,,290.57537841796875,17.425378417968773,63.36568115234379,36.0,281.25,-78.75
2021-07-29T18:00:00+00:00,225,2021-08-08T03:00:00+00:00,2021-08-07T23:00:00-04:00,296.7146911621094,23.564691162109398,74.41644409179692,293.70001220703125,20.550012207031273,68.9900219726563,82.80000305175781,0.8268774151802063,1.6493334770202637,1.8450005902857733,4.127148779272037,206.62645514379608,101780.90625,1017.8090625,0.6000000238418579,0.0,0.0,instant,225,,,,290.63653564453125,17.486535644531273,63.47576416015629,36.0,281.25,-78.75
2021-07-29T18:00:00+00:00,228,2021-08-08T06:00:00+00:00,2021-08-08T02:00:00-04:00,295.40423583984375,22.254235839843773,72.05762451171879,293.0,19.850000000000023,67.73000000000005,86.0999984741211,1.1047216653823853,1.922387719154358,2.217201953075255,4.959739515647934,209.8843119254625,101746.6484375,1017.466484375,0.0,0.0,0.0,instant,228,,,,290.84002685546875,17.690026855468773,63.84204833984379,36.0,281.25,-78.75
2021-07-29T18:00:00+00:00,231,2021-08-08T09:00:00+00:00,2021-08-08T05:00:00-04:00,294.5,21.350000000000023,70.43000000000004,292.79998779296875,19.649987792968773,67.36997802734379,90.5,1.0444042682647705,1.5798999071121216,1.8939017905009121,4.236537648758299,213.46698575246435,101708.0546875,1017.080546875,5.0,0.0,0.0,instant,231,,,,290.8142395019531,17.664239501953148,63.79563110351567,36.0,281.25,-78.75
2021-07-29T18:00:00+00:00,234,2021-08-08T12:00:00+00:00,2021-08-08T08:00:00-04:00,296.685302734375,23.535302734375023,74.36354492187505,293.20001220703125,20.050012207031273,68.09002197265629,80.80000305175781,1.71832275390625,1.2192944288253784,2.1069674868769486,4.713152037573699,234.64109585832273,101835.203125,1018.35203125,76.69999694824219,0.0,0.0,instant,234,,,,291.02557373046875,17.875573730468773,64.17603271484379,36.0,281.25,-78.75
2021-07-29T18:00:00+00:00,237,2021-08-08T15:00:00+00:00,2021-08-08T11:00:00-04:00,303.1000061035156,29.950006103515648,85.91001098632816,292.70001220703125,19.550012207031273,67.1900219726563,53.5,1.632509708404541,1.5600805282592773,2.258083081440722,5.051187995348782,226.29962641238325,101860.8203125,1018.608203125,99.80000305175781,0.0,0.0,instant,237,,,,291.04144287109375,17.891442871093773,64.20459716796879,36.0,281.25,-78.75
2021-07-29T18:00:00+00:00,240,2021-08-08T18:00:00+00:00,2021-08-08T14:00:00-04:00,306.80975341796875,33.65975341796877,92.5875561523438,291.5,18.350000000000023,65.03000000000004,39.79999923706055,1.6353613138198853,2.901010751724243,3.3302057006074506,7.4494579916952555,209.41087856590212,101725.640625,1017.25640625,62.0,0.0,0.0,instant,240,,,,291.2738342285156,18.123834228515648,64.62290161132816,36.0,281.25,-78.75
2021-07-29T18:00:00+00:00,243,2021-08-08T21:00:00+00:00,2021-08-08T17:00:00-04:00,302.09442138671875,28.944421386718773,84.09995849609379,293.0,19.850000000000023,67.73000000000005,57.70000076293945,1.4545458555221558,2.526731014251709,2.9154885121019,6.521762061788423,209.92744707842797,101644.953125,1016.44953125,100.0,0.0,0.0,instant,243,,,,291.4368896484375,18.286889648437523,64.91640136718755,36.0,281.25,-78.75
2021-07-29T18:00:00+00:00,246,2021-08-09T00:00:00+00:00,2021-08-08T20:00:00-04:00,299.33294677734375,26.182946777343773,79.1293041992188,292.5646667480469,19.414666748046898,66.94640014648442,66.30000305175781,-0.6493164300918579,2.8256494998931885,2.8992942111199858,6.485536442197527,167.05846269359432,101682.296875,1016.82296875,100.0,0.0,0.0,instant,246,,,,292.88128662109375,19.731286621093773,67.5163159179688,36.0,281.25,-78.75
2021-07-29T18:00:00+00:00,249,2021-08-09T03:00:00+00:00,2021-08-08T23:00:00-04:00,297.3955383300781,24.245538330078148,75.64196899414067,291.7568664550781,18.606866455078148,65.49235961914067,70.9000015258789,1.7227294445037842,2.1029491424560547,2.7184907273553414,6.081090567634526,219.3242283197257,101776.1640625,1017.761640625,65.0,0.0,0.0,instant,249,,,,292.742431640625,19.592431640625023,67.26637695312505,36.0,281.25,-78.75
2021-07-29T18:00:00+00:00,252,2021-08-09T06:00:00+00:00,2021-08-09T02:00:00-04:00,296.690185546875,23.540185546875023,74.37233398437505,292.75128173828125,19.601281738281273,67.2823071289063,78.69999694824219,2.0295801162719727,2.480722665786743,3.205180243436341,7.169784009118507,219.2879947695774,101795.296875,1017.95296875,5.400000095367432,0.0,0.0,instant,252,,,,292.6919860839844,19.541986083984398,67.17557495117191,36.0,281.25,-78.75
2021-07-29T18:00:00+00:00,255,2021-08-09T09:00:00+00:00,2021-08-09T05:00:00-04:00,295.3025207519531,22.152520751953148,71.87453735351566,292.20001220703125,19.050012207031273,66.29002197265629,83.0,1.8319872617721558,1.414028286933899,2.3142284510273954,5.176781610208019,232.33707000397834,101773.8828125,1017.738828125,19.100000381469727,0.0,0.0,instant,255,,,,292.6820068359375,19.532006835937523,67.15761230468755,36.0,281.25,-78.75
2021-07-29T18:00:00+00:00,258,2021-08-09T12:00:00+00:00,2021-08-09T08:00:00-04:00,296.8353271484375,23.685327148437523,74.63358886718754,292.0,18.850000000000023,65.93000000000004,74.30000305175781,2.061114549636841,1.3161712884902954,2.4455060922784226,5.4704413302577395,237.4388135980854,101920.40625,1019.2040625,63.70000076293945,0.0,0.0,instant,258,,,,292.8909606933594,19.740960693359398,67.53372924804691,36.0,281.25,-78.75
2021-07-29T18:00:00+00:00,261,2021-08-09T15:00:00+00:00,2021-08-09T11:00:00-04:00,303.8772888183594,30.727288818359398,87.30911987304691,291.6068115234375,18.456811523437523,65.22226074218754,47.29999923706055,2.860361337661743,1.7082959413528442,3.331657546212197,7.452705677818972,239.15304956954841,101949.640625,1019.49640625,5.0,0.0,0.0,instant,261,,,,293.2682189941406,20.118218994140648,68.21279418945316,36.0,281.25,-78.75
2021-07-29T18:00:00+00:00,264,2021-08-09T18:00:00+00:00,2021-08-09T14:00:00-04:00,308.0,34.85000000000002,94.73000000000005,290.5545349121094,17.404534912109398,63.32816284179692,35.20000076293945,1.6502978801727295,2.0481908321380615,2.6303172390715552,5.883852091695491,218.8595893578869,101805.4375,1018.054375,0.20000000298023224,0.0,0.0,instant,264,,,,292.3145446777344,19.164544677734398,66.49618041992191,36.0,281.25,-78.75
2021-07-29T18:00:00+00:00,267,2021-08-09T21:00:00+00:00,2021-08-09T17:00:00-04:00,307.709228515625,34.55922851562502,94.20661132812504,290.7032470703125,17.553247070312523,63.59584472656254,36.099998474121094,2.089487314224243,1.9522753953933716,2.859604248101892,6.396752523492056,226.94436098858495,101652.671875,1016.52671875,95.0,0.0,0.0,instant,267,,,,293.6480407714844,20.498040771484398,68.89647338867192,36.0,281.25,-78.75
2021-07-29T18:00:00+00:00,270,2021-08-10T00:00:00+00:00,2021-08-09T20:00:00-04:00,302.130859375,28.980859375000023,84.16554687500005,292.1000061035156,18.950006103515648,66.11001098632816,54.70000076293945,0.5346289277076721,2.5271849632263184,2.5831167083000843,5.778267511408558,191.94487396511417,101717.0390625,1017.170390625,18.399999618530273,0.0,0.0,instant,270,,,,293.6906433105469,20.540643310546898,68.97315795898442,36.0,281.25,-78.75
2021-07-29T18:00:00+00:00,273,2021-08-10T03:00:00+00:00,2021-08-09T23:00:00-04:00,298.2308654785156,25.080865478515648,77.14555786132817,291.79998779296875,18.649987792968773,65.5699780273438,67.4000015258789,1.6501367092132568,1.8251806497573853,2.4605356252942054,5.504061438113374,222.11657677721013,101881.421875,1018.81421875,1.100000023841858,0.0,0.0,instant,273,,,,293.4565734863281,20.306573486328148,68.55183227539067,36.0,281.25,-78.75
2021-07-29T18:00:00+00:00,276,2021-08-10T06:00:00+00:00,2021-08-10T02:00:00-04:00,296.9000244140625,23.750024414062523,74.75004394531254,291.79998779296875,18.649987792968773,65.5699780273438,73.19999694824219,1.3217968940734863,2.144282341003418,2.518946959965893,5.6347238725078075,211.65086651580089,101891.9375,1018.919375,24.799999237060547,0.0,0.0,instant,276,,,,293.637451171875,20.487451171875023,68.87741210937504,36.0,281.25,-78.75
2021-07-29T18:00:00+00:00,279,2021-08-10T09:00:00+00:00,2021-08-10T05:00:00-04:00,295.9035339355469,22.753533935546898,72.95636108398442,292.0,18.850000000000023,65.93000000000004,78.9000015258789,1.5233594179153442,1.258264183998108,1.9758169634062261,4.419776671900108,230.44397978669105,101910.7578125,1019.107578125,61.79999923706055,0.0,0.0,instant,279,,,,293.1348571777344,19.984857177734398,67.97274291992191,36.0,281.25,-78.75
2021-07-29T18:00:00+00:00,282,2021-08-10T12:00:00+00:00,2021-08-10T08:00:00-04:00,297.1816101074219,24.031610107421898,75.25689819335942,292.14044189453125,18.990441894531273,66.18279541015629,73.4000015258789,1.757321834564209,1.0432837009429932,2.0436782796931188,4.571578113128839,239.30331821007127,102048.8359375,1020.488359375,97.69999694824219,0.0,0.0,instant,282,,,,293.3159484863281,20.165948486328148,68.29870727539067,36.0,281.25,-78.75
2021-07-29T18:00:00+00:00,285,2021-08-10T15:00:00+00:00,2021-08-10T11:00:00-04:00,305.2745056152344,32.1245056152344,89.82411010742192,291.20001220703125,18.050012207031273,64.4900219726563,43.0,2.066462516784668,1.7612158060073853,2.7151700588740786,6.073662443794908,229.55952992858926,102046.0234375,1020.460234375,0.8999999761581421,0.0,0.0,instant,285,,,,293.463134765625,20.313134765625023,68.56364257812504,36.0,281.25,-78.75
2021-07-29T18:00:00+00:00,288,2021-08-10T18:00:00+00:00,2021-08-10T14:00:00-04:00,309.127197265625,35.97719726562502,96.75895507812504,289.6999816894531,16.549981689453148,61.789967041015665,31.200000762939453,1.711279273033142,2.715463876724243,3.2097072788818446,7.1799106990019705,212.21903870980665,101879.203125,1018.79203125,0.0,0.0,0.0,instant,288,,,,293.32000732421875,20.170007324218773,68.30601318359379,36.0,281.25,-78.75
2021-07-29T18:00:00+00:00,291,2021-08-10T21:00:00+00:00,2021-08-10T17:00:00-04:00,309.5430908203125,36.39309082031252,97.50756347656254,289.0476989746094,15.897698974609398,60.615858154296916,29.200000762939453,1.7757787704467773,2.907480478286743,3.406880240511541,7.620974052683288,211.41500222956074,101716.796875,1017.16796875,33.20000076293945,0.0,0.0,instant,291,,,,294.65496826171875,21.504968261718773,70.7089428710938,36.0,281.25,-78.75
2021-07-29T18:00:00+00:00,294,2021-08-11T00:00:00+00:00,2021-08-10T20:00:00-04:00,303.03070068359375,29.880700683593773,85.78526123046879,292.9461364746094,19.796136474609398,67.63304565429692,54.400001525878906,1.2696239948272705,4.030314922332764,4.225563094005261,9.452315439346044,197.4853946277053,101791.4140625,1017.914140625,0.20000000298023224,0.0,0.0,instant,294,,,,294.4485778808594,21.298577880859398,70.33744018554691,36.0,281.25,-78.75
2021-07-29T18:00:00+00:00,297,2021-08-11T03:00:00+00:00,2021-08-10T23:00:00-04:00,299.74615478515625,26.596154785156273,79.8730786132813,292.70001220703125,19.550012207031273,67.1900219726563,65.5999984741211,1.6463183164596558,2.504809617996216,2.9974047476970647,6.705003462099725,213.3154322755208,101889.078125,1018.89078125,9.0,0.0,0.0,instant,297,,,,294.27276611328125,21.122766113281273,70.02097900390629,36.0,281.25,-78.75
2021-07-29T18:00:00+00:00,300,2021-08-11T06:00:00+00:00,2021-08-11T02:00:00-04:00,298.5345153808594,25.384515380859398,77.69212768554692,292.89996337890625,19.749963378906273,67.54993408203129,70.80000305175781,1.7125976085662842,2.4156787395477295,2.9611643557171665,6.623936014041615,215.33476848960947,101907.796875,1019.07796875,1.2999999523162842,0.0,0.0,instant,300,,,,293.97857666015625,20.828576660156273,69.49143798828129,36.0,281.25,-78.75
2021-07-29T18:00:00+00:00,303,2021-08-11T09:00:00+00:00,2021-08-11T05:00:00-04:00,297.20001220703125,24.050012207031273,75.29002197265629,292.39996337890625,19.249963378906273,66.6499340820313,74.4000015258789,2.157602548599243,1.360510230064392,2.550732609238337,5.70582634493185,237.7658739253315,101888.4765625,1018.884765625,4.199999809265137,0.0,0.0,instant,303,,,,294.2422790527344,21.092279052734398,69.96610229492191,36.0,281.25,-78.75
2021-07-29T18:00:00+00:00,306,2021-08-11T12:00:00+00:00,2021-08-11T08:00:00-04:00,298.53271484375,25.382714843750023,77.68888671875004,292.4999694824219,19.349969482421898,66.82994506835942,69.0,1.779636263847351,0.19291748106479645,1.790062117944778,4.004254916662437,263.81313820643436,102015.6875,1020.156875,66.19999694824219,0.0,0.0,instant,306,,,,293.57012939453125,20.420129394531273,68.75623291015629,36.0,281.25,-78.75
2021-07-29T18:00:00+00:00,309,2021-08-11T15:00:00+00:00,2021-08-11T11:00:00-04:00,306.79998779296875,33.64998779296877,92.5699780273438,292.0999755859375,18.949975585937523,66.10995605468754,41.599998474121094,1.7068017721176147,0.4093872010707855,1.7552122862219264,3.926298063309602,256.51205059065717,101982.703125,1019.82703125,58.5,0.0,0.0,instant,309,,,,293.64691162109375,20.496911621093773,68.8944409179688,36.0,281.25,-78.75
2021-07-29T18:00:00+00:00,312,2021-08-11T18:00:00+00:00,2021-08-11T14:00:00-04:00,310.3999938964844,37.2499938964844,99.04998901367192,290.70001220703125,17.550012207031273,63.59002197265629,30.899999618530273,2.322646379470825,1.8260570764541626,2.954516991072696,6.609066282821878,231.8256851108567,101818.359375,1018.18359375,21.100000381469727,0.0,0.0,instant,312,,,,294.40386962890625,21.253869628906273,70.25696533203129,36.0,281.25,-78.75
2021-07-29T18:00:00+00:00,315,2021-08-11T21:00:00+00:00,2021-08-11T17:00:00-04:00,308.30279541015625,35.15279541015627,95.27503173828129,290.79998779296875,17.649987792968773,63.76997802734379,35.20000076293945,3.374340772628784,1.821506381034851,3.8345874805480316,8.577727900295336,241.63933696642454,101656.765625,1016.56765625,81.0,0.0,0.0,instant,315,,,,295.36175537109375,22.211755371093773,71.9811596679688,36.0,281.25,-78.75
2021-07-29T18:00:00+00:00,318,2021-08-12T00:00:00+00:00,2021-08-11T20:00:00-04:00,302.8502197265625,29.700219726562523,85.46039550781254,292.63427734375,19.484277343750023,67.07169921875004,54.099998474121094,0.8369433879852295,2.4020142555236816,2.5436483087154915,5.689979215988477,199.21007286466806,101677.0234375,1016.770234375,29.5,0.0,0.0,instant,318,,,,295.2265319824219,22.076531982421898,71.73775756835941,36.0,281.25,-78.75
2021-07-29T18:00:00+00:00,321,2021-08-12T03:00:00+00:00,2021-08-11T23:00:00-04:00,302.0693054199219,28.919305419921898,84.05474975585942,292.528076171875,19.378076171875023,66.88053710937504,56.29999923706055,2.1889476776123047,3.938591241836548,4.505995218106191,10.079624235205321,209.06395687619963,101775.1328125,1017.751328125,98.19999694824219,0.0,0.0,instant,321,,,,295.5158996582031,22.365899658203148,72.25861938476567,36.0,281.25,-78.75
2021-07-29T18:00:00+00:00,324,2021-08-12T06:00:00+00:00,2021-08-12T02:00:00-04:00,300.67547607421875,27.525476074218773,81.5458569335938,293.8999938964844,20.749993896484398,69.34998901367192,65.9000015258789,1.7878881692886353,2.669853448867798,3.2132011366102717,7.187726236153964,213.8085507456165,101800.6640625,1018.006640625,100.0,0.0,0.0,instant,324,,,,294.9377746582031,21.787774658203148,71.21799438476566,36.0,281.25,-78.75
2021-07-29T18:00:00+00:00,327,2021-08-12T09:00:00+00:00,2021-08-12T05:00:00-04:00,299.43170166015625,26.281701660156273,79.30706298828129,293.1000061035156,19.950006103515648,67.91001098632816,68.4000015258789,2.1201000213623047,1.364782691001892,2.521399590354296,5.640210250434621,237.2291963824711,101764.640625,1017.64640625,100.0,0.0,0.0,instant,327,,,,294.6303405761719,21.480340576171898,70.66461303710942,36.0,281.25,-78.75
2021-07-29T18:00:00+00:00,330,2021-08-12T12:00:00+00:00,2021-08-12T08:00:00-04:00,298.7453918457031,25.595391845703148,78.07170532226567,293.5,20.350000000000023,68.63000000000004,72.69999694824219,2.166147470474243,1.4070923328399658,2.5830415592821923,5.778099407843122,236.99293612041402,101879.53125,1018.7953125,99.30000305175781,0.0,0.0,instant,330,,,,294.4355773925781,21.285577392578148,70.31403930664067,36.0,281.25,-78.75
2021-07-29T18:00:00+00:00,333,2021-08-12T15:00:00+00:00,2021-08-12T11:00:00-04:00,305.5237121582031,32.37371215820315,90.27268188476566,292.79998779296875,19.649987792968773,67.36997802734379,46.900001525878906,1.622531771659851,1.4535839557647705,2.1784204521860357,4.8729877688485,228.1436662614337,101861.546875,1018.61546875,46.400001525878906,0.0,0.0,instant,333,,,,294.49688720703125,21.346887207031273,70.4243969726563,36.0,281.25,-78.75
2021-07-29T18:00:00+00:00,336,2021-08-12T18:00:00+00:00,2021-08-12T14:00:00-04:00,310.03167724609375,36.88167724609377,98.38701904296879,291.3999938964844,18.249993896484398,64.84998901367192,33.099998474121094,2.1123266220092773,2.279470205307007,3.1077175185224752,6.951766102636166,222.82048154213922,101651.0625,1016.510625,60.599998474121094,0.0,0.0,instant,336,,,,294.17669677734375,21.026696777343773,69.8480541992188,36.0,281.25,-78.75
2021-07-29T18:00:00+00:00,339,2021-08-12T21:00:00+00:00,2021-08-12T17:00:00-04:00,307.9584045410156,34.80840454101565,94.65512817382816,292.0999755859375,18.949975585937523,66.10995605468754,39.099998474121094,2.506655216217041,2.4888477325439453,3.532376453434322,7.901701085885644,225.20424156427381,101507.0,1015.07,98.4000015258789,0.0,0.0,instant,339,,,,295.4209899902344,22.270989990234398,72.08778198242192,36.0,281.25,-78.75
2021-07-29T18:00:00+00:00,342,2021-08-13T00:00:00+00:00,2021-08-12T20:00:00-04:00,302.93658447265625,29.786584472656273,85.61585205078129,293.6182861328125,20.468286132812523,68.84291503906255,57.20000076293945,1.5472363233566284,3.00738525390625,3.382056520185152,7.56544497178138,207.2248653761239,101588.109375,1015.88109375,98.30000305175781,0.0,0.0,instant,342,,,,295.3103332519531,22.160333251953148,71.88859985351567,36.0,281.25,-78.75
2021-07-29T18:00:00+00:00,345,2021-08-13T03:00:00+00:00,2021-08-12T23:00:00-04:00,301.104248046875,27.954248046875023,82.31764648437505,293.80426025390625,20.654260253906273,69.17766845703129,64.5,1.4567456245422363,1.5832128524780273,2.1514345797338486,4.812622091387452,222.6177758450779,101707.3984375,1017.073984375,97.80000305175781,0.0,0.0,instant,345,,,,294.646484375,21.496484375000023,70.69367187500004,36.0,281.25,-78.75
2021-08-05T18:00:00+00:00,10,2021-08-06T04:00:00+00:00,2021-08-06T00:00:00-04:00,292.617919921875,19.467919921875023,67.04225585937505,287.6589660644531,14.508966064453148,58.116138916015665,73.0,-1.8014209270477295,-0.23176024854183197,1.816268198590085,4.062876249530429,82.66893180085111,102083.0390625,1020.830390625,0.0,0.0,0.0,instant,10,,,,289.08380126953125,15.933801269531273,60.68084228515629,36.0,281.25,-78.75
2021-08-05T18:00:00+00:00,11,2021-08-06T05:00:00+00:00,2021-08-06T01:00:00-04:00,292.1000061035156,18.950006103515648,66.11001098632816,287.70001220703125,14.550012207031273,58.19002197265629,75.5,-1.5145190954208374,-0.28731200098991394,1.541530498013964,3.448305516316129,79.2583414406111,102098.859375,1020.98859375,0.0,0.0,0.0,instant,11,,,,289.3619079589844,16.211907958984398,61.18143432617192,36.0,281.25,-78.75
2021-08-05T18:00:00+00:00,12,2021-08-06T06:00:00+00:00,2021-08-06T02:00:00-04:00,291.7177429199219,18.567742919921898,65.42193725585942,287.7544250488281,14.604425048828148,58.28796508789067,78.0,-1.4564306735992432,-0.3086303770542145,1.4887723186039468,3.330288830091144,78.03551808385151,102075.2578125,1020.752578125,0.0,0.0,0.0,instant,12,,,,289.5210266113281,16.371026611328148,61.467847900390666,36.0,281.25,-78.75
2021-08-05T18:00:00+00:00,13,2021-08-06T07:00:00+00:00,2021-08-06T03:00:00-04:00,291.2142639160156,18.064263916015648,64.51567504882817,288.1999816894531,15.049981689453148,59.08996704101567,82.4000015258789,-1.270107388496399,-0.2794873118400574,1.3004944966406908,2.90912333715258,77.58984117891879,102076.828125,1020.76828125,0.0,0.0,0.0,instant,13,,,,289.3328552246094,16.182855224609398,61.129139404296915,36.0,281.25,-78.75
2021-08-05T18:00:00+00:00,14,2021-08-06T08:00:00+00:00,2021-08-06T04:00:00-04:00,290.9999694824219,17.849969482421898,64.12994506835942,288.8999938964844,15.749993896484398,60.349989013671916,87.5999984741211,-0.7961376905441284,-0.8991625905036926,1.2009698524385404,2.6864930485829883,41.52236160165353,102069.3125,1020.693125,10.699999809265137,0.0,0.0,instant,14,,,,289.295166015625,16.145166015625023,61.06129882812504,36.0,281.25,-78.75
2021-08-05T18:00:00+00:00,15,2021-08-06T09:00:00+00:00,2021-08-06T05:00:00-04:00,290.7820739746094,17.632073974609398,63.73773315429692,289.3410339355469,16.191033935546898,61.14386108398442,91.0999984741211,-0.5917627215385437,-1.3676317930221558,1.4901677220661105,3.333410258737717,23.397727391289152,102075.546875,1020.75546875,98.5,0.0,0.0,instant,15,,,,289.1502685546875,16.000268554687523,60.80048339843754,36.0,281.25,-78.75
2021-08-05T18:00:00+00:00,16,2021-08-06T10:00:00+00:00,2021-08-06T06:00:00-04:00,290.6449279785156,17.494927978515648,63.49087036132816,289.4999694824219,16.349969482421898,61.429945068359416,92.80000305175781,-0.6660082936286926,-1.5447925329208374,1.6822458253626844,3.763076738910797,23.322382566400563,102101.6484375,1021.016484375,5.0,0.0,0.0,instant,16,,,,288.9859924316406,15.835992431640648,60.50478637695316,36.0,281.25,-78.75
2021-08-05T18:00:00+00:00,17,2021-08-06T11:00:00+00:00,2021-08-06T07:00:00-04:00,290.9820861816406,17.832086181640648,64.09775512695316,289.74102783203125,16.591027832031273,61.86385009765629,92.80000305175781,-0.7257788181304932,-1.2716577053070068,1.464195414660754,3.2753118617142816,29.714890241092803,102162.796875,1021.62796875,28.600000381469727,0.0,0.0,instant,17,,,,288.882080078125,15.732080078125023,60.31774414062504,36.0,281.25,-78.75
2021-08-05T18:00:00+00:00,18,2021-08-06T12:00:00+00:00,2021-08-06T08:00:00-04:00,293.4820556640625,20.332055664062523,68.59770019531254,290.541015625,17.391015625000023,63.30382812500004,83.0,-1.116091251373291,-1.357724666595459,1.7575767271085916,3.9315871669394005,39.42125170270822,102169.9609375,1021.699609375,6.400000095367432,0.0,0.0,instant,18,,,,289.18206787109375,16.032067871093773,60.85772216796879,36.0,281.25,-78.75
2021-08-05T18:00:00+00:00,19,2021-08-06T13:00:00+00:00,2021-08-06T09:00:00-04:00,296.3410339355469,23.191033935546898,73.74386108398441,290.6000061035156,17.450006103515648,63.41001098632817,70.0999984741211,-1.3173022270202637,-1.2946045398712158,1.8469667219437682,4.131546890532762,45.49789255877022,102199.953125,1021.99953125,46.599998474121094,0.0,0.0,instant,19,,,,289.08209228515625,15.932092285156273,60.677766113281294,36.0,281.25,-78.75
2021-08-05T18:00:00+00:00,20,2021-08-06T14:00:00+00:00,2021-08-06T10:00:00-04:00,298.74102783203125,25.591027832031273,78.06385009765629,289.0999755859375,15.949975585937523,60.70995605468754,54.900001525878906,-1.987575650215149,-1.173681616783142,2.30824294711429,5.16339241927856,59.43776032688584,102158.6953125,1021.586953125,56.400001525878906,0.0,0.0,instant,20,,,,289.4410400390625,16.291040039062523,61.32387207031254,36.0,281.25,-78.75
2021-08-05T18:00:00+00:00,21,2021-08-06T15:00:00+00:00,2021-08-06T11:00:00-04:00,300.64105224609375,27.491052246093773,81.48389404296879,287.79998779296875,14.649987792968773,58.36997802734379,44.900001525878906,-2.4349584579467773,-1.1145849227905273,2.6779324565863334,5.990364299808363,65.4043984412375,102152.1875,1021.521875,59.20000076293945,0.0,0.0,instant,21,,,,289.54949951171875,16.399499511718773,61.51909912109379,36.0,281.25,-78.75
2021-08-05T18:00:00+00:00,22,2021-08-06T16:00:00+00:00,2021-08-06T12:00:00-04:00,302.29998779296875,29.149987792968773,84.46997802734379,286.29998779296875,13.149987792968773,55.66997802734379,36.900001525878906,-2.7765870094299316,-0.5941088795661926,2.8394367014804973,6.3516390065329595,77.92248852420897,102109.6953125,1021.096953125,61.79999923706055,0.0,0.0,instant,22,,,,289.175537109375,16.025537109375023,60.84596679687504,36.0,281.25,-78.75
2021-08-05T18:00:00+00:00,23,2021-08-06T17:00:00+00:00,2021-08-06T13:00:00-04:00,303.382080078125,30.232080078125023,86.41774414062505,285.5999755859375,12.449975585937523,54.40995605468754,33.29999923706055,-2.8076000213623047,0.21356812119483948,2.815711139720179,6.2985664363819245,94.34999001319395,102043.125,1020.43125,98.19999694824219,0.0,0.0,instant,23,,,,287.8330993652344,14.683099365234398,58.429578857421916,36.0,281.25,-78.75
2021-08-05T18:00:00+00:00,24,2021-08-06T18:00:00+00:00,2021-08-06T14:00:00-04:00,304.10003662109375,30.950036621093773,87.71006591796879,286.1999816894531,13.049981689453148,55.48996704101567,33.400001525878906,-2.5457494258880615,0.4690307676792145,2.5885961447161177,5.790524661587587,100.43914985269606,101991.328125,1019.91328125,11.399999618530273,0.0,0.0,instant,24,,,,288.1390380859375,14.989038085937523,58.98026855468754,36.0,281.25,-78.75
2021-08-05T18:00:00+00:00,25,2021-08-06T19:00:00+00:00,2021-08-06T15:00:00-04:00,304.4991455078125,31.349145507812523,88.42846191406254,287.0,13.850000000000023,56.93000000000004,34.400001525878906,-2.6282105445861816,0.7057299613952637,2.7213131839398703,6.087404223201206,105.03056797431825,101905.4296875,1019.054296875,100.0,0.0,0.0,instant,25,,,,288.7003173828125,15.550317382812523,59.990571289062544,36.0,281.25,-78.75
2021-08-05T18:00:00+00:00,26,2021-08-06T20:00:00+00:00,2021-08-06T16:00:00-04:00,303.6024475097656,30.452447509765648,86.81440551757817,288.20001220703125,15.050012207031273,59.09002197265629,38.79999923706055,-2.693244695663452,0.7168359160423279,2.7870092790027745,6.2343622024936725,104.9043490953014,101831.5390625,1018.315390625,100.0,0.0,0.0,instant,26,,,,288.713134765625,15.563134765625023,60.013642578125044,36.0,281.25,-78.75
2021-08-05T18:00:00+00:00,27,2021-08-06T21:00:00+00:00,2021-08-06T17:00:00-04:00,303.3999938964844,30.249993896484398,86.44998901367191,289.1999816894531,16.049981689453148,60.889967041015666,42.0,-2.6898462772369385,0.7141943573951721,2.783046276169428,6.225497217630245,104.8697911632369,101815.4140625,1018.154140625,96.9000015258789,0.0,0.0,instant,27,,,,288.71014404296875,15.560144042968773,60.00825927734379,36.0,281.25,-78.75
2021-08-05T18:00:00+00:00,28,2021-08-06T22:00:00+00:00,2021-08-06T18:00:00-04:00,302.99920654296875,29.849206542968773,85.72857177734379,290.1142272949219,16.964227294921898,62.53560913085941,45.400001525878906,-2.3260936737060547,0.5224389433860779,2.3840415743903653,5.332949119520317,102.65852788201346,101815.8359375,1018.158359375,10.0,0.0,0.0,instant,28,,,,288.6708679199219,15.520867919921898,59.93756225585942,36.0,281.25,-78.75
2021-08-05T18:00:00+00:00,29,2021-08-06T23:00:00+00:00,2021-08-06T19:00:00-04:00,301.9021301269531,28.752130126953148,83.75383422851567,291.90081787109375,18.750817871093773,65.75147216796879,54.599998474121094,-1.8612622022628784,-0.18902099132537842,1.8708356209817283,4.1849400970421575,84.20119221261217,101809.546875,1018.09546875,88.0999984741211,0.0,0.0,instant,29,,,,289.1044006347656,15.954400634765648,60.71792114257816,36.0,281.25,-78.75
2021-08-05T18:00:00+00:00,30,2021-08-07T00:00:00+00:00,2021-08-06T20:00:00-04:00,298.90081787109375,25.750817871093773,78.3514721679688,292.1000061035156,18.950006103515648,66.11001098632816,65.69999694824219,-2.1612792015075684,-0.44139158725738525,2.2058908223597076,4.934437236846155,78.45738315973051,101823.1328125,1018.231328125,100.0,0.0,0.0,instant,30,,,,288.99127197265625,15.841271972656273,60.51428955078129,36.0,281.25,-78.75
2021-08-05T18:00:00+00:00,31,2021-08-07T01:00:00+00:00,2021-08-06T21:00:00-04:00,297.8021240234375,24.652124023437523,76.37382324218754,292.8999938964844,19.749993896484398,67.54998901367192,74.0999984741211,-2.1442553997039795,1.3119287490844727,2.5137597860245164,5.623120494865144,121.45971989304442,101861.25,1018.6125,100.0,8.000000093488779e-07,0.0028800000336559606,instant,31,,,,288.9341735839844,15.784173583984398,60.411512451171916,36.0,281.25,-78.75
2021-08-05T18:00:00+00:00,32,2021-08-07T02:00:00+00:00,2021-08-06T22:00:00-04:00,297.34271240234375,24.192712402343773,75.54688232421879,293.29998779296875,20.149987792968773,68.2699780273438,78.19999694824219,-1.157016634941101,1.8263086080551147,2.1619645291693943,4.836176917433321,147.64461917412603,101869.5703125,1018.695703125,100.0,0.0,0.0,instant,32,,,,289.4002990722656,16.250299072265648,61.250538330078165,36.0,281.25,-78.75
2021-08-05T18:00:00+00:00,33,2021-08-07T03:00:00+00:00,2021-08-06T23:00:00-04:00,296.6999816894531,23.549981689453148,74.38996704101567,293.3999938964844,20.249993896484398,68.44998901367191,81.5,-1.2542260885238647,1.569150447845459,2.008809649794494,4.493579209454393,141.36456347434367,101832.109375,1018.32109375,100.0,1.4399999599845614e-05,0.05183999855944421,instant,33,,,,289.47967529296875,16.329675292968773,61.39341552734379,36.0,281.25,-78.75
2021-08-05T18:00:00+00:00,34,2021-08-07T04:00:00+00:00,2021-08-07T00:00:00-04:00,295.8000183105469,22.650018310546898,72.77003295898442,293.89996337890625,20.749963378906273,69.3499340820313,88.9000015258789,-1.4836987257003784,1.4085571765899658,2.0458238507672215,4.576377618931682,133.5117757507356,101860.359375,1018.60359375,100.0,7.439999899361283e-05,0.2678399963770062,instant,34,,,,289.119384765625,15.969384765625023,60.74489257812504,36.0,281.25,-78.75
2021-08-05T18:00:00+00:00,35,2021-08-07T05:00:00+00:00,2021-08-07T01:00:00-04:00,295.3999938964844,22.249993896484398,72.04998901367192,294.40081787109375,21.250817871093773,70.25147216796879,94.0,-0.26739501953125,1.5690526962280273,1.5916741060941337,3.560473573045213,170.32867236436235,101827.2578125,1018.272578125,100.0,0.0,0.0,instant,35,,,,289.5501708984375,16.400170898437523,61.52030761718754,36.0,281.25,-78.75
2021-08-05T18:00:00+00:00,36,2021-08-07T06:00:00+00:00,2021-08-07T02:00:00-04:00,295.2527770996094,22.102777099609398,71.78499877929691,294.70001220703125,21.550012207031273,70.79002197265629,97.19999694824219,-0.045927733182907104,2.0390844345092773,2.0396016002477886,4.562458840926508,178.70970501810592,101820.859375,1018.20859375,100.0,0.0,0.0,instant,36,,,,289.2977294921875,16.147729492187523,61.06591308593754,36.0,281.25,-78.75
2021-08-05T18:00:00+00:00,37,2021-08-07T07:00:00+00:00,2021-08-07T03:00:00-04:00,295.0999755859375,21.949975585937523,71.50995605468754,294.63214111328125,21.482141113281273,70.66785400390629,97.5999984741211,-0.3527465760707855,0.8253686428070068,0.8975876243903672,2.0078463322977056,156.85907467557354,101792.546875,1017.92546875,100.0,6.4000000747910235e-06,0.023040000269247685,instant,37,,,,288.8267822265625,15.676782226562523,60.21820800781254,36.0,281.25,-78.75
2021-08-05T18:00:00+00:00,38,2021-08-07T08:00:00+00:00,2021-08-07T04:00:00-04:00,294.99835205078125,21.848352050781273,71.32703369140629,294.59918212890625,21.449182128906273,70.60852783203129,97.5,-0.8351781964302063,0.7649731636047363,1.1325663604521596,2.5334787948554007,132.48781635127196,101748.828125,1017.48828125,100.0,0.000659200013615191,2.3731200490146875,instant,38,,,,288.7216491699219,15.571649169921898,60.02896850585942,36.0,281.25,-78.75
2021-08-05T18:00:00+00:00,39,2021-08-07T09:00:00+00:00,2021-08-07T05:00:00-04:00,294.7642517089844,21.614251708984398,70.90565307617192,294.5321350097656,21.382135009765648,70.48784301757817,98.80000305175781,-0.9102123975753784,1.7581055164337158,1.9797529178194386,4.428581151170894,152.62833919371388,101690.0,1016.9,100.0,0.0005719999899156392,2.059199963696301,instant,39,,,,289.05047607421875,15.900476074218773,60.62085693359379,36.0,281.25,-78.75
2021-08-05T18:00:00+00:00,40,2021-08-07T10:00:00+00:00,2021-08-07T06:00:00-04:00,294.93572998046875,21.785729980468773,71.2143139648438,294.8999938964844,21.749993896484398,71.14998901367191,99.4000015258789,-0.006452636793255806,1.0282812118530273,1.0283014573419198,2.3002448491005696,179.64046410838523,101707.640625,1017.07640625,100.0,0.00046400001156143844,1.6704000416211784,instant,40,,,,288.90362548828125,15.753625488281273,60.35652587890629,36.0,281.25,-78.75
2021-08-05T18:00:00+00:00,41,2021-08-07T11:00:00+00:00,2021-08-07T07:00:00-04:00,295.1678771972656,22.017877197265648,71.63217895507816,294.9678649902344,21.817864990234398,71.27215698242192,98.5999984741211,0.924426257610321,-0.09768066555261612,0.9295727073135407,2.0793949250929216,276.0318479558856,101753.109375,1017.53109375,100.0,0.000295600009849295,1.064160035457462,instant,41,,,,288.64324951171875,15.493249511718773,59.887849121093794,36.0,281.25,-78.75
2021-08-05T18:00:00+00:00,42,2021-08-07T12:00:00+00:00,2021-08-07T08:00:00-04:00,295.1000061035156,21.950006103515648,71.51001098632817,294.79998779296875,21.649987792968773,70.96997802734379,98.5999984741211,0.8903784155845642,-0.5775854587554932,1.0613098911744263,2.3740826126843797,302.97133799793517,101770.6875,1017.706875,100.0,0.0008023999980650842,2.888639993034303,instant,42,,,,288.2481384277344,15.098138427734398,59.176649169921916,36.0,281.25,-78.75
2021-08-05T18:00:00+00:00,43,2021-08-07T13:00:00+00:00,2021-08-07T09:00:00-04:00,294.9678649902344,21.817864990234398,71.27215698242192,294.76788330078125,21.617883300781273,70.9121899414063,98.9000015258789,0.4610620141029358,-1.4223192930221558,1.4951823808993003,3.3446277310739503,342.03927060847167,101796.984375,1017.96984375,100.0,0.0008444000268355012,3.0398400966078043,instant,43,,,,287.72314453125,14.573144531250023,58.231660156250044,36.0,281.25,-78.75
2021-08-05T18:00:00+00:00,44,2021-08-07T14:00:00+00:00,2021-08-07T10:00:00-04:00,294.8000183105469,21.650018310546898,70.97003295898442,294.60003662109375,21.450036621093773,70.6100659179688,98.80000305175781,0.07796142250299454,-2.0406494140625,2.042138098785759,4.568132826560838,357.8121233740967,101818.53125,1018.1853125,100.0,0.0004239999980200082,1.5263999928720295,instant,44,,,,288.1075134277344,14.957513427734398,58.92352416992192,36.0,281.25,-78.75
2021-08-05T18:00:00+00:00,45,2021-08-07T15:00:00+00:00,2021-08-07T11:00:00-04:00,294.7000427246094,21.550042724609398,70.79007690429691,294.29998779296875,21.149987792968773,70.0699780273438,97.9000015258789,-0.506115734577179,-2.468515634536743,2.519865586641267,5.6367787818568,11.58668609050875,101815.859375,1018.15859375,100.0,9.960000170394778e-05,0.358560006134212,instant,45,,,,287.6771545410156,14.527154541015648,58.148878173828166,36.0,281.25,-78.75
2021-08-05T18:00:00+00:00,46,2021-08-07T16:00:00+00:00,2021-08-07T12:00:00-04:00,294.66424560546875,21.514245605468773,70.72564208984379,294.23211669921875,21.082116699218773,69.94781005859379,97.69999694824219,-0.7517980933189392,-2.7780323028564453,2.8779617524963528,6.4378170913035735,15.142813998060888,101789.2109375,1017.892109375,100.0,0.00029639998683705926,1.0670399526134133,instant,46,,,,287.45855712890625,14.308557128906273,57.755402832031294,36.0,281.25,-78.75
2021-08-05T18:00:00+00:00,47,2021-08-07T17:00:00+00:00,2021-08-07T13:00:00-04:00,294.16424560546875,21.014245605468773,69.8256420898438,293.84124755859375,20.691247558593773,69.24424560546879,98.5,1.8024475574493408,-2.791452646255493,3.322803797042776,7.432900404981148,327.14957389809734,101819.296875,1018.19296875,100.0,0.0015332000330090523,5.519520118832588,instant,47,,,,288.1598205566406,15.009820556640648,59.01767700195317,36.0,281.25,-78.75
2021-08-05T18:00:00+00:00,48,2021-08-07T18:00:00+00:00,2021-08-07T14:00:00-04:00,294.33062744140625,21.180627441406273,70.12512939453129,293.92449951171875,20.774499511718773,69.39409912109379,97.5999984741211,0.7576391696929932,-2.163203239440918,2.292043927716214,5.127156244891311,340.6977311027706,101785.9296875,1017.859296875,100.0,2.4400000256719068e-05,0.08784000092418864,instant,48,,,,288.1697692871094,15.019769287109398,59.03558471679692,36.0,281.25,-78.75
2021-08-05T18:00:00+00:00,49,2021-08-07T19:00:00+00:00,2021-08-07T15:00:00-04:00,294.5,21.350000000000023,70.43000000000004,293.8999938964844,20.749993896484398,69.34998901367192,96.19999694824219,0.057099610567092896,-2.442619562149048,2.443286862183833,5.4654770539187325,358.66087579838666,101781.0078125,1017.810078125,99.9000015258789,8.000000093488779e-07,0.0028800000336559606,instant,49,,,,288.6391906738281,15.489190673828148,59.880543212890665,36.0,281.25,-78.75
2021-08-05T18:00:00+00:00,50,2021-08-07T20:00:00+00:00,2021-08-07T16:00:00-04:00,294.81103515625,21.661035156250023,70.98986328125004,293.79998779296875,20.649987792968773,69.16997802734379,94.4000015258789,0.22678710520267487,-1.8876953125,1.9012695716075303,4.253018905707606,353.14933741852315,101835.3125,1018.353125,100.0,1.6000000186977559e-06,0.005760000067311921,instant,50,,,,287.8960876464844,14.746087646484398,58.542957763671915,36.0,281.25,-78.75
2021-08-05T18:00:00+00:00,51,2021-08-07T21:00:00+00:00,2021-08-07T17:00:00-04:00,297.11102294921875,23.961022949218773,75.1298413085938,293.6000061035156,20.450006103515648,68.81001098632817,81.0,0.31458985805511475,-1.4119335412979126,1.4465555999798976,3.23585272006956,347.43922199082215,101795.3671875,1017.953671875,100.0,8.000000093488779e-07,0.0028800000336559606,instant,51,,,,289.1341552734375,15.984155273437523,60.77147949218754,36.0,281.25,-78.75
2021-08-05T18:00:00+00:00,52,2021-08-07T22:00:00+00:00,2021-08-07T18:00:00-04:00,296.6306457519531,23.480645751953148,74.26516235351566,293.1693420410156,20.019342041015648,68.03481567382816,80.80000305175781,0.5329492092132568,-1.575738549232483,1.663426233753191,3.7209785114378784,341.31333964729953,101770.2265625,1017.702265625,100.0,0.0,0.0,instant,52,,,,289.5313720703125,16.381372070312523,61.48646972656254,36.0,281.25,-78.75
2021-08-05T18:00:00+00:00,53,2021-08-07T23:00:00+00:00,2021-08-07T19:00:00-04:00,295.9468688964844,22.796868896484398,73.03436401367192,293.54705810546875,20.397058105468773,68.71470458984379,85.80000305175781,-0.2232690453529358,-0.8918847441673279,0.9194060384243902,2.0566527344854806,14.054251323511721,101772.4375,1017.724375,100.0,0.0,0.0,instant,53,,,,289.47430419921875,16.324304199218773,61.38374755859379,36.0,281.25,-78.75
2021-08-05T18:00:00+00:00,54,2021-08-08T00:00:00+00:00,2021-08-07T20:00:00-04:00,294.3999938964844,21.249993896484398,70.24998901367192,292.8999938964844,19.749993896484398,67.54998901367192,91.4000015258789,-0.6898705959320068,-0.5490893721580505,0.8817145670501902,1.9723393142676031,51.48263167005996,101772.703125,1017.72703125,0.0,0.0,0.0,instant,54,,,,289.6430358886719,16.493035888671898,61.68746459960941,36.0,281.25,-78.75
2021-08-05T18:00:00+00:00,55,2021-08-08T01:00:00+00:00,2021-08-07T21:00:00-04:00,293.20001220703125,20.050012207031273,68.09002197265629,292.20001220703125,19.050012207031273,66.29002197265629,93.80000305175781,-0.23579956591129303,-0.9331994652748108,0.9625293124228202,2.1531167511247746,14.180598682879634,101812.9609375,1018.129609375,0.0,0.0,0.0,instant,55,,,,289.3021545410156,16.152154541015648,61.07387817382816,36.0,281.25,-78.75
2021-08-05T18:00:00+00:00,56,2021-08-08T02:00:00+00:00,2021-08-07T22:00:00-04:00,292.7119140625,19.561914062500023,67.21144531250005,291.65594482421875,18.505944824218773,65.3107006835938,93.69999694824219,-0.510162353515625,-1.4128893613815308,1.5021724183494087,3.360263999528917,19.8535033807957,101878.75,1018.7875,6.400000095367432,0.0,0.0,instant,56,,,,288.9609680175781,15.810968017578148,60.45974243164066,36.0,281.25,-78.75
2021-08-05T18:00:00+00:00,57,2021-08-08T03:00:00+00:00,2021-08-07T23:00:00-04:00,292.226806640625,19.076806640625023,66.33825195312504,290.29998779296875,17.149987792968773,62.86997802734379,88.69999694824219,-0.9755932688713074,-0.6399011015892029,1.1667286085813096,2.6098975675136638,56.73874206127306,101854.5703125,1018.545703125,100.0,0.0,0.0,instant,57,,,,289.2509765625,16.100976562500023,60.98175781250004,36.0,281.25,-78.75
2021-08-05T18:00:00+00:00,58,2021-08-08T04:00:00+00:00,2021-08-08T00:00:00-04:00,292.0701599121094,18.920159912109398,66.05628784179692,288.9850769042969,15.835076904296898,60.50313842773441,81.9000015258789,-1.327602505683899,-0.5090136528015137,1.421838004779907,3.1805610343143913,69.02276798435014,101859.390625,1018.59390625,99.4000015258789,0.0,0.0,instant,58,,,,289.56622314453125,16.416223144531273,61.54920166015629,36.0,281.25,-78.75
2021-08-05T18:00:00+00:00,59,2021-08-08T05:00:00+00:00,2021-08-08T01:00:00-04:00,291.5276184082031,18.377618408203148,65.07971313476567,287.8567199707031,14.706719970703148,58.472095947265665,79.19999694824219,-0.9061303734779358,-1.319305419921875,1.6005121195337755,3.5802436460580123,34.48220650453311,101834.78125,1018.3478125,90.0,0.0,0.0,instant,59,,,,289.73443603515625,16.584436035156273,61.85198486328129,36.0,281.25,-78.75
2021-08-05T18:00:00+00:00,60,2021-08-08T06:00:00+00:00,2021-08-08T02:00:00-04:00,291.2276306152344,18.077630615234398,64.53973510742192,287.2425231933594,14.092523193359398,57.36654174804691,77.80000305175781,-1.091528296470642,-0.9295117259025574,1.4336757201635428,3.207041249471057,49.58331192419985,101771.6015625,1017.716015625,100.0,0.0,0.0,instant,60,,,,289.5844421386719,16.434442138671898,61.58199584960941,36.0,281.25,-78.75
2021-08-05T18:00:00+00:00,61,2021-08-08T07:00:00+00:00,2021-08-08T03:00:00-04:00,291.0127258300781,17.862725830078148,64.15290649414067,286.88507080078125,13.735070800781273,56.72312744140629,76.5999984741211,-1.108154296875,-1.1015625,1.5625126838169268,3.4952413292254048,45.17091829168862,101774.1171875,1017.741171875,99.19999694824219,0.0,0.0,instant,61,,,,289.2342834472656,16.084283447265648,60.951710205078165,36.0,281.25,-78.75
2021-08-05T18:00:00+00:00,62,2021-08-08T08:00:00+00:00,2021-08-08T04:00:00-04:00,290.55523681640625,17.405236816406273,63.32942626953129,286.68505859375,13.535058593750023,56.36310546875004,78.0999984741211,-1.046533226966858,-1.091577172279358,1.5122078290324594,3.3827125738915034,43.79311833062684,101811.078125,1018.11078125,100.0,0.0,0.0,instant,62,,,,288.9505920410156,15.800592041015648,60.44106567382816,36.0,281.25,-78.75
2021-08-05T18:00:00+00:00,63,2021-08-08T09:00:00+00:00,2021-08-08T05:00:00-04:00,290.2701721191406,17.120172119140648,62.81630981445316,286.5850524902344,13.435052490234398,56.183094482421915,78.69999694824219,-1.0891942977905273,-0.05125732347369194,1.0903997118254787,2.4391546882280726,87.30565685977047,101807.765625,1018.07765625,100.0,0.0,0.0,instant,63,,,,288.8184509277344,15.668450927734398,60.20321166992191,36.0,281.25,-78.75
2021-08-05T18:00:00+00:00,64,2021-08-08T10:00:00+00:00,2021-08-08T06:00:00-04:00,290.3928527832031,17.242852783203148,63.03713500976566,286.38031005859375,13.230310058593773,55.81455810546879,77.9000015258789,-0.6477099657058716,-0.3499108850955963,0.7361832836889771,1.6467951048876528,61.62085245190019,101863.0078125,1018.630078125,100.0,0.0,0.0,instant,64,,,,288.6943359375,15.544335937500023,59.97980468750004,36.0,281.25,-78.75
2021-08-05T18:00:00+00:00,65,2021-08-08T11:00:00+00:00,2021-08-08T07:00:00-04:00,290.73297119140625,17.582971191406273,63.64934814453129,286.86126708984375,13.711267089843773,56.68028076171879,78.0999984741211,-0.5353173613548279,-1.006134033203125,1.1396799419738344,2.5493914235277226,28.015376608185875,101954.015625,1019.54015625,100.0,0.0,0.0,instant,65,,,,288.4427490234375,15.292749023437523,59.526948242187544,36.0,281.25,-78.75
2021-08-05T18:00:00+00:00,66,2021-08-08T12:00:00+00:00,2021-08-08T08:00:00-04:00,292.7701721191406,19.620172119140648,67.31630981445316,287.78509521484375,14.635095214843773,58.343171386718794,72.80000305175781,-1.068029761314392,-0.701892077922821,1.278021932559881,2.8588536429846982,56.68772257905698,101990.9921875,1019.909921875,99.5999984741211,0.0,0.0,instant,66,,,,288.4298095703125,15.279809570312523,59.50365722656254,36.0,281.25,-78.75
2021-08-05T18:00:00+00:00,67,2021-08-08T13:00:00+00:00,2021-08-08T09:00:00-04:00,295.3276062011719,22.177606201171898,71.91969116210942,288.1119079589844,14.961907958984398,58.93143432617192,63.5,-1.05694580078125,-0.6706103682518005,1.251739865865082,2.8000623341649082,57.60571336823239,102035.21875,1020.3521875,42.70000076293945,0.0,0.0,instant,67,,,,288.3128662109375,15.162866210937523,59.29315917968754,36.0,281.25,-78.75
2021-08-05T18:00:00+00:00,68,2021-08-08T14:00:00+00:00,2021-08-08T10:00:00-04:00,298.170166015625,25.020166015625023,77.03629882812504,288.3425598144531,15.192559814453148,59.346607666015665,54.099998474121094,-1.1409521102905273,0.81744384765625,1.4035619551866823,3.139678675703921,125.61999378920035,102015.4375,1020.154375,20.799999237060547,0.0,0.0,instant,68,,,,288.6485595703125,15.498559570312523,59.89740722656254,36.0,281.25,-78.75
2021-08-05T18:00:00+00:00,69,2021-08-08T15:00:00+00:00,2021-08-08T11:00:00-04:00,300.170166015625,27.020166015625023,80.63629882812504,288.3425598144531,15.192559814453148,59.346607666015665,47.900001525878906,-0.916638195514679,1.740197777748108,1.9668538042152142,4.399726655814272,152.2222641731891,101997.8125,1019.978125,0.6000000238418579,0.0,0.0,instant,69,,,,288.94793701171875,15.797937011718773,60.43628662109379,36.0,281.25,-78.75
2021-08-05T18:00:00+00:00,70,2021-08-08T16:00:00+00:00,2021-08-08T12:00:00-04:00,301.87017822265625,28.720178222656273,83.6963208007813,288.38507080078125,15.235070800781273,59.423127441406294,43.70000076293945,-0.3760034143924713,2.1155028343200684,2.1486579089401454,4.806410855717929,169.9216593052007,101976.953125,1019.76953125,99.4000015258789,0.0,0.0,instant,70,,,,289.0458984375,15.895898437500023,60.61261718750004,36.0,281.25,-78.75
2021-08-05T18:00:00+00:00,71,2021-08-08T17:00:00+00:00,2021-08-08T13:00:00-04:00,302.78509521484375,29.635095214843773,85.3431713867188,288.4425354003906,15.292535400390648,59.526563720703166,41.400001525878906,-0.16587646305561066,2.1424121856689453,2.148824091055065,4.806782594521883,175.57270153015332,101946.96875,1019.4696875,8.5,0.0,0.0,instant,71,,,,289.21881103515625,16.068811035156273,60.923859863281294,36.0,281.25,-78.75
2021-08-05T18:00:00+00:00,72,2021-08-08T18:00:00+00:00,2021-08-08T14:00:00-04:00,303.95147705078125,30.801477050781273,87.4426586914063,288.3837585449219,15.233758544921898,59.420765380859415,38.79999923706055,-0.6739477515220642,1.9477636814117432,2.0610649990740884,4.610471096711896,160.9138146273877,101894.265625,1018.94265625,98.69999694824219,0.0,0.0,instant,72,,,,288.3278503417969,15.177850341796898,59.32013061523442,36.0,281.25,-78.75
2021-08-05T18:00:00+00:00,73,2021-08-08T19:00:00+00:00,2021-08-08T15:00:00-04:00,304.36358642578125,31.213586425781273,88.18445556640629,288.3328857421875,15.182885742187523,59.329194335937544,37.79999923706055,-0.7510302662849426,2.167856454849243,2.294264167376451,5.132122779564353,160.89191361742036,101866.5078125,1018.665078125,100.0,0.0,0.0,instant,73,,,,288.796630859375,15.646630859375023,60.16393554687504,36.0,281.25,-78.75
2021-08-05T18:00:00+00:00,74,2021-08-08T20:00:00+00:00,2021-08-08T16:00:00-04:00,304.25146484375,31.101464843750023,87.98263671875004,288.51043701171875,15.360437011718773,59.64878662109379,38.400001525878906,-0.6509838700294495,2.570507764816284,2.651658003593097,5.931590022353914,165.78857511598784,101816.328125,1018.16328125,100.0,0.0,0.0,instant,74,,,,289.10040283203125,15.950402832031273,60.710725097656294,36.0,281.25,-78.75
2021-08-05T18:00:00+00:00,75,2021-08-08T21:00:00+00:00,2021-08-08T17:00:00-04:00,303.82080078125,30.670800781250023,87.20744140625004,288.9613037109375,15.811303710937523,60.46034667968754,40.5,-0.4940551817417145,2.7776122093200684,2.821208979847071,6.310864754489683,169.91425407715641,101814.5625,1018.145625,97.9000015258789,0.0,0.0,instant,75,,,,289.1596374511719,16.009637451171898,60.81734741210941,36.0,281.25,-78.75
2021-08-05T18:00:00+00:00,76,2021-08-08T22:00:00+00:00,2021-08-08T18:00:00-04:00,302.9716796875,29.821679687500023,85.67902343750004,290.4022521972656,17.252252197265648,63.05405395507817,46.599998474121094,-0.6541088819503784,2.660573720932007,2.7398012617634073,6.1287608754550025,166.1876259479247,101834.390625,1018.34390625,95.80000305175781,0.0,0.0,instant,76,,,,289.0479431152344,15.897943115234398,60.61629760742191,36.0,281.25,-78.75
2021-08-05T18:00:00+00:00,77,2021-08-08T23:00:00+00:00,2021-08-08T19:00:00-04:00,300.72479248046875,27.574792480468773,81.63462646484379,291.8104248046875,18.660424804687523,65.58876464843755,58.29999923706055,-0.6191650629043579,2.5520801544189453,2.6261147137359377,5.874451310253971,166.36284939288123,101855.109375,1018.55109375,52.20000076293945,0.0,0.0,instant,77,,,,289.10498046875,15.954980468750023,60.718964843750044,36.0,281.25,-78.75
2021-08-05T18:00:00+00:00,78,2021-08-09T00:00:00+00:00,2021-08-08T20:00:00-04:00,297.9986877441406,24.848687744140648,76.72763793945316,291.5,18.350000000000023,65.03000000000004,66.80000305175781,-0.782641589641571,3.109020948410034,3.2060160816017618,7.1716537258450215,165.8703693150104,101892.140625,1018.92140625,4.400000095367432,0.0,0.0,instant,78,,,,290.2901611328125,17.140161132812523,62.85229003906254,36.0,281.25,-78.75
2021-08-05T18:00:00+00:00,79,2021-08-09T01:00:00+00:00,2021-08-08T21:00:00-04:00,297.10400390625,23.954003906250023,75.11720703125005,290.97650146484375,17.826501464843773,64.08770263671879,68.80000305175781,-0.8845727443695068,3.0879955291748047,3.212193227109008,7.185471606811481,164.01535809122504,101885.9921875,1018.859921875,0.0,0.0,0.0,instant,79,,,,292.3393859863281,19.189385986328148,66.54089477539067,36.0,281.25,-78.75
2021-08-05T18:00:00+00:00,80,2021-08-09T02:00:00+00:00,2021-08-08T22:00:00-04:00,296.2243957519531,23.074395751953148,73.53391235351566,291.0509948730469,17.900994873046898,64.22179077148442,72.9000015258789,-0.6028857231140137,2.121567487716675,2.205565641750694,4.93370982854038,164.1364434104945,101955.90625,1019.5590625,0.0,0.0,0.0,instant,80,,,,291.7919616699219,18.641961669921898,65.55553100585942,36.0,281.25,-78.75
2021-08-05T18:00:00+00:00,81,2021-08-09T03:00:00+00:00,2021-08-08T23:00:00-04:00,295.6636657714844,22.513665771484398,72.52459838867192,291.087890625,17.937890625000023,64.28820312500004,74.9000015258789,-0.5971924066543579,2.0658910274505615,2.1504754143831453,4.810476499604382,163.87686931026516,101980.2734375,1019.802734375,5.0,0.0,0.0,instant,81,,,,290.96978759765625,17.819787597656273,64.07561767578129,36.0,281.25,-78.75
2021-08-05T18:00:00+00:00,82,2021-08-09T04:00:00+00:00,2021-08-09T00:00:00-04:00,295.2878723144531,22.137872314453148,71.84817016601566,291.087890625,17.937890625000023,64.28820312500004,76.80000305175781,-0.3614819347858429,2.429995059967041,2.456734658167369,5.495558916802448,171.53882566699235,101993.5234375,1019.935234375,5.0,0.0,0.0,instant,82,,,,290.9203796386719,17.770379638671898,63.986683349609415,36.0,281.25,-78.75
2021-08-05T18:00:00+00:00,83,2021-08-09T05:00:00+00:00,2021-08-09T01:00:00-04:00,294.7242126464844,21.574212646484398,70.83358276367191,291.5999755859375,18.449975585937523,65.20995605468754,82.30000305175781,-0.2823168933391571,2.250117301940918,2.2677589600216663,5.072832319304008,172.84860394268065,101999.703125,1019.99703125,5.099999904632568,0.0,0.0,instant,83,,,,291.1411437988281,17.991143798828148,64.38405883789066,36.0,281.25,-78.75
2021-08-05T18:00:00+00:00,84,2021-08-09T06:00:00+00:00,2021-08-09T02:00:00-04:00,294.4878845214844,21.337884521484398,70.40819213867192,292.29998779296875,19.149987792968773,66.46997802734379,87.80000305175781,0.19953368604183197,2.319633722305298,2.328199797594994,5.20803462239395,184.9164507995952,101971.6171875,1019.716171875,33.79999923706055,0.0,0.0,instant,84,,,,291.3247985839844,18.174798583984398,64.71463745117191,36.0,281.25,-78.75
2021-08-05T18:00:00+00:00,85,2021-08-09T07:00:00+00:00,2021-08-09T03:00:00-04:00,294.1878967285156,21.037896728515648,69.86821411132817,292.70001220703125,19.550012207031273,67.1900219726563,91.69999694824219,0.444091796875,2.1010985374450684,2.147517773641343,4.803860445690186,191.9344839346344,101954.859375,1019.54859375,5.900000095367432,0.0,0.0,instant,85,,,,291.357421875,18.207421875000023,64.77335937500004,36.0,281.25,-78.75
2021-08-05T18:00:00+00:00,86,2021-08-09T08:00:00+00:00,2021-08-09T04:00:00-04:00,294.0065002441406,20.856500244140648,69.54170043945317,292.90130615234375,19.751306152343773,67.55235107421879,93.5,0.6632665991783142,2.0039477348327637,2.110859802432869,4.721858899500865,198.3135102389918,101984.046875,1019.84046875,4.5,0.0,0.0,instant,86,,,,291.17315673828125,18.023156738281273,64.4416821289063,36.0,281.25,-78.75
2021-08-05T18:00:00+00:00,87,2021-08-09T09:00:00+00:00,2021-08-09T05:00:00-04:00,293.8407287597656,20.690728759765648,69.24331176757816,293.00128173828125,19.851281738281273,67.73230712890629,95.4000015258789,0.8504297137260437,1.772890567779541,1.9663091474409164,4.398508293309132,205.62635391864438,102010.0234375,1020.100234375,3.700000047683716,0.0,0.0,instant,87,,,,290.8751220703125,17.725122070312523,63.90521972656254,36.0,281.25,-78.75
2021-08-05T18:00:00+00:00,88,2021-08-09T10:00:00+00:00,2021-08-09T06:00:00-04:00,293.6064758300781,20.456475830078148,68.82165649414067,293.00128173828125,19.851281738281273,67.73230712890629,96.0,0.6094335913658142,1.550869107246399,1.6663145831733805,3.7274395650800347,201.45297164091434,102034.6015625,1020.346015625,5.0,0.0,0.0,instant,88,,,,290.8204040527344,17.670404052734398,63.80672729492191,36.0,281.25,-78.75
2021-08-05T18:00:00+00:00,89,2021-08-09T11:00:00+00:00,2021-08-09T07:00:00-04:00,294.03814697265625,20.888146972656273,69.5986645507813,293.1342468261719,19.984246826171898,67.97164428710941,94.5999984741211,0.8749902248382568,1.3315356969833374,1.593296960991078,3.564103796060926,213.3100614077694,102078.96875,1020.7896875,5.0,0.0,0.0,instant,89,,,,290.9393310546875,17.789331054687523,64.02079589843754,36.0,281.25,-78.75
2021-08-05T18:00:00+00:00,90,2021-08-09T12:00:00+00:00,2021-08-09T08:00:00-04:00,296.24072265625,23.090722656250023,73.56330078125004,293.6012878417969,20.451287841796898,68.81231811523442,84.4000015258789,1.2472974061965942,1.182958960533142,1.7190528560257836,3.8454117216038424,226.51649044097465,102142.6171875,1021.426171875,5.0,0.0,0.0,instant,90,,,,290.9389953613281,17.788995361328148,64.02019165039067,36.0,281.25,-78.75
2021-08-05T18:00:00+00:00,91,2021-08-09T13:00:00+00:00,2021-08-09T09:00:00-04:00,298.6077575683594,25.457757568359398,77.82396362304692,293.6568298339844,20.506829833984398,68.91229370117192,74.4000015258789,1.4934643507003784,1.2844091653823853,1.969807775122024,4.406334500541387,229.3038112469817,102172.5234375,1021.725234375,66.4000015258789,0.0,0.0,instant,91,,,,290.8920593261719,17.742059326171898,63.93570678710942,36.0,281.25,-78.75
2021-08-05T18:00:00+00:00,92,2021-08-09T14:00:00+00:00,2021-08-09T10:00:00-04:00,300.7193908691406,27.569390869140648,81.62490356445316,293.5852966308594,20.435296630859398,68.78353393554691,64.69999694824219,1.2542186975479126,1.3373608589172363,1.8334662822759056,4.10134726708103,223.16248680230757,102187.171875,1021.87171875,6.199999809265137,0.0,0.0,instant,92,,,,290.896240234375,17.746240234375023,63.94323242187504,36.0,281.25,-78.75
2021-08-05T18:00:00+00:00,93,2021-08-09T15:00:00+00:00,2021-08-09T11:00:00-04:00,302.98992919921875,29.839929199218773,85.7118725585938,293.2281188964844,20.078118896484398,68.14061401367192,55.5,0.691162109375,1.5968457460403442,1.7400061488635157,3.8922829027906087,203.40438947565065,102182.7109375,1021.827109375,24.5,0.0,0.0,instant,93,,,,290.9764404296875,17.826440429687523,64.08759277343754,36.0,281.25,-78.75
2021-08-05T18:00:00+00:00,94,2021-08-09T16:00:00+00:00,2021-08-09T12:00:00-04:00,304.57061767578125,31.420617675781273,88.55711181640629,292.4921875,19.342187500000023,66.81593750000005,48.70000076293945,0.5247753858566284,1.95556640625,2.0247541023182327,4.529245933961683,195.02140061487012,102142.828125,1021.42828125,57.0,0.0,0.0,instant,94,,,,291.03973388671875,17.889733886718773,64.20152099609379,36.0,281.25,-78.75
2021-08-05T18:00:00+00:00,95,2021-08-09T17:00:00+00:00,2021-08-09T13:00:00-04:00,305.9636535644531,32.81365356445315,91.06457641601567,291.8999938964844,18.749993896484398,65.74998901367192,43.20000076293945,0.4295312464237213,1.9552319049835205,2.001856361960019,4.4780251475483555,192.3900941098101,102092.0,1020.92,23.700000762939453,0.0,0.0,instant,95,,,,290.0893249511719,16.939324951171898,62.49078491210942,36.0,281.25,-78.75
2021-08-05T18:00:00+00:00,96,2021-08-09T18:00:00+00:00,2021-08-09T14:00:00-04:00,306.8023681640625,33.65236816406252,92.57426269531254,291.29998779296875,18.149987792968773,64.66997802734379,39.5,0.06577880680561066,1.9853417873382568,1.9864311878281196,4.443520015721451,181.8976429475042,102033.9296875,1020.339296875,58.5,0.0,0.0,instant,96,,,,290.55474853515625,17.404748535156273,63.32854736328129,36.0,281.25,-78.75
2021-08-05T18:00:00+00:00,97,2021-08-09T19:00:00+00:00,2021-08-09T15:00:00-04:00,307.2685546875,34.11855468750002,93.41339843750004,290.70001220703125,17.550012207031273,63.59002197265629,37.099998474121094,-0.09872803092002869,2.070544481277466,2.0728969277409615,4.636938367351823,177.27008118915992,101986.109375,1019.86109375,87.0,0.0,0.0,instant,97,,,,291.251708984375,18.101708984375023,64.58307617187504,36.0,281.25,-78.75
2021-08-05T18:00:00+00:00,98,2021-08-09T20:00:00+00:00,2021-08-09T16:00:00-04:00,307.36676025390625,34.21676025390627,93.5901684570313,290.0208435058594,16.870843505859398,62.36751831054691,35.20000076293945,-0.7476245164871216,2.295842170715332,2.4145048541031118,5.4010935354847645,161.96253247724917,101926.84375,1019.2684375,80.0,0.0,0.0,instant,98,,,,291.8522033691406,18.702203369140648,65.66396606445316,36.0,281.25,-78.75
2021-08-05T18:00:00+00:00,99,2021-08-09T21:00:00+00:00,2021-08-09T17:00:00-04:00,307.1625671386719,34.0125671386719,93.22262084960941,289.39996337890625,16.249963378906273,61.24993408203129,34.400001525878906,-1.6020361185073853,3.040825128555298,3.4370244671016748,7.68840476713867,152.2178294719142,101900.359375,1019.00359375,95.30000305175781,0.0,0.0,instant,99,,,,292.1060485839844,18.956048583984398,66.12088745117191,36.0,281.25,-78.75
2021-08-05T18:00:00+00:00,100,2021-08-09T22:00:00+00:00,2021-08-09T18:00:00-04:00,306.03765869140625,32.88765869140627,91.1977856445313,290.0074768066406,16.857476806640648,62.343458251953166,38.20000076293945,-1.8880321979522705,3.443239688873291,3.926902740778885,8.784231256216179,151.26271241244268,101895.3046875,1018.953046875,73.19999694824219,0.0,0.0,instant,100,,,,292.0620422363281,18.912042236328148,66.04167602539067,36.0,281.25,-78.75
2021-08-05T18:00:00+00:00,101,2021-08-09T23:00:00+00:00,2021-08-09T19:00:00-04:00,303.3224182128906,30.172418212890648,86.31035278320317,290.907470703125,17.757470703125023,63.96344726562504,46.900001525878906,-1.7516186237335205,3.3194897174835205,3.753289195823969,8.39586881671431,152.18041662031362,101913.8984375,1019.138984375,9.100000381469727,0.0,0.0,instant,101,,,,292.461669921875,19.311669921875023,66.76100585937505,36.0,281.25,-78.75
2021-08-05T18:00:00+00:00,102,2021-08-10T00:00:00+00:00,2021-08-09T20:00:00-04:00,300.01495361328125,26.864953613281273,80.35691650390629,291.4000244140625,18.250024414062523,64.85004394531254,59.20000076293945,-0.882580578327179,2.7302465438842773,2.8693543990996266,6.4185629901119,162.08603433958586,101980.9765625,1019.809765625,5.0,0.0,0.0,instant,102,,,,293.040771484375,19.890771484375023,67.80338867187504,36.0,281.25,-78.75
2021-08-05T18:00:00+00:00,103,2021-08-10T01:00:00+00:00,2021-08-09T21:00:00-04:00,299.01776123046875,25.867761230468773,78.5619702148438,291.0,17.850000000000023,64.13000000000004,61.20000076293945,-0.528063952922821,2.691225528717041,2.742543779923083,6.134895713857999,168.8986367902557,102016.921875,1020.16921875,34.20000076293945,0.0,0.0,instant,103,,,,293.073974609375,19.923974609375023,67.86315429687504,36.0,281.25,-78.75
2021-08-05T18:00:00+00:00,104,2021-08-10T02:00:00+00:00,2021-08-09T22:00:00-04:00,298.3327331542969,25.182733154296898,77.32891967773442,291.1999816894531,18.049981689453148,64.48996704101566,64.4000015258789,-0.45277586579322815,2.3049683570861816,2.349017903680893,5.254603399429336,168.88661902137437,102099.75,1020.9975,5.0,0.0,0.0,instant,104,,,,292.7361755371094,19.586175537109398,67.25511596679692,36.0,281.25,-78.75
2021-08-05T18:00:00+00:00,105,2021-08-10T03:00:00+00:00,2021-08-09T23:00:00-04:00,297.77423095703125,24.624230957031273,76.32361572265629,291.5999755859375,18.449975585937523,65.20995605468754,68.19999694824219,-0.2273266613483429,2.444460391998291,2.45500794683199,5.491696373550437,174.68696487038818,102103.609375,1021.03609375,0.0,0.0,0.0,instant,105,,,,292.4604187011719,19.310418701171898,66.75875366210941,36.0,281.25,-78.75
2021-08-05T18:00:00+00:00,106,2021-08-10T04:00:00+00:00,2021-08-10T00:00:00-04:00,297.1000061035156,23.950006103515648,75.11001098632816,292.5999755859375,19.449975585937523,67.00995605468754,75.30000305175781,0.7184203863143921,2.092941999435425,2.2128113485954635,4.949918013143032,198.94522532630242,102148.796875,1021.48796875,0.0,0.0,0.0,instant,106,,,,292.20599365234375,19.055993652343773,66.30078857421879,36.0,281.25,-78.75
2021-08-05T18:00:00+00:00,107,2021-08-10T05:00:00+00:00,2021-08-10T01:00:00-04:00,296.70001220703125,23.550012207031273,74.39002197265629,293.29998779296875,20.149987792968773,68.2699780273438,80.80000305175781,0.9595678448677063,1.8520044088363647,2.085830956538278,4.665870965771018,207.38975584324982,102161.203125,1021.61203125,0.0,0.0,0.0,instant,107,,,,291.9154052734375,18.765405273437523,65.77772949218755,36.0,281.25,-78.75
2021-08-05T18:00:00+00:00,108,2021-08-10T06:00:00+00:00,2021-08-10T02:00:00-04:00,296.2770080566406,23.127008056640648,73.62861450195317,293.1999816894531,20.049981689453148,68.08996704101567,82.9000015258789,0.6959301829338074,1.7408300638198853,1.874782155509655,4.193768243355523,201.79000702002742,102154.953125,1021.54953125,5.0,0.0,0.0,instant,108,,,,291.75384521484375,18.603845214843773,65.48692138671879,36.0,281.25,-78.75
2021-08-05T18:00:00+00:00,109,2021-08-10T07:00:00+00:00,2021-08-10T03:00:00-04:00,296.0224609375,22.872460937500023,73.17042968750005,292.79998779296875,19.649987792968773,67.36997802734379,82.0999984741211,1.0963647365570068,1.756555199623108,2.0706283599160646,4.631863725653325,211.97060230825835,102142.7265625,1021.427265625,5.0,0.0,0.0,instant,109,,,,291.64068603515625,18.490686035156273,65.2832348632813,36.0,281.25,-78.75
2021-08-05T18:00:00+00:00,110,2021-08-10T08:00:00+00:00,2021-08-10T04:00:00-04:00,295.6999816894531,22.549981689453148,72.58996704101567,292.5999755859375,19.449975585937523,67.00995605468754,83.0,1.1489917039871216,1.510837435722351,1.8981073976493845,4.24594532401884,217.25298478172684,102169.609375,1021.69609375,5.0,0.0,0.0,instant,110,,,,291.6620178222656,18.512017822265648,65.32163208007816,36.0,281.25,-78.75
2021-08-05T18:00:00+00:00,111,2021-08-10T09:00:00+00:00,2021-08-10T05:00:00-04:00,295.3376770019531,22.187677001953148,71.93781860351567,292.79998779296875,19.649987792968773,67.36997802734379,85.69999694824219,0.79779052734375,1.5006225109100342,1.699511001955961,3.801697839021025,207.99688593386395,102192.140625,1021.92140625,5.0,0.0,0.0,instant,111,,,,291.5024719238281,18.352471923828148,65.03444946289066,36.0,281.25,-78.75
2021-08-05T18:00:00+00:00,112,2021-08-10T10:00:00+00:00,2021-08-10T06:00:00-04:00,295.0570068359375,21.907006835937523,71.43261230468754,293.0,19.850000000000023,67.73000000000005,88.19999694824219,1.0397753715515137,1.3999561071395874,1.7438491692811384,3.900879494633895,216.6020102444425,102233.4375,1022.334375,81.80000305175781,0.0,0.0,instant,112,,,,291.3777770996094,18.227777099609398,64.80999877929692,36.0,281.25,-78.75
2021-08-05T18:00:00+00:00,113,2021-08-10T11:00:00+00:00,2021-08-10T07:00:00-04:00,295.3193054199219,22.169305419921898,71.90474975585941,293.3999938964844,20.249993896484398,68.44998901367191,88.80000305175781,0.9308862090110779,1.3278930187225342,1.6216809190771966,3.6275969020159153,215.0314162642656,102283.4609375,1022.834609375,99.5,0.0,0.0,instant,113,,,,291.265380859375,18.115380859375023,64.60768554687505,36.0,281.25,-78.75
2021-08-05T18:00:00+00:00,114,2021-08-10T12:00:00+00:00,2021-08-10T08:00:00-04:00,297.54400634765625,24.394006347656273,75.9092114257813,293.8999938964844,20.749993896484398,69.34998901367192,79.9000015258789,0.976208508014679,1.4764525890350342,1.7699986719736547,3.959374266225959,213.472085061986,102314.3125,1023.143125,5.0,0.0,0.0,instant,114,,,,291.2386474609375,18.088647460937523,64.55956542968754,36.0,281.25,-78.75
2021-08-05T18:00:00+00:00,115,2021-08-10T13:00:00+00:00,2021-08-10T09:00:00-04:00,299.9579772949219,26.807977294921898,80.25435913085941,293.79998779296875,20.649987792968773,69.16997802734379,69.19999694824219,1.1431152820587158,1.5923974514007568,1.9602148329465838,4.384875700041566,215.67297900137848,102335.8515625,1023.358515625,5.0,0.0,0.0,instant,115,,,,291.0579833984375,17.907983398437523,64.23437011718754,36.0,281.25,-78.75
2021-08-05T18:00:00+00:00,116,2021-08-10T14:00:00+00:00,2021-08-10T10:00:00-04:00,302.0773010253906,28.927301025390648,84.06914184570317,293.5999755859375,20.449975585937523,68.80995605468755,60.20000076293945,1.1823339462280273,1.7111084461212158,2.079857128456304,4.652507892931956,214.64352141497162,102313.421875,1023.13421875,5.0,0.0,0.0,instant,116,,,,291.09661865234375,17.946618652343773,64.3039135742188,36.0,281.25,-78.75
2021-08-05T18:00:00+00:00,117,2021-08-10T15:00:00+00:00,2021-08-10T11:00:00-04:00,303.9862976074219,30.836297607421898,87.50533569335941,293.5,20.350000000000023,68.63000000000004,53.29999923706055,1.2479931116104126,2.018503427505493,2.373150415266269,5.3085862904130865,211.72752522277938,102297.875,1022.97875,4.5,0.0,0.0,instant,117,,,,291.1966247558594,18.046624755859398,64.48392456054691,36.0,281.25,-78.75
2021-08-05T18:00:00+00:00,118,2021-08-10T16:00:00+00:00,2021-08-10T12:00:00-04:00,305.5159606933594,32.3659606933594,90.25872924804692,293.0,19.850000000000023,67.73000000000005,47.400001525878906,1.0554662942886353,2.258251905441284,2.4927315873973623,5.576081754199533,205.0505403397958,102253.1796875,1022.531796875,0.0,0.0,0.0,instant,118,,,,291.2225341796875,18.072534179687523,64.53056152343754,36.0,281.25,-78.75
2021-08-05T18:00:00+00:00,119,2021-08-10T17:00:00+00:00,2021-08-10T13:00:00-04:00,306.97393798828125,33.82393798828127,92.8830883789063,292.167724609375,19.017724609375023,66.23190429687504,41.29999923706055,0.7490283250808716,2.2409276962280273,2.362795033746116,5.285421961672587,198.48216441783288,102190.984375,1021.90984375,0.0,0.0,0.0,instant,119,,,,290.6582946777344,17.508294677734398,63.51493041992192,36.0,281.25,-78.75
2021-08-05T18:00:00+00:00,120,2021-08-10T18:00:00+00:00,2021-08-10T14:00:00-04:00,307.73187255859375,34.58187255859377,94.24737060546879,291.338623046875,18.188623046875023,64.73952148437505,37.5,0.7917456030845642,2.309372663497925,2.4413240667546043,5.461086405589213,198.92377171031302,102131.125,1021.31125,0.0,0.0,0.0,instant,120,,,,291.4933166503906,18.343316650390648,65.01796997070316,36.0,281.25,-78.75
2021-08-05T18:00:00+00:00,123,2021-08-10T21:00:00+00:00,2021-08-10T17:00:00-04:00,308.6509704589844,35.5009704589844,95.90174682617192,289.580810546875,16.430810546875023,61.57545898437504,31.899999618530273,0.0755908191204071,2.5662500858306885,2.5673631365588525,5.743027775051114,181.68720226699483,101914.0,1019.14,40.79999923706055,0.0,0.0,instant,123,,,,293.5032958984375,20.353295898437523,68.63593261718754,36.0,281.25,-78.75
2021-08-05T18:00:00+00:00,126,2021-08-11T00:00:00+00:00,2021-08-10T20:00:00-04:00,301.61248779296875,28.462487792968773,83.23247802734379,292.29998779296875,19.149987792968773,66.46997802734379,57.0,-1.2059130668640137,2.969670295715332,3.205178308626114,7.169779681071292,157.89908896699353,101983.421875,1019.83421875,2.0,0.0,0.0,instant,126,,,,293.0596618652344,19.909661865234398,67.83739135742192,36.0,281.25,-78.75
2021-08-05T18:00:00+00:00,129,2021-08-11T03:00:00+00:00,2021-08-10T23:00:00-04:00,299.14874267578125,25.998742675781273,78.79773681640629,292.79998779296875,19.649987792968773,67.36997802734379,68.19999694824219,-0.21193847060203552,2.722668409347534,2.730904828546788,6.108860121122908,175.54894683244436,102040.15625,1020.4015625,38.20000076293945,0.0,0.0,instant,129,,,,292.3687438964844,19.218743896484398,66.59373901367192,36.0,281.25,-78.75
2021-08-05T18:00:00+00:00,132,2021-08-11T06:00:00+00:00,2021-08-11T02:00:00-04:00,298.0340270996094,24.884027099609398,76.79124877929692,293.79998779296875,20.649987792968773,69.16997802734379,77.5,1.5973461866378784,2.4385766983032227,2.915162285958368,6.52103231468854,213.22608862022423,102043.890625,1020.43890625,0.0,0.0,0.0,instant,132,,,,291.7699890136719,18.619989013671898,65.51598022460942,36.0,281.25,-78.75
2021-08-05T18:00:00+00:00,135,2021-08-11T09:00:00+00:00,2021-08-11T05:00:00-04:00,296.1277770996094,22.977777099609398,73.35999877929692,293.79998779296875,20.649987792968773,69.16997802734379,87.0,1.0035693645477295,1.912961483001709,2.1602252440212877,4.832286247363291,207.68220274190907,101994.0234375,1019.940234375,0.0,0.0,0.0,instant,135,,,,291.30419921875,18.154199218750023,64.67755859375004,36.0,281.25,-78.75
2021-08-05T18:00:00+00:00,138,2021-08-11T12:00:00+00:00,2021-08-11T08:00:00-04:00,297.61761474609375,24.467614746093773,76.0417065429688,294.05682373046875,20.906823730468773,69.6322827148438,80.9000015258789,1.5526586771011353,2.1215038299560547,2.6289784076891265,5.880857211187195,216.19916627040655,102039.765625,1020.39765625,0.0,0.0,0.0,instant,138,,,,291.2317810058594,18.081781005859398,64.54720581054691,36.0,281.25,-78.75
2021-08-05T18:00:00+00:00,141,2021-08-11T15:00:00+00:00,2021-08-11T11:00:00-04:00,303.85125732421875,30.701257324218773,87.26226318359379,293.70001220703125,20.550012207031273,68.9900219726563,54.20000076293945,2.0263378620147705,2.5563085079193115,3.262017522744973,7.296925381945618,218.40320323125323,102002.3984375,1020.023984375,0.0,0.0,0.0,instant,141,,,,291.3565673828125,18.206567382812523,64.77182128906254,36.0,281.25,-78.75
2021-08-05T18:00:00+00:00,144,2021-08-11T18:00:00+00:00,2021-08-11T14:00:00-04:00,306.6205139160156,33.47051391601565,92.24692504882816,292.4171142578125,19.267114257812523,66.68080566406255,43.0,2.5460619926452637,2.8357837200164795,3.8110498523508287,8.525075725552131,221.91856187683086,101802.0703125,1018.020703125,100.0,0.0001644000003580004,0.5918400012888014,instant,144,,,,291.4317626953125,18.281762695312523,64.90717285156254,36.0,281.25,-78.75
2021-08-05T18:00:00+00:00,147,2021-08-11T21:00:00+00:00,2021-08-11T17:00:00-04:00,302.7025451660156,29.552545166015648,85.19458129882817,294.0,20.850000000000023,69.53000000000004,58.900001525878906,1.0259863138198853,3.609182119369507,3.7521784988086964,8.39338425825137,195.8689210743665,101701.078125,1017.01078125,17.100000381469727,0.0,0.0,instant,147,,,,291.8361511230469,18.686151123046898,65.63507202148442,36.0,281.25,-78.75
2021-08-05T18:00:00+00:00,150,2021-08-12T00:00:00+00:00,2021-08-11T20:00:00-04:00,301.35211181640625,28.202111816406273,82.76380126953129,293.94873046875,20.798730468750023,69.43771484375004,63.900001525878906,0.15378418564796448,3.0714964866638184,3.0753439227740995,6.8793484314023265,182.8663009053256,101633.5703125,1016.335703125,100.0,0.0,0.0,instant,150,,,,292.68341064453125,19.533410644531273,67.16013916015629,36.0,281.25,-78.75
2021-08-05T18:00:00+00:00,153,2021-08-12T03:00:00+00:00,2021-08-11T23:00:00-04:00,299.27093505859375,26.120935058593773,79.01768310546879,293.6000061035156,20.450006103515648,68.81001098632817,70.5999984741211,0.4443383812904358,3.2400853633880615,3.270411252293716,7.315701620198891,187.8087115752848,101724.390625,1017.24390625,62.29999923706055,0.0,0.0,instant,153,,,,292.2532653808594,19.103265380859398,66.38587768554692,36.0,281.25,-78.75
2021-08-05T18:00:00+00:00,156,2021-08-12T06:00:00+00:00,2021-08-12T02:00:00-04:00,297.40594482421875,24.255944824218773,75.66070068359379,294.05126953125,20.901269531250023,69.62228515625004,82.0999984741211,2.2529492378234863,1.8210668563842773,2.8969060674503657,6.480194316952314,231.0512680890062,101705.1640625,1017.051640625,82.19999694824219,0.0,0.0,instant,156,,,,291.631103515625,18.481103515625023,65.26598632812504,36.0,281.25,-78.75
2021-08-05T18:00:00+00:00,159,2021-08-12T09:00:00+00:00,2021-08-12T05:00:00-04:00,295.73760986328125,22.587609863281273,72.65769775390629,294.3999938964844,21.249993896484398,70.24998901367192,92.19999694824219,2.062434196472168,2.629016160964966,3.341460876531815,7.474635103193922,218.11379319341378,101659.828125,1016.59828125,85.30000305175781,0.0005719999899156392,2.059199963696301,instant,159,,,,291.4183654785156,18.268365478515648,64.88305786132817,36.0,281.25,-78.75
2021-08-05T18:00:00+00:00,162,2021-08-12T12:00:00+00:00,2021-08-12T08:00:00-04:00,296.4092712402344,23.259271240234398,73.86668823242192,295.31829833984375,22.168298339843773,71.90293701171879,93.69999694824219,1.3701952695846558,2.4922046661376953,2.8440322035291143,6.361918851845721,208.80166230774353,101717.59375,1017.1759375,41.099998474121094,0.0,0.0,instant,162,,,,291.51422119140625,18.364221191406273,65.05559814453129,36.0,281.25,-78.75
2021-08-05T18:00:00+00:00,165,2021-08-12T15:00:00+00:00,2021-08-12T11:00:00-04:00,302.80157470703125,29.651574707031273,85.3728344726563,294.70001220703125,21.550012207031273,70.79002197265629,61.599998474121094,2.949025869369507,3.1558642387390137,4.319286129855529,9.661967899641025,223.0595172202955,101713.3359375,1017.133359375,98.19999694824219,0.0,0.0,instant,165,,,,291.8321533203125,18.682153320312523,65.62787597656254,36.0,281.25,-78.75
2021-08-05T18:00:00+00:00,168,2021-08-12T18:00:00+00:00,2021-08-12T14:00:00-04:00,307.3963317871094,34.2463317871094,93.64339721679691,292.70001220703125,19.550012207031273,67.1900219726563,41.70000076293945,3.2941699028015137,2.8738231658935547,4.371546058015378,9.778870029561947,228.89866071986938,101554.375,1015.54375,90.0,0.0,0.0,instant,168,,,,291.7349548339844,18.584954833984398,65.45291870117191,36.0,281.25,-78.75
2021-08-05T18:00:00+00:00,171,2021-08-12T21:00:00+00:00,2021-08-12T17:00:00-04:00,304.18902587890625,31.039025878906273,87.87024658203129,293.3999938964844,20.249993896484398,68.44998901367191,52.599998474121094,1.9188354015350342,3.124824285507202,3.6669409749107924,8.202713347599294,211.55249872310117,101409.3359375,1014.093359375,95.80000305175781,0.0,0.0,instant,171,,,,292.1861572265625,19.036157226562523,66.26508300781254,36.0,281.25,-78.75
2021-08-05T18:00:00+00:00,174,2021-08-13T00:00:00+00:00,2021-08-12T20:00:00-04:00,301.0708312988281,27.920831298828148,82.25749633789067,294.342529296875,21.192529296875023,70.14655273437504,66.69999694824219,1.0415136814117432,4.439416408538818,4.559952718721055,10.200323726559256,193.20315566817774,101426.953125,1014.26953125,100.0,0.0010136000346392393,3.6489601247012615,instant,174,,,,291.9364318847656,18.786431884765648,65.81557739257816,36.0,281.25,-78.75
2021-08-05T18:00:00+00:00,177,2021-08-13T03:00:00+00:00,2021-08-12T23:00:00-04:00,295.1000061035156,21.950006103515648,71.51001098632817,294.6999816894531,21.549981689453148,70.78996704101567,97.30000305175781,1.2819653749465942,3.1576099395751953,3.4079224981014504,7.6233055165118255,202.09677453195854,101622.578125,1016.22578125,100.0,0.00027680001221597195,0.996480043977499,instant,177,,,,291.5977783203125,18.447778320312523,65.20600097656254,36.0,281.25,-78.75
2021-08-05T18:00:00+00:00,180,2021-08-13T06:00:00+00:00,2021-08-13T02:00:00-04:00,295.38726806640625,22.237268066406273,72.02708251953129,294.55743408203125,21.407434082031273,70.53338134765629,94.80000305175781,1.3622729778289795,2.4251391887664795,2.781562106265825,6.222177224109301,209.32422049830237,101592.2890625,1015.922890625,100.0,0.0003912000101990998,1.4083200367167592,instant,180,,,,291.6495361328125,18.499536132812523,65.29916503906254,36.0,281.25,-78.75
2021-08-05T18:00:00+00:00,183,2021-08-13T09:00:00+00:00,2021-08-13T05:00:00-04:00,295.0634460449219,21.913446044921898,71.44420288085942,294.699951171875,21.549951171875023,70.78991210937504,97.9000015258789,0.8203710913658142,2.4358277320861816,2.5702656415142866,5.749520493723791,198.6131939187303,101606.328125,1016.06328125,99.19999694824219,5.599999894911889e-06,0.0201599996216828,instant,183,,,,290.89410400390625,17.744104003906273,63.93938720703129,36.0,281.25,-78.75
2021-08-05T18:00:00+00:00,186,2021-08-13T12:00:00+00:00,2021-08-13T08:00:00-04:00,295.6642150878906,22.514215087890648,72.52558715820317,295.29998779296875,22.149987792968773,71.86997802734379,98.30000305175781,1.0729931592941284,2.2577757835388184,2.4997731514332098,5.591833284344146,205.41909802435453,101687.578125,1016.87578125,100.0,5.199999941396527e-05,0.18719999789027497,instant,186,,,,291.07635498046875,17.926354980468773,64.26743896484379,36.0,281.25,-78.75
2021-08-05T18:00:00+00:00,189,2021-08-13T15:00:00+00:00,2021-08-13T11:00:00-04:00,300.55517578125,27.405175781250023,81.32931640625004,295.7293701171875,22.579370117187523,72.64286621093754,75.19999694824219,2.224172353744507,3.6254100799560547,4.253297650883177,9.514355876170303,211.5289236288689,101755.75,1017.5575,96.9000015258789,0.0,0.0,instant,189,,,,291.3569030761719,18.206903076171898,64.77242553710941,36.0,281.25,-78.75
2021-08-05T18:00:00+00:00,192,2021-08-13T18:00:00+00:00,2021-08-13T14:00:00-04:00,298.7626647949219,25.612664794921898,78.10279663085942,296.3440856933594,23.194085693359398,73.74935424804691,86.19999694824219,0.6734912395477295,2.6711816787719727,2.7547780329374256,6.162262958431958,194.15117206047665,101726.75,1017.2675,100.0,4.399999852466863e-06,0.015839999468880706,instant,192,,,,291.67742919921875,18.527429199218773,65.34937255859379,36.0,281.25,-78.75
2021-08-05T18:00:00+00:00,195,2021-08-13T21:00:00+00:00,2021-08-13T17:00:00-04:00,299.99932861328125,26.849328613281273,80.32879150390629,296.7987060546875,23.648706054687523,74.56767089843754,82.5,0.9003515839576721,2.7136011123657227,2.8590669757400886,6.39555067944722,198.3554398388013,101578.296875,1015.78296875,100.0,0.000824799994006753,2.9692799784243107,instant,195,,,,290.603271484375,17.453271484375023,63.41588867187504,36.0,281.25,-78.75
2021-08-05T18:00:00+00:00,198,2021-08-14T00:00:00+00:00,2021-08-13T20:00:00-04:00,295.5955810546875,22.445581054687523,72.40204589843754,294.50518798828125,21.355187988281273,70.43933837890629,92.80000305175781,-1.852231502532959,3.612475633621216,4.0596479825820495,9.081173905203215,152.85433831001097,101553.390625,1015.53390625,100.0,0.00020480000239331275,0.7372800086159259,instant,198,,,,292.0900573730469,18.940057373046898,66.09210327148442,36.0,281.25,-78.75
2021-08-05T18:00:00+00:00,201,2021-08-14T03:00:00+00:00,2021-08-13T23:00:00-04:00,294.8726501464844,21.722650146484398,71.10077026367192,294.25347900390625,21.103479003906273,69.98626220703129,96.5999984741211,0.3525097668170929,0.5432080030441284,0.647563178595441,1.448557575598247,212.98117906662543,101839.953125,1018.39953125,100.0,4.800000169780105e-06,0.01728000061120838,instant,201,,,,291.0731506347656,17.923150634765648,64.26167114257817,36.0,281.25,-78.75
2021-08-05T18:00:00+00:00,204,2021-08-14T06:00:00+00:00,2021-08-14T02:00:00-04:00,294.67767333984375,21.527673339843773,70.74981201171879,294.412109375,21.262109375000023,70.27179687500004,98.5999984741211,-0.5023974776268005,1.5814087390899658,1.6592940744774227,3.711735134389363,162.37547665761667,101779.921875,1017.79921875,100.0,0.00017840000509750098,0.6422400183510035,instant,204,,,,290.28717041015625,17.137170410156273,62.84690673828129,36.0,281.25,-78.75
2021-08-05T18:00:00+00:00,207,2021-08-14T09:00:00+00:00,2021-08-14T05:00:00-04:00,295.06219482421875,21.912194824218773,71.44195068359379,294.8594665527344,21.709466552734398,71.07703979492192,98.30000305175781,0.559326171875,2.4435741901397705,2.5067709487030476,5.6074869110214856,192.89271396702253,101752.4765625,1017.524765625,100.0,0.00014000000373926014,0.5040000134613365,instant,207,,,,289.48345947265625,16.333459472656273,61.40022705078129,36.0,281.25,-78.75
2021-08-05T18:00:00+00:00,210,2021-08-14T12:00:00+00:00,2021-08-14T08:00:00-04:00,295.27783203125,22.127832031250023,71.83009765625005,294.8316650390625,21.681665039062523,71.02699707031255,97.80000305175781,0.7174511551856995,1.8380199670791626,1.9730822485286772,4.413659288942097,201.32264825036424,101891.3671875,1018.913671875,100.0,4.800000169780105e-06,0.01728000061120838,instant,210,,,,289.7523498535156,16.602349853515648,61.884229736328166,36.0,281.25,-78.75
2021-08-05T18:00:00+00:00,213,2021-08-14T15:00:00+00:00,2021-08-14T11:00:00-04:00,297.9424743652344,24.792474365234398,76.62645385742192,295.5999755859375,22.449975585937523,72.40995605468754,86.5999984741211,1.7194677591323853,1.0564745664596558,2.0180951127912343,4.514350198620329,238.43262208098108,101971.15625,1019.7115625,79.9000015258789,1.2800000149582047e-05,0.04608000053849537,instant,213,,,,291.3369445800781,18.186944580078148,64.73650024414067,36.0,281.25,-78.75
2021-08-05T18:00:00+00:00,216,2021-08-14T18:00:00+00:00,2021-08-14T14:00:00-04:00,303.51470947265625,30.364709472656273,86.65647705078129,294.39996337890625,21.249963378906273,70.24993408203129,58.099998474121094,-0.21387451887130737,2.3323071002960205,2.3420928077071723,5.23911240091976,174.7605823001131,101827.6875,1018.276875,31.700000762939453,8.000000093488779e-07,0.0028800000336559606,instant,216,,,,289.8363952636719,16.686395263671898,62.035511474609415,36.0,281.25,-78.75
2021-08-05T18:00:00+00:00,219,2021-08-14T21:00:00+00:00,2021-08-14T17:00:00-04:00,302.11468505859375,28.964685058593773,84.1364331054688,296.29998779296875,23.149987792968773,73.66997802734379,71.19999694824219,-1.6943457126617432,3.1692845821380615,3.593768517391355,8.039031221795256,151.8703908035036,101776.375,1017.76375,87.80000305175781,0.0001064000025507994,0.38304000918287784,instant,219,,,,290.9688720703125,17.818872070312523,64.07396972656254,36.0,281.25,-78.75
2021-08-05T18:00:00+00:00,222,2021-08-15T00:00:00+00:00,2021-08-14T20:00:00-04:00,297.6092529296875,24.459252929687523,76.02665527343754,295.7146911621094,22.564691162109398,72.61644409179692,89.0999984741211,-0.9341992139816284,3.144335985183716,3.2801794095941066,7.337552365770631,163.453030960338,101853.53125,1018.5353125,90.9000015258789,0.0007816000143066049,2.8137600515037775,instant,222,,,,290.8656311035156,17.715631103515648,63.888135986328166,36.0,281.25,-78.75
2021-08-05T18:00:00+00:00,225,2021-08-15T03:00:00+00:00,2021-08-14T23:00:00-04:00,295.79718017578125,22.647180175781273,72.7649243164063,295.2987365722656,22.148736572265648,71.86772583007817,97.0999984741211,0.38890624046325684,3.585146427154541,3.6061784437282407,8.066791436399956,186.1910709693707,102002.625,1020.02625,94.0999984741211,2.6399999114801176e-05,0.09503999681328423,instant,225,,,,291.79608154296875,18.646081542968773,65.5629467773438,36.0,281.25,-78.75
2021-08-05T18:00:00+00:00,228,2021-08-15T06:00:00+00:00,2021-08-15T02:00:00-04:00,295.3065185546875,22.156518554687523,71.88173339843755,295.1000061035156,21.950006103515648,71.51001098632817,98.69999694824219,0.35835206508636475,1.8637768030166626,1.897914690921242,4.245514251344936,190.88355411375926,102040.109375,1020.40109375,98.9000015258789,0.0,0.0,instant,228,,,,290.48297119140625,17.332971191406273,63.19934814453129,36.0,281.25,-78.75
2021-08-05T18:00:00+00:00,231,2021-08-15T09:00:00+00:00,2021-08-15T05:00:00-04:00,295.5294189453125,22.379418945312523,72.28295410156254,294.7146911621094,21.564691162109398,70.81644409179691,95.80000305175781,0.8172509670257568,1.605190396308899,1.8012593792974,4.029302476953736,206.98202021877128,101999.9453125,1019.999453125,95.19999694824219,0.0,0.0,instant,231,,,,290.2229919433594,17.072991943359398,62.73138549804692,36.0,281.25,-78.75
2021-08-05T18:00:00+00:00,234,2021-08-15T12:00:00+00:00,2021-08-15T08:00:00-04:00,296.1440734863281,22.994073486328148,73.38933227539067,294.89996337890625,21.749963378906273,71.1499340820313,92.80000305175781,0.31907713413238525,1.1357910633087158,1.1797591097415097,2.6390459684625722,195.69161539309994,102115.515625,1021.15515625,50.79999923706055,0.0,0.0,instant,234,,,,290.0995178222656,16.949517822265648,62.50913208007817,36.0,281.25,-78.75
2021-08-05T18:00:00+00:00,237,2021-08-15T15:00:00+00:00,2021-08-15T11:00:00-04:00,301.39105224609375,28.241052246093773,82.8338940429688,295.6025695800781,22.452569580078148,72.41462524414067,70.5999984741211,-0.3935180604457855,0.4169262647628784,0.5733096668870487,1.2824572004452577,136.65442400020322,102193.796875,1021.93796875,74.80000305175781,6.4000000747910235e-06,0.023040000269247685,instant,237,,,,289.8104248046875,16.660424804687523,61.98876464843754,36.0,281.25,-78.75
2021-08-05T18:00:00+00:00,240,2021-08-15T18:00:00+00:00,2021-08-15T14:00:00-04:00,300.6477966308594,27.497796630859398,81.49603393554692,296.4012756347656,23.251275634765648,73.85229614257817,77.30000305175781,-1.2526684999465942,1.2297412157058716,1.7554036083944358,3.926726038820763,134.47083704013343,102081.546875,1020.81546875,100.0,0.0003944000054616481,1.4198400196619332,instant,240,,,,290.1064758300781,16.956475830078148,62.521656494140665,36.0,281.25,-78.75
2021-08-05T18:00:00+00:00,243,2021-08-15T21:00:00+00:00,2021-08-15T17:00:00-04:00,299.7012939453125,26.551293945312523,79.79232910156254,296.6999816894531,23.549981689453148,74.38996704101567,83.80000305175781,-0.791259765625,2.844477653503418,2.95248118334008,6.604512310621145,164.4548147780241,102015.640625,1020.15640625,97.69999694824219,3.2000000373955118e-06,0.011520000134623842,instant,243,,,,290.28533935546875,17.135339355468773,62.84361083984379,36.0,281.25,-78.75
2021-08-05T18:00:00+00:00,246,2021-08-16T00:00:00+00:00,2021-08-15T20:00:00-04:00,296.5108947753906,23.360894775390648,74.04961059570317,294.8520812988281,21.702081298828148,71.06374633789066,90.30000305175781,-1.3349707126617432,1.7361596822738647,2.190067863336177,4.89904228555873,142.4425378999784,102031.6875,1020.316875,100.0,0.0,0.0,instant,246,,,,290.24090576171875,17.090905761718773,62.76363037109379,36.0,281.25,-78.75
2021-08-05T18:00:00+00:00,249,2021-08-16T03:00:00+00:00,2021-08-15T23:00:00-04:00,295.0254821777344,21.875482177734398,71.37586791992192,294.1000061035156,20.950006103515648,69.71001098632817,94.5999984741211,-0.6393969655036926,1.7901171445846558,1.9008808144729252,4.252149280764413,160.34420558060094,102123.84375,1021.2384375,97.0999984741211,0.0,0.0,instant,249,,,,289.7115478515625,16.561547851562523,61.81078613281254,36.0,281.25,-78.75
2021-08-05T18:00:00+00:00,252,2021-08-16T06:00:00+00:00,2021-08-16T02:00:00-04:00,294.37188720703125,21.221887207031273,70.19939697265629,293.70001220703125,20.550012207031273,68.9900219726563,96.0999984741211,-0.5738183856010437,1.2032349109649658,1.3330573095777456,2.9819642751828566,154.50369421564415,102057.265625,1020.57265625,34.20000076293945,0.0,0.0,instant,252,,,,289.48065185546875,16.330651855468773,61.395173339843794,36.0,281.25,-78.75
2021-08-05T18:00:00+00:00,255,2021-08-16T09:00:00+00:00,2021-08-16T05:00:00-04:00,293.89251708984375,20.742517089843773,69.33653076171879,293.3999938964844,20.249993896484398,68.44998901367191,96.9000015258789,-0.35942625999450684,1.003359317779541,1.0657941437954446,2.3841136001150756,160.29131428737264,102020.03125,1020.2003125,4.699999809265137,0.0,0.0,instant,255,,,,289.14923095703125,15.999230957031273,60.798615722656294,36.0,281.25,-78.75
2021-08-05T18:00:00+00:00,258,2021-08-16T12:00:00+00:00,2021-08-16T08:00:00-04:00,295.3719482421875,22.221948242187523,71.99950683593754,294.0067443847656,20.856744384765648,69.54213989257816,91.69999694824219,-1.111572265625,0.46225830912590027,1.2038586487053335,2.692955101792529,112.58046629140998,102088.6640625,1020.886640625,100.0,0.0,0.0,instant,258,,,,288.7801513671875,15.630151367187523,60.13427246093754,36.0,281.25,-78.75
2021-08-05T18:00:00+00:00,261,2021-08-16T15:00:00+00:00,2021-08-16T11:00:00-04:00,300.93182373046875,27.781823730468773,82.0072827148438,294.20001220703125,21.050012207031273,69.89002197265629,66.19999694824219,-1.325036644935608,1.3363817930221558,1.8819241236413662,4.209744371066043,135.24424012275495,102074.921875,1020.74921875,49.79999923706055,7.199999799922807e-06,0.025919999279722106,instant,261,,,,289.0256652832031,15.875665283203148,60.57619750976566,36.0,281.25,-78.75
2021-08-05T18:00:00+00:00,264,2021-08-16T18:00:00+00:00,2021-08-16T14:00:00-04:00,301.4718933105469,28.321893310546898,82.97940795898441,295.5,22.350000000000023,72.23000000000005,70.0,-1.0484936237335205,2.1304078102111816,2.3744423170122815,5.311476192314511,153.79560438388125,101907.484375,1019.07484375,44.29999923706055,4.320000152802095e-05,0.1555200055008754,instant,264,,,,289.8373107910156,16.687310791015648,62.037159423828165,36.0,281.25,-78.75
2021-08-05T18:00:00+00:00,267,2021-08-16T21:00:00+00:00,2021-08-16T17:00:00-04:00,300.5830078125,27.433007812500023,81.37941406250005,296.5,23.350000000000023,74.03000000000004,78.0999984741211,-0.8303124904632568,2.543891668319702,2.6759677972587212,5.985969482056904,161.92359725014342,101778.1640625,1017.781640625,95.80000305175781,0.00011919999815290794,0.4291199933504686,instant,267,,,,290.072265625,16.922265625000023,62.46007812500004,36.0,281.25,-78.75
2021-08-05T18:00:00+00:00,270,2021-08-17T00:00:00+00:00,2021-08-16T20:00:00-04:00,296.9578857421875,23.807885742187523,74.85419433593754,295.45489501953125,22.304895019531273,72.14881103515629,91.69999694824219,-1.1485742330551147,1.9407958984375,2.2551965520171335,5.044731012923074,149.3827080475615,101783.6875,1017.836875,68.4000015258789,9.519999730400741e-05,0.3427199902944267,instant,270,,,,290.437255859375,17.287255859375023,63.11706054687504,36.0,281.25,-78.75
2021-08-05T18:00:00+00:00,273,2021-08-17T03:00:00+00:00,2021-08-16T23:00:00-04:00,295.79998779296875,22.649987792968773,72.7699780273438,295.1000061035156,21.950006103515648,71.51001098632817,96.0999984741211,-0.9807568192481995,1.9060205221176147,2.143548032873383,4.794980388496288,152.77158279329765,101799.484375,1017.99484375,5.199999809265137,0.0,0.0,instant,273,,,,290.12860107421875,16.978601074218773,62.56148193359379,36.0,281.25,-78.75
2021-08-05T18:00:00+00:00,276,2021-08-17T06:00:00+00:00,2021-08-17T02:00:00-04:00,294.93170166015625,21.781701660156273,71.2070629882813,294.5,21.350000000000023,70.43000000000004,97.5999984741211,0.4139770567417145,1.9521533250808716,1.9955649846930157,4.463951737412789,191.97287235032957,101803.0390625,1018.030390625,95.5,0.0005384000251069665,1.9382400903850794,instant,276,,,,290.3853454589844,17.235345458984398,63.02362182617192,36.0,281.25,-78.75
2021-08-05T18:00:00+00:00,279,2021-08-17T09:00:00+00:00,2021-08-17T05:00:00-04:00,294.33526611328125,21.185266113281273,70.13347900390629,293.9999694824219,20.849969482421898,69.52994506835941,98.4000015258789,0.25658202171325684,1.5446655750274658,1.5658307930748436,3.502663728245441,189.4312009762894,101813.9765625,1018.139765625,97.80000305175781,0.0,0.0,instant,279,,,,289.787353515625,16.637353515625023,61.947236328125044,36.0,281.25,-78.75
2021-08-05T18:00:00+00:00,282,2021-08-17T12:00:00+00:00,2021-08-17T08:00:00-04:00,295.5509338378906,22.400933837890648,72.32168090820316,294.79998779296875,21.649987792968773,70.96997802734379,95.19999694824219,0.7840747237205505,1.4261645078659058,1.6274883642821718,3.6405877869590415,208.80105356380477,101918.5,1019.185,47.099998474121094,0.0,0.0,instant,282,,,,289.6914367675781,16.541436767578148,61.774586181640665,36.0,281.25,-78.75
2021-08-05T18:00:00+00:00,285,2021-08-17T15:00:00+00:00,2021-08-17T11:00:00-04:00,300.935302734375,27.785302734375023,82.01354492187504,294.9999694824219,21.849969482421898,71.32994506835942,69.5999984741211,1.5360839366912842,2.2143139839172363,2.69494717572208,6.028425142542226,214.7492954458202,101940.140625,1019.40140625,43.20000076293945,2.4000000848900527e-06,0.00864000030560419,instant,285,,,,289.8365783691406,16.686578369140648,62.035841064453166,36.0,281.25,-78.75
2021-08-05T18:00:00+00:00,288,2021-08-17T18:00:00+00:00,2021-08-17T14:00:00-04:00,302.29998779296875,29.149987792968773,84.46997802734379,296.1999816894531,23.049981689453148,73.48996704101566,69.9000015258789,0.6495581269264221,1.898007869720459,2.0060806648230667,4.487474643931336,198.8925634071734,101784.7578125,1017.847578125,100.0,0.00048160000005736947,1.73376000020653,instant,288,,,,289.673828125,16.523828125000023,61.742890625000044,36.0,281.25,-78.75
2021-08-05T18:00:00+00:00,291,2021-08-17T21:00:00+00:00,2021-08-17T17:00:00-04:00,301.7769775390625,28.626977539062523,83.52855957031254,295.9396667480469,22.789666748046898,73.02140014648441,70.30000305175781,-0.5464916825294495,1.1453125476837158,1.2690129987339107,2.838701231956669,154.49162065349202,101651.640625,1016.51640625,100.0,0.0001264000020455569,0.45504000736400485,instant,291,,,,290.1726379394531,17.022637939453148,62.64074829101567,36.0,281.25,-78.75
2021-08-05T18:00:00+00:00,294,2021-08-18T00:00:00+00:00,2021-08-17T20:00:00-04:00,297.99493408203125,24.844934082031273,76.72088134765629,296.0487060546875,22.898706054687523,73.21767089843755,89.0,0.796215832233429,1.9913769960403442,2.1446542825961106,4.797454998649132,201.79310070540623,101746.703125,1017.46703125,99.0999984741211,0.0,0.0,instant,294,,,,290.734619140625,17.584619140625023,63.652314453125044,36.0,281.25,-78.75
2021-08-05T18:00:00+00:00,297,2021-08-18T03:00:00+00:00,2021-08-17T23:00:00-04:00,296.55108642578125,23.401086425781273,74.12195556640629,295.0999755859375,21.949975585937523,71.50995605468754,91.80000305175781,0.6148901581764221,1.5931591987609863,1.7077020053917409,3.8200205918748633,201.10441939671642,101830.390625,1018.30390625,5.0,0.0,0.0,instant,297,,,,290.5787048339844,17.428704833984398,63.37166870117191,36.0,281.25,-78.75
2021-08-05T18:00:00+00:00,300,2021-08-18T06:00:00+00:00,2021-08-18T02:00:00-04:00,295.7174987792969,22.567498779296898,72.62149780273441,294.88299560546875,21.732995605468773,71.11939208984379,95.30000305175781,0.9676440358161926,2.256906747817993,2.4555983076222057,5.493016973027476,203.20713223130863,101853.4375,1018.534375,37.70000076293945,0.0,0.0,instant,300,,,,290.41778564453125,17.267785644531273,63.08201416015629,36.0,281.25,-78.75
2021-08-05T18:00:00+00:00,303,2021-08-18T09:00:00+00:00,2021-08-18T05:00:00-04:00,295.034423828125,21.884423828125023,71.39196289062504,294.3999938964844,21.249993896484398,70.24998901367192,96.5,0.9237915277481079,1.9361425638198853,2.1452363073037484,4.79875695084052,205.5072053865715,101839.5234375,1018.395234375,55.599998474121094,0.0,0.0,instant,303,,,,290.2016296386719,17.051629638671898,62.69293334960942,36.0,281.25,-78.75
2021-08-05T18:00:00+00:00,306,2021-08-18T12:00:00+00:00,2021-08-18T08:00:00-04:00,296.4718933105469,23.321893310546898,73.97940795898441,294.79998779296875,21.649987792968773,70.96997802734379,90.80000305175781,1.4445849657058716,1.7144335508346558,2.2418983302930933,5.014983738128782,220.11755226616665,101979.0859375,1019.790859375,55.5,0.0,0.0,instant,306,,,,290.201416015625,17.051416015625023,62.69254882812504,36.0,281.25,-78.75
2021-08-05T18:00:00+00:00,309,2021-08-18T15:00:00+00:00,2021-08-18T11:00:00-04:00,301.8944091796875,28.744409179687523,83.73993652343754,294.5999755859375,21.449975585937523,70.60995605468754,64.5999984741211,2.099851131439209,2.3691723346710205,3.165809900416805,7.081715059987476,221.5512983925701,101939.4765625,1019.394765625,97.0999984741211,0.0,0.0,instant,309,,,,290.76629638671875,17.616296386718773,63.70933349609379,36.0,281.25,-78.75
2021-08-05T18:00:00+00:00,312,2021-08-18T18:00:00+00:00,2021-08-18T14:00:00-04:00,306.0051574707031,32.85515747070315,91.13928344726567,294.0,20.850000000000023,69.53000000000004,48.900001525878906,1.7102367877960205,2.8929028511047363,3.3606244622481642,7.51750282356872,210.59088410132367,101780.78125,1017.8078125,54.900001525878906,0.0,0.0,instant,312,,,,290.5346984863281,17.384698486328148,63.29245727539067,36.0,281.25,-78.75
2021-08-05T18:00:00+00:00,315,2021-08-18T21:00:00+00:00,2021-08-18T17:00:00-04:00,302.30084228515625,29.150842285156273,84.4715161132813,294.6999816894531,21.549981689453148,70.78996704101567,63.400001525878906,0.9508642554283142,2.8694090843200684,3.022854830359833,6.761933675643856,198.3341544058399,101609.5703125,1016.095703125,99.69999694824219,0.0,0.0,instant,315,,,,291.6220397949219,18.472039794921898,65.24967163085941,36.0,281.25,-78.75
2021-08-05T18:00:00+00:00,318,2021-08-19T00:00:00+00:00,2021-08-18T20:00:00-04:00,300.03729248046875,26.887292480468773,80.3971264648438,294.574951171875,21.424951171875023,70.56491210937504,71.9000015258789,0.6117700338363647,-2.6090381145477295,2.6798026900245695,5.994547892860966,346.80362882717975,101725.9375,1017.259375,100.0,6.08000009378884e-05,0.21888000337639824,instant,318,,,,291.5078430175781,18.357843017578148,65.04411743164067,36.0,281.25,-78.75
2021-08-05T18:00:00+00:00,321,2021-08-19T03:00:00+00:00,2021-08-18T23:00:00-04:00,293.8228759765625,20.672875976562523,69.21117675781254,293.3857116699219,20.235711669921898,68.42428100585941,97.80000305175781,-1.324582576751709,-0.5407641530036926,1.4307148114869008,3.2004178853948178,67.79213879845645,101916.2109375,1019.162109375,100.0,0.0005136000108905137,1.8489600392058492,instant,321,,,,291.0830993652344,17.933099365234398,64.27957885742191,36.0,281.25,-78.75
2021-08-05T18:00:00+00:00,324,2021-08-19T06:00:00+00:00,2021-08-19T02:00:00-04:00,294.64410400390625,21.494104003906273,70.68938720703129,294.0146789550781,20.864678955078148,69.55642211914066,96.0999984741211,0.07189453393220901,1.863684058189392,1.8650702648314919,4.172043362633075,182.20917907789425,101748.1015625,1017.481015625,100.0,0.0,0.0,instant,324,,,,291.5889892578125,18.438989257812523,65.19018066406254,36.0,281.25,-78.75
2021-08-05T18:00:00+00:00,327,2021-08-19T09:00:00+00:00,2021-08-19T05:00:00-04:00,295.14410400390625,21.994104003906273,71.5893872070313,294.6000061035156,21.450006103515648,70.61001098632816,97.0999984741211,0.9811010956764221,0.7025585770606995,1.20670954008785,2.699332364190785,234.39385454094247,101672.3828125,1016.723828125,100.0,0.0008471999899484217,3.049919963814318,instant,327,,,,292.1230773925781,18.973077392578148,66.15153930664067,36.0,281.25,-78.75
2021-08-05T18:00:00+00:00,330,2021-08-19T12:00:00+00:00,2021-08-19T08:00:00-04:00,295.8626708984375,22.712670898437523,72.88280761718754,295.11468505859375,21.964685058593773,71.53643310546879,95.9000015258789,0.5622217059135437,1.2393481731414795,1.3609104088327997,3.0442698837526803,204.40109045577827,101798.171875,1017.98171875,100.0,0.0,0.0,instant,330,,,,291.7213439941406,18.571343994140648,65.42841918945317,36.0,281.25,-78.75
2021-08-05T18:00:00+00:00,333,2021-08-19T15:00:00+00:00,2021-08-19T11:00:00-04:00,296.78668212890625,23.636682128906273,74.54602783203129,295.70648193359375,22.556481933593773,72.60166748046879,93.30000305175781,0.6373364329338074,1.560512661933899,1.685644534532952,3.7706794347999066,202.2158301534825,101861.5390625,1018.615390625,99.69999694824219,0.0,0.0,instant,333,,,,291.6348571777344,18.484857177734398,65.27274291992191,36.0,281.25,-78.75
2021-08-05T18:00:00+00:00,336,2021-08-19T18:00:00+00:00,2021-08-19T14:00:00-04:00,303.8155212402344,30.665521240234398,87.19793823242192,295.6077880859375,22.457788085937523,72.42401855468754,61.29999923706055,0.22852538526058197,3.272219181060791,3.2801893574320755,7.337574618450411,183.9949386558419,101718.9609375,1017.189609375,98.69999694824219,0.0,0.0,instant,336,,,,291.44305419921875,18.293054199218773,64.92749755859379,36.0,281.25,-78.75
2021-08-05T18:00:00+00:00,339,2021-08-19T21:00:00+00:00,2021-08-19T17:00:00-04:00,305.21173095703125,32.06173095703127,89.71111572265629,294.7051696777344,21.555169677734398,70.79930541992192,53.5,1.101586937904358,3.259269952774048,3.440397419894574,7.695949847652493,198.6745226887324,101577.375,1015.77375,38.099998474121094,0.0,0.0,instant,339,,,,291.04608154296875,17.896081542968773,64.21294677734379,36.0,281.25,-78.75
2021-08-05T18:00:00+00:00,342,2021-08-20T00:00:00+00:00,2021-08-19T20:00:00-04:00,296.94976806640625,23.799768066406273,74.83958251953129,295.00518798828125,21.855187988281273,71.33933837890629,88.80000305175781,0.2965673804283142,2.717954158782959,2.734086139897515,6.115976511939674,186.22714756147445,101666.890625,1016.66890625,6.599999904632568,0.0003623999946285039,1.304639980662614,instant,342,,,,292.2549743652344,19.104974365234398,66.38895385742191,36.0,281.25,-78.75
2021-08-05T18:00:00+00:00,345,2021-08-20T03:00:00+00:00,2021-08-19T23:00:00-04:00,296.6175842285156,23.467584228515648,74.24165161132817,295.1668701171875,22.016870117187523,71.63036621093754,91.5,2.383425235748291,0.9089697003364563,2.550870786718046,5.706135439150955,249.12459034553996,101754.8359375,1017.548359375,98.5999984741211,0.0,0.0,instant,345,,,,290.8686828613281,17.718682861328148,63.893629150390666,36.0,281.25,-78.75
2021-08-12T18:00:00+00:00,10,2021-08-13T04:00:00+00:00,2021-08-13T00:00:00-04:00,300.446044921875,27.296044921875023,81.13288085937504,293.5999755859375,20.449975585937523,68.80995605468755,66.0,1.774082064628601,2.965878963470459,3.4559810760467835,7.730809493662266,210.8863451468154,101833.578125,1018.33578125,0.5,0.0,0.0,instant,10,,,,293.58074951171875,20.430749511718773,68.7753491210938,36.0,281.25,-78.75
2021-08-12T18:00:00+00:00,11,2021-08-13T05:00:00+00:00,2021-08-13T01:00:00-04:00,299.783447265625,26.633447265625023,79.94020507812505,294.1999816894531,21.049981689453148,69.88996704101567,71.69999694824219,2.113452196121216,2.950263738632202,3.6291509079642372,8.11817937536738,215.61631336470168,101849.1015625,1018.491015625,0.0,0.0,0.0,instant,11,,,,293.39434814453125,20.244348144531273,68.43982666015629,36.0,281.25,-78.75
2021-08-12T18:00:00+00:00,12,2021-08-13T06:00:00+00:00,2021-08-13T02:00:00-04:00,299.120849609375,25.970849609375023,78.74752929687504,294.29998779296875,21.149987792968773,70.0699780273438,74.9000015258789,2.076057195663452,2.672534227371216,3.3841472598184406,7.57012182314432,217.84049674098975,101865.796875,1018.65796875,0.0,0.0,0.0,instant,12,,,,293.16387939453125,20.013879394531273,68.0249829101563,36.0,281.25,-78.75
2021-08-12T18:00:00+00:00,13,2021-08-13T07:00:00+00:00,2021-08-13T03:00:00-04:00,298.5,25.350000000000023,77.63000000000004,294.29998779296875,21.149987792968773,70.0699780273438,77.30000305175781,2.091872453689575,2.070622444152832,2.9433667234537206,6.5841238445188734,225.29249892525982,101868.6484375,1018.686484375,0.0,0.0,0.0,instant,13,,,,293.05450439453125,19.904504394531273,67.82810791015629,36.0,281.25,-78.75
2021-08-12T18:00:00+00:00,14,2021-08-13T08:00:00+00:00,2021-08-13T04:00:00-04:00,297.8777160644531,24.727716064453148,76.50988891601567,294.1999816894531,21.049981689453148,69.88996704101567,80.0,1.844580054283142,1.7034204006195068,2.5107999995829857,5.616499641157352,227.2783506145395,101876.609375,1018.76609375,0.0,0.0,0.0,instant,14,,,,293.1225891113281,19.972589111328148,67.95066040039066,36.0,281.25,-78.75
2021-08-12T18:00:00+00:00,15,2021-08-13T09:00:00+00:00,2021-08-13T05:00:00-04:00,297.3157958984375,24.165795898437523,75.49843261718755,294.10589599609375,20.955895996093773,69.7206127929688,82.5,1.5887060165405273,1.3567065000534058,2.0891719254956573,4.673344500482407,229.5036833465783,101883.0,1018.83,0.0,0.0,0.0,instant,15,,,,293.0204772949219,19.870477294921898,67.76685913085942,36.0,281.25,-78.75
2021-08-12T18:00:00+00:00,16,2021-08-13T10:00:00+00:00,2021-08-13T06:00:00-04:00,296.8651123046875,23.715112304687523,74.68720214843754,294.1118469238281,20.961846923828148,69.73132446289067,84.19999694824219,1.3638110160827637,1.5706665515899658,2.0801379530868176,4.653136079739655,220.96780815128372,101901.359375,1019.01359375,0.0,0.0,0.0,instant,16,,,,292.9443359375,19.794335937500023,67.62980468750004,36.0,281.25,-78.75
2021-08-12T18:00:00+00:00,17,2021-08-13T11:00:00+00:00,2021-08-13T07:00:00-04:00,296.755615234375,23.605615234375023,74.49010742187504,294.19842529296875,21.048425292968773,69.8871655273438,85.5,1.3613744974136353,1.8728759288787842,2.3153843670504894,5.179367320710646,216.0130225112464,101932.078125,1019.32078125,0.0,0.0,0.0,instant,17,,,,293.0,19.850000000000023,67.73000000000005,36.0,281.25,-78.75
2021-08-12T18:00:00+00:00,18,2021-08-13T12:00:00+00:00,2021-08-13T08:00:00-04:00,298.6378479003906,25.487847900390648,77.87812622070317,294.59405517578125,21.444055175781273,70.59929931640629,78.0,1.87164306640625,2.130607843399048,2.835936802959497,6.343809956512826,221.2978498673008,101954.484375,1019.54484375,0.0,0.0,0.0,instant,18,,,,292.91790771484375,19.767907714843773,67.5822338867188,36.0,281.25,-78.75
2021-08-12T18:00:00+00:00,19,2021-08-13T13:00:00+00:00,2021-08-13T09:00:00-04:00,301.15081787109375,28.000817871093773,82.40147216796879,294.29998779296875,21.149987792968773,70.0699780273438,66.4000015258789,2.601567268371582,1.9325463771820068,3.240815908351117,7.24949872125786,233.39358441896348,101977.0546875,1019.770546875,0.0,0.0,0.0,instant,19,,,,292.8163757324219,19.666375732421898,67.39947631835942,36.0,281.25,-78.75
2021-08-12T18:00:00+00:00,20,2021-08-13T14:00:00+00:00,2021-08-13T10:00:00-04:00,303.4603576660156,30.310357666015648,86.55864379882817,294.0118408203125,20.861840820312523,69.55131347656254,57.0,2.838574171066284,1.3214281797409058,3.1310822025073066,7.004031412194218,245.03682923643834,101993.2890625,1019.932890625,0.0,0.0,0.0,instant,20,,,,292.6817932128906,19.531793212890648,67.15722778320317,36.0,281.25,-78.75
2021-08-12T18:00:00+00:00,21,2021-08-13T15:00:00+00:00,2021-08-13T11:00:00-04:00,305.48223876953125,32.33223876953127,90.1980297851563,293.5940856933594,20.444085693359398,68.79935424804691,49.20000076293945,2.6119678020477295,1.4043651819229126,2.965572012804852,6.633795662143989,241.73461038418375,101983.4140625,1019.834140625,0.0,0.0,0.0,instant,21,,,,292.57550048828125,19.425500488281273,66.9659008789063,36.0,281.25,-78.75
2021-08-12T18:00:00+00:00,22,2021-08-13T16:00:00+00:00,2021-08-13T12:00:00-04:00,307.2762756347656,34.12627563476565,93.42729614257817,293.1940612792969,20.044061279296898,68.07931030273441,43.29999923706055,2.5753564834594727,1.7737256288528442,3.127069494486197,6.9950552399923795,235.4436441905847,101934.4375,1019.344375,0.0,0.0,0.0,instant,22,,,,291.94049072265625,18.790490722656273,65.82288330078129,36.0,281.25,-78.75
2021-08-12T18:00:00+00:00,23,2021-08-13T17:00:00+00:00,2021-08-13T13:00:00-04:00,308.5822448730469,35.4322448730469,95.77804077148441,292.5,19.350000000000023,66.83000000000004,38.599998474121094,2.518730401992798,2.0737743377685547,3.2625975605198705,7.298222889495049,230.53396887742826,101867.5234375,1018.675234375,0.0,0.0,0.0,instant,23,,,,292.48736572265625,19.337365722656273,66.80725830078129,36.0,281.25,-78.75
2021-08-12T18:00:00+00:00,24,2021-08-13T18:00:00+00:00,2021-08-13T14:00:00-04:00,309.5830078125,36.43300781250002,97.57941406250004,291.5281066894531,18.378106689453148,65.08059204101566,34.29999923706055,2.291630744934082,2.3315601348876953,3.2692115461873468,7.313017954069755,224.50516240835566,101802.296875,1018.02296875,2.200000047683716,0.0,0.0,instant,24,,,,293.6217041015625,20.471704101562523,68.84906738281254,36.0,281.25,-78.75
2021-08-12T18:00:00+00:00,25,2021-08-13T19:00:00+00:00,2021-08-13T15:00:00-04:00,310.54150390625,37.39150390625002,99.30470703125005,290.5,17.350000000000023,63.23000000000004,30.600000381469727,1.978784203529358,2.609750986099243,3.2751163542053416,7.326226633422821,217.17039414694443,101734.828125,1017.34828125,35.70000076293945,0.0,0.0,instant,25,,,,294.6387634277344,21.488763427734398,70.67977416992191,36.0,281.25,-78.75
2021-08-12T18:00:00+00:00,26,2021-08-13T20:00:00+00:00,2021-08-13T16:00:00-04:00,310.80279541015625,37.65279541015627,99.77503173828129,289.80279541015625,16.652795410156273,61.97503173828129,28.700000762939453,1.6264941692352295,3.0464305877685547,3.4534363478494954,7.725117098804339,208.09782993655125,101659.6328125,1016.596328125,71.0999984741211,0.0,0.0,instant,26,,,,295.3223571777344,22.172357177734398,71.91024291992191,36.0,281.25,-78.75
2021-08-12T18:00:00+00:00,27,2021-08-13T21:00:00+00:00,2021-08-13T17:00:00-04:00,310.2822265625,37.13222656250002,98.83800781250004,289.5039367675781,16.353936767578148,61.437086181640666,29.200000762939453,1.4060254096984863,3.5967650413513184,3.8618164398900094,8.63863734764228,201.3512187110564,101597.609375,1015.97609375,27.600000381469727,0.0,0.0,instant,27,,,,295.5315246582031,22.381524658203148,72.28674438476567,36.0,281.25,-78.75
2021-08-12T18:00:00+00:00,28,2021-08-13T22:00:00+00:00,2021-08-13T18:00:00-04:00,309.3367614746094,36.1867614746094,97.13617065429692,290.6612854003906,17.511285400390648,63.520313720703165,33.0,0.7878589034080505,4.673752307891846,4.73969221439575,10.602389527549535,189.5684483028279,101546.796875,1015.46796875,0.4000000059604645,0.0,0.0,instant,28,,,,295.3836364746094,22.233636474609398,72.02054565429691,36.0,281.25,-78.75
2021-08-12T18:00:00+00:00,29,2021-08-13T23:00:00+00:00,2021-08-13T19:00:00-04:00,306.5367736816406,33.38677368164065,92.09619262695317,292.3584899902344,19.208489990234398,66.57528198242191,42.70000076293945,-0.6034570336341858,4.222646713256836,4.265548693476764,9.541760677963403,171.86694847086602,101646.171875,1016.46171875,26.200000762939453,0.0,0.0,instant,29,,,,295.157470703125,22.007470703125023,71.61344726562504,36.0,281.25,-78.75
2021-08-12T18:00:00+00:00,30,2021-08-14T00:00:00+00:00,2021-08-13T20:00:00-04:00,303.7677001953125,30.617700195312523,87.11186035156254,292.35491943359375,19.204919433593773,66.56885498046879,50.0,-0.7564599514007568,3.532719612121582,3.612802169499694,8.081608288966738,167.9137934254539,101695.484375,1016.95484375,100.0,0.0,0.0,instant,30,,,,295.1979675292969,22.047967529296898,71.68634155273442,36.0,281.25,-78.75
2021-08-12T18:00:00+00:00,31,2021-08-14T01:00:00+00:00,2021-08-13T21:00:00-04:00,303.73675537109375,30.586755371093773,87.05615966796879,291.5999755859375,18.449975585937523,65.20995605468754,48.20000076293945,0.7314819097518921,3.5411717891693115,3.6159318888362457,8.088609271734613,191.67114751379717,101708.984375,1017.08984375,99.80000305175781,0.0,0.0,instant,31,,,,294.4765930175781,21.326593017578148,70.38786743164067,36.0,281.25,-78.75
2021-08-12T18:00:00+00:00,32,2021-08-14T02:00:00+00:00,2021-08-13T22:00:00-04:00,300.16839599609375,27.018395996093773,80.63311279296879,293.5,20.350000000000023,68.63000000000004,67.0,1.7241040468215942,1.3565795421600342,2.1938192310383564,4.907433856116576,231.80321323336514,101833.375,1018.33375,98.5,0.0,0.0,instant,32,,,,293.56414794921875,20.414147949218773,68.74546630859379,36.0,281.25,-78.75
2021-08-12T18:00:00+00:00,33,2021-08-14T03:00:00+00:00,2021-08-13T23:00:00-04:00,299.4585876464844,26.308587646484398,79.35545776367192,293.9978942871094,20.847894287109398,69.52620971679691,71.80000305175781,0.973339855670929,2.5966992378234863,2.7731277299018484,6.2033100615198755,200.54787445741707,101869.453125,1018.69453125,89.19999694824219,0.0,0.0,instant,33,,,,293.1393737792969,19.989373779296898,67.98087280273441,36.0,281.25,-78.75
2021-08-12T18:00:00+00:00,34,2021-08-14T04:00:00+00:00,2021-08-14T00:00:00-04:00,298.85491943359375,25.704919433593773,78.26885498046879,294.9969787597656,21.846978759765648,71.32456176757816,79.69999694824219,1.5826269388198853,2.4790282249450684,2.9411373595180312,6.579136899422933,212.55441243891596,101893.1953125,1018.931953125,0.699999988079071,0.0,0.0,instant,34,,,,293.0146789550781,19.864678955078148,67.75642211914067,36.0,281.25,-78.75
2021-08-12T18:00:00+00:00,35,2021-08-14T05:00:00+00:00,2021-08-14T01:00:00-04:00,298.3289489746094,25.178948974609398,77.32210815429691,295.5,22.350000000000023,72.23000000000005,84.0,1.2982397079467773,2.8661084175109863,3.14642714840453,7.0383570785713285,204.3687448268675,101911.3515625,1019.113515625,16.200000762939453,0.0,0.0,instant,35,,,,293.054443359375,19.904443359375023,67.82799804687504,36.0,281.25,-78.75
2021-08-12T18:00:00+00:00,36,2021-08-14T06:00:00+00:00,2021-08-14T02:00:00-04:00,297.8511047363281,24.701104736328148,76.46198852539067,295.2755432128906,22.125543212890648,71.82597778320317,85.5,1.2315893173217773,2.808520555496216,3.0666920219001277,6.859994680342082,203.6783587264839,101887.390625,1018.87390625,95.30000305175781,0.0,0.0,instant,36,,,,293.3916931152344,20.241693115234398,68.43504760742192,36.0,281.25,-78.75
2021-08-12T18:00:00+00:00,37,2021-08-14T07:00:00+00:00,2021-08-14T03:00:00-04:00,298.0509338378906,24.900933837890648,76.82168090820316,294.9378662109375,21.787866210937523,71.21815917968755,82.80000305175781,1.5686132907867432,2.7647876739501953,3.1787731183681145,7.110712952684572,209.56858183164792,101863.7578125,1018.637578125,96.19999694824219,0.0,0.0,instant,37,,,,293.4516296386719,20.301629638671898,68.54293334960941,36.0,281.25,-78.75
2021-08-12T18:00:00+00:00,38,2021-08-14T08:00:00+00:00,2021-08-14T04:00:00-04:00,298.29998779296875,25.149987792968773,77.2699780273438,294.79998779296875,21.649987792968773,70.96997802734379,80.9000015258789,2.98583984375,2.5949487686157227,3.9558815306155566,8.849054962901647,229.0065827341549,101874.3828125,1018.743828125,99.19999694824219,4.959999932907522e-05,0.17855999758467078,instant,38,,,,292.829345703125,19.679345703125023,67.42282226562504,36.0,281.25,-78.75
2021-08-12T18:00:00+00:00,39,2021-08-14T09:00:00+00:00,2021-08-14T05:00:00-04:00,297.42425537109375,24.274255371093773,75.69365966796879,295.1999816894531,22.049981689453148,71.68996704101566,86.69999694824219,2.111523389816284,2.4972851276397705,3.2703155863726723,7.315487621628196,220.21544025594017,101834.8125,1018.348125,99.9000015258789,4.0000000467443897e-07,0.0014400000168279803,instant,39,,,,292.934326171875,19.784326171875023,67.61178710937504,36.0,281.25,-78.75
2021-08-12T18:00:00+00:00,40,2021-08-14T10:00:00+00:00,2021-08-14T06:00:00-04:00,297.63787841796875,24.487878417968773,76.07818115234379,294.79998779296875,21.649987792968773,70.96997802734379,84.5999984741211,1.9660229682922363,2.262463331222534,2.9973299179401627,6.704836072700786,220.98980895203735,101848.609375,1018.48609375,94.0,0.0,0.0,instant,40,,,,293.55126953125,20.401269531250023,68.72228515625004,36.0,281.25,-78.75
2021-08-12T18:00:00+00:00,41,2021-08-14T11:00:00+00:00,2021-08-14T07:00:00-04:00,297.38934326171875,24.239343261718773,75.6308178710938,294.63787841796875,21.487878417968773,70.6781811523438,84.5999984741211,1.8230737447738647,1.6920361518859863,2.487284506881539,5.563896982107946,227.13490510798812,101923.3046875,1019.233046875,60.900001525878906,0.0,0.0,instant,41,,,,293.44873046875,20.298730468750023,68.53771484375004,36.0,281.25,-78.75
2021-08-12T18:00:00+00:00,42,2021-08-14T12:00:00+00:00,2021-08-14T08:00:00-04:00,298.67034912109375,25.520349121093773,77.93662841796879,294.5,21.350000000000023,70.43000000000004,77.9000015258789,2.246384382247925,1.2065356969833374,2.5498963078726278,5.7039555920558005,241.75970219652547,101971.015625,1019.71015625,78.19999694824219,0.0,0.0,instant,42,,,,293.5,20.350000000000023,68.63000000000004,36.0,281.25,-78.75
2021-08-12T18:00:00+00:00,43,2021-08-14T13:00:00+00:00,2021-08-14T09:00:00-04:00,300.42425537109375,27.274255371093773,81.0936596679688,293.962158203125,20.812158203125023,69.46188476562504,67.30000305175781,2.621396541595459,1.0181689262390137,2.812185589652173,6.290680005485347,248.77347848537693,101991.1640625,1019.911640625,98.19999694824219,0.0,0.0,instant,43,,,,293.5399169921875,20.389916992187523,68.70185058593754,36.0,281.25,-78.75
2021-08-12T18:00:00+00:00,44,2021-08-14T14:00:00+00:00,2021-08-14T10:00:00-04:00,302.57513427734375,29.425134277343773,84.9652416992188,293.4721984863281,20.322198486328148,68.57995727539067,58.20000076293945,2.3971338272094727,0.6718505620956421,2.489504722498064,5.568863462996737,254.34327939195467,101985.5390625,1019.855390625,100.0,0.0,0.0,instant,44,,,,293.69464111328125,20.544641113281273,68.98035400390629,36.0,281.25,-78.75
2021-08-12T18:00:00+00:00,45,2021-08-14T15:00:00+00:00,2021-08-14T11:00:00-04:00,304.8100891113281,31.660089111328148,88.98816040039067,293.20001220703125,20.050012207031273,68.09002197265629,50.099998474121094,1.957065463066101,0.10520019382238388,1.9598908917351496,4.384151064189217,266.9230811339506,101992.1484375,1019.921484375,100.0,0.0,0.0,instant,45,,,,293.5207214355469,20.370721435546898,68.66729858398442,36.0,281.25,-78.75
2021-08-12T18:00:00+00:00,46,2021-08-14T16:00:00+00:00,2021-08-14T12:00:00-04:00,306.7242431640625,33.57424316406252,92.43363769531254,293.1000061035156,19.950006103515648,67.91001098632816,44.29999923706055,1.4001635313034058,0.1803247034549713,1.4117276341660763,3.157944779362193,262.6613690166852,101957.21875,1019.5721875,99.80000305175781,0.0,0.0,instant,46,,,,293.0931701660156,19.943170166015648,67.89770629882817,36.0,281.25,-78.75
2021-08-12T18:00:00+00:00,47,2021-08-14T17:00:00+00:00,2021-08-14T13:00:00-04:00,308.20001220703125,35.05001220703127,95.09002197265629,293.1000061035156,19.950006103515648,67.91001098632816,40.900001525878906,0.9161621332168579,0.6966772675514221,1.1509614543777649,2.5746274480533367,232.7495485487683,101904.1953125,1019.041953125,100.0,0.0,0.0,instant,47,,,,291.564697265625,18.414697265625023,65.14645507812504,36.0,281.25,-78.75
2021-08-12T18:00:00+00:00,48,2021-08-14T18:00:00+00:00,2021-08-14T14:00:00-04:00,308.5487365722656,35.39873657226565,95.71772583007817,292.70001220703125,19.550012207031273,67.1900219726563,39.0,0.720837414264679,1.5059961080551147,1.669619973311574,3.7348335122395584,205.5778716015829,101847.578125,1018.47578125,98.19999694824219,0.0,0.0,instant,48,,,,292.219482421875,19.069482421875023,66.32506835937504,36.0,281.25,-78.75
2021-08-12T18:00:00+00:00,49,2021-08-14T19:00:00+00:00,2021-08-14T15:00:00-04:00,308.79998779296875,35.64998779296877,96.16997802734379,292.5,19.350000000000023,66.83000000000004,37.900001525878906,0.80743408203125,2.017207145690918,2.172803365574563,4.860422703951683,201.81490536428916,101794.5390625,1017.945390625,81.5999984741211,0.0,0.0,instant,49,,,,292.90252685546875,19.752526855468773,67.55454833984379,36.0,281.25,-78.75
2021-08-12T18:00:00+00:00,50,2021-08-14T20:00:00+00:00,2021-08-14T16:00:00-04:00,309.1000061035156,35.95000610351565,96.71001098632817,292.29998779296875,19.149987792968773,66.46997802734379,37.0,1.0807373523712158,2.189833879470825,2.442000336709352,5.462599178394214,206.26748233738147,101736.6640625,1017.366640625,78.30000305175781,3.1200001103570685e-05,0.11232000397285447,instant,50,,,,293.56561279296875,20.415612792968773,68.74810302734379,36.0,281.25,-78.75
2021-08-12T18:00:00+00:00,51,2021-08-14T21:00:00+00:00,2021-08-14T17:00:00-04:00,308.0487365722656,34.89873657226565,94.81772583007816,292.5,19.350000000000023,66.83000000000004,39.79999923706055,-0.2810717821121216,2.9134814739227295,2.92700796814608,6.5475303510783744,174.4895673994262,101660.296875,1016.60296875,86.80000305175781,0.0,0.0,instant,51,,,,293.8082275390625,20.658227539062523,69.18480957031254,36.0,281.25,-78.75
2021-08-12T18:00:00+00:00,52,2021-08-14T22:00:00+00:00,2021-08-14T18:00:00-04:00,305.8999938964844,32.7499938964844,90.94998901367191,294.0,20.850000000000023,69.53000000000004,49.29999923706055,0.5393896698951721,4.370419979095459,4.403579454224299,9.85052669609944,187.03576680626549,101616.953125,1016.16953125,5.099999904632568,0.0,0.0,instant,52,,,,293.280517578125,20.130517578125023,68.23493164062504,36.0,281.25,-78.75
2021-08-12T18:00:00+00:00,53,2021-08-14T23:00:00+00:00,2021-08-14T19:00:00-04:00,302.1072998046875,28.957299804687523,84.12313964843754,294.92193603515625,21.771936035156273,71.1894848632813,65.19999694824219,4.500744819641113,2.159792423248291,4.992134537755072,11.167086922322536,244.36484114684208,101726.078125,1017.26078125,100.0,0.0,0.0,instant,53,,,,292.7720031738281,19.622003173828148,67.31960571289066,36.0,281.25,-78.75
2021-08-12T18:00:00+00:00,54,2021-08-15T00:00:00+00:00,2021-08-14T20:00:00-04:00,297.2686767578125,24.118676757812523,75.41361816406254,295.0999755859375,21.949975585937523,71.50995605468754,88.30000305175781,1.7477636337280273,-3.8901758193969727,4.264756221075609,9.539987967688806,335.80674832969305,102002.953125,1020.02953125,100.0,0.0006167999817989767,2.220479934476316,instant,54,,,,291.3724365234375,18.222436523437523,64.80038574218754,36.0,281.25,-78.75
2021-08-12T18:00:00+00:00,55,2021-08-15T01:00:00+00:00,2021-08-14T21:00:00-04:00,296.1914978027344,23.041497802734398,73.47469604492191,294.79150390625,21.641503906250023,70.95470703125004,92.19999694824219,0.5034887790679932,-4.412754058837891,4.4413848442166834,9.935094945008675,353.49078471236356,102053.671875,1020.53671875,100.0,0.00010320000001229346,0.37152000004425645,instant,55,,,,290.7947082519531,17.644708251953148,63.76047485351567,36.0,281.25,-78.75
2021-08-12T18:00:00+00:00,56,2021-08-15T02:00:00+00:00,2021-08-14T22:00:00-04:00,295.35382080078125,22.203820800781273,71.9668774414063,294.61224365234375,21.462243652343773,70.6320385742188,95.0,-1.5068652629852295,-3.2969677448272705,3.6250019629267736,8.108898449639337,24.562571469838417,102116.2734375,1021.162734375,100.0,0.0006487999926321208,2.335679973475635,instant,56,,,,291.1740417480469,18.024041748046898,64.44327514648441,36.0,281.25,-78.75
2021-08-12T18:00:00+00:00,57,2021-08-15T03:00:00+00:00,2021-08-14T23:00:00-04:00,294.8999938964844,21.749993896484398,71.14998901367191,294.2974548339844,21.147454833984398,70.06541870117192,96.80000305175781,-0.7466259598731995,-1.3977099657058716,1.584627234459286,3.544710170139773,28.110153599622663,102188.1875,1021.881875,100.0,0.0007867999956943095,2.832479984499514,instant,57,,,,290.0355224609375,16.885522460937523,62.39394042968754,36.0,281.25,-78.75
2021-08-12T18:00:00+00:00,58,2021-08-15T04:00:00+00:00,2021-08-15T00:00:00-04:00,294.79998779296875,21.649987792968773,70.96997802734379,294.3999938964844,21.249993896484398,70.24998901367192,97.5999984741211,-0.8156372308731079,-0.5183252096176147,0.9663980108172283,2.1617707829662383,57.5646545423607,102195.7265625,1021.957265625,100.0,0.0007504000095650554,2.7014400344341993,instant,58,,,,292.0406494140625,18.890649414062523,66.00316894531254,36.0,281.25,-78.75
2021-08-12T18:00:00+00:00,59,2021-08-15T05:00:00+00:00,2021-08-15T01:00:00-04:00,294.79998779296875,21.649987792968773,70.96997802734379,294.5999755859375,21.449975585937523,70.60995605468754,98.19999694824219,-0.37452393770217896,-0.21937255561351776,0.4340420464290891,0.9709244059347902,59.64091236637978,102153.1875,1021.531875,100.0,5.6000000768108293e-05,0.20160000276518986,instant,59,,,,291.6143798828125,18.464379882812523,65.23588378906254,36.0,281.25,-78.75
2021-08-12T18:00:00+00:00,60,2021-08-15T06:00:00+00:00,2021-08-15T02:00:00-04:00,294.8271789550781,21.677178955078148,71.01892211914067,294.49945068359375,21.349450683593773,70.42901123046879,98.0999984741211,-0.42519041895866394,-0.6467871069908142,0.7740287166144362,1.7314529272871226,33.32046005454072,102063.5234375,1020.635234375,100.0,0.0,0.0,instant,60,,,,291.6798095703125,18.529809570312523,65.35365722656255,36.0,281.25,-78.75
2021-08-12T18:00:00+00:00,61,2021-08-15T07:00:00+00:00,2021-08-15T03:00:00-04:00,294.50604248046875,21.356042480468773,70.4408764648438,294.29998779296875,21.149987792968773,70.0699780273438,98.5999984741211,-1.4100269079208374,0.07842285186052322,1.4122060843781743,3.159015042005576,93.18339590127118,101991.3984375,1019.913984375,100.0,0.0,0.0,instant,61,,,,291.8520202636719,18.702020263671898,65.66363647460942,36.0,281.25,-78.75
2021-08-12T18:00:00+00:00,62,2021-08-15T08:00:00+00:00,2021-08-15T04:00:00-04:00,294.3994140625,21.249414062500023,70.24894531250004,294.1000061035156,20.950006103515648,69.71001098632817,97.9000015258789,-1.0574047565460205,-0.4013110399246216,1.130997511019158,2.52996937862195,69.21701788677888,101998.4375,1019.984375,100.0,0.0,0.0,instant,62,,,,291.4585876464844,18.308587646484398,64.95545776367192,36.0,281.25,-78.75
2021-08-12T18:00:00+00:00,63,2021-08-15T09:00:00+00:00,2021-08-15T05:00:00-04:00,294.03167724609375,20.881677246093773,69.58701904296879,293.70849609375,20.558496093750023,69.00529296875004,98.0999984741211,-1.237246036529541,-1.6320849657058716,2.048042746182607,4.581341146614631,37.1649282824107,102006.078125,1020.06078125,100.0,0.0,0.0,instant,63,,,,291.2354736328125,18.085473632812523,64.55385253906255,36.0,281.25,-78.75
2021-08-12T18:00:00+00:00,64,2021-08-15T10:00:00+00:00,2021-08-15T06:00:00-04:00,293.77374267578125,20.623742675781273,69.12273681640629,293.3864440917969,20.236444091796898,68.42559936523442,97.69999694824219,-0.6302831768989563,-1.7345532178878784,1.8455166617419185,4.128303198241581,19.96958461688854,102057.9140625,1020.579140625,100.0,0.0,0.0,instant,64,,,,290.8382568359375,17.688256835937523,63.83886230468754,36.0,281.25,-78.75
2021-08-12T18:00:00+00:00,65,2021-08-15T11:00:00+00:00,2021-08-15T07:00:00-04:00,293.72442626953125,20.574426269531273,69.0339672851563,293.3094482421875,20.159448242187523,68.28700683593755,97.5,-1.0152636766433716,-1.4414989948272705,1.763144828197459,3.944042654342916,35.15745997660838,102131.4453125,1021.314453125,100.0,0.0,0.0,instant,65,,,,290.3446960449219,17.194696044921898,62.950452880859416,36.0,281.25,-78.75
2021-08-12T18:00:00+00:00,66,2021-08-15T12:00:00+00:00,2021-08-15T08:00:00-04:00,294.9143371582031,21.764337158203148,71.17580688476566,293.9049072265625,20.754907226562523,69.35883300781254,94.19999694824219,-1.7039062976837158,-0.8880712985992432,1.9214492714308056,4.298159608605054,62.47159758485691,102168.3125,1021.683125,100.0,0.0,0.0,instant,66,,,,290.0044860839844,16.854486083984398,62.33807495117192,36.0,281.25,-78.75
2021-08-12T18:00:00+00:00,67,2021-08-15T13:00:00+00:00,2021-08-15T09:00:00-04:00,296.2665100097656,23.116510009765648,73.60971801757816,294.25634765625,21.106347656250023,69.99142578125004,88.80000305175781,-2.128854990005493,-0.7132641673088074,2.2451657713491926,5.022292795609319,71.47678528171986,102163.2734375,1021.632734375,100.0,0.0,0.0,instant,67,,,,290.15093994140625,17.000939941406273,62.60169189453129,36.0,281.25,-78.75
2021-08-12T18:00:00+00:00,68,2021-08-15T14:00:00+00:00,2021-08-15T10:00:00-04:00,298.1427307128906,24.992730712890648,76.98691528320316,294.4512634277344,21.301263427734398,70.34227416992192,80.5,-2.0421338081359863,-1.182985782623291,2.360035137920795,5.279248250538638,59.916756366302366,102180.2109375,1021.802109375,100.0,0.0,0.0,instant,68,,,,289.9638366699219,16.813836669921898,62.264906005859416,36.0,281.25,-78.75
2021-08-12T18:00:00+00:00,69,2021-08-15T15:00:00+00:00,2021-08-15T11:00:00-04:00,300.1025390625,26.952539062500023,80.51457031250004,294.2353210449219,21.085321044921898,69.95357788085941,70.30000305175781,-2.102404832839966,-1.2866064310073853,2.464845266838956,5.513701831690573,58.53466295919918,102176.5,1021.765,98.9000015258789,4.0000000467443897e-07,0.0014400000168279803,instant,69,,,,289.9799499511719,16.829949951171898,62.29390991210941,36.0,281.25,-78.75
2021-08-12T18:00:00+00:00,70,2021-08-15T16:00:00+00:00,2021-08-15T12:00:00-04:00,301.7353210449219,28.585321044921898,83.45357788085941,294.1000061035156,20.950006103515648,69.71001098632817,63.0,-1.9594873189926147,-0.8634253144264221,2.1412832196804867,4.789914145670375,66.21986897050527,102135.0703125,1021.350703125,98.9000015258789,1.6000000186977559e-06,0.005760000067311921,instant,70,,,,289.9555969238281,16.805596923828148,62.250074462890666,36.0,281.25,-78.75
2021-08-12T18:00:00+00:00,71,2021-08-15T17:00:00+00:00,2021-08-15T13:00:00-04:00,303.31011962890625,30.160119628906273,86.28821533203129,293.9401550292969,20.790155029296898,69.42227905273441,57.099998474121094,-1.601101040840149,-0.49400877952575684,1.6755802628426775,3.7481663002028354,72.85274751904979,102077.734375,1020.77734375,100.0,5.599999894911889e-06,0.0201599996216828,instant,71,,,,288.9034729003906,15.753472900390648,60.356251220703165,36.0,281.25,-78.75
2021-08-12T18:00:00+00:00,72,2021-08-15T18:00:00+00:00,2021-08-15T14:00:00-04:00,304.0389099121094,30.888909912109398,87.60003784179692,293.4888916015625,20.338891601562523,68.61000488281255,53.0,-1.6997289657592773,-0.3010571300983429,1.7261847967770292,3.8613654187030853,79.95590229032018,101991.609375,1019.91609375,100.0,0.00011039999662898481,0.3974399878643453,instant,72,,,,289.1762390136719,16.026239013671898,60.84723022460942,36.0,281.25,-78.75
2021-08-12T18:00:00+00:00,73,2021-08-15T19:00:00+00:00,2021-08-15T15:00:00-04:00,301.9917297363281,28.841729736328148,83.91511352539067,295.5,22.350000000000023,72.23000000000005,68.0,-1.4671924114227295,-0.8054638504981995,1.673745974332972,3.744063113665377,61.23395759655409,101963.578125,1019.63578125,100.0,0.0003136000013910234,1.1289600050076842,instant,73,,,,289.3541259765625,16.204125976562523,61.16742675781254,36.0,281.25,-78.75
2021-08-12T18:00:00+00:00,74,2021-08-15T20:00:00+00:00,2021-08-15T16:00:00-04:00,300.2452392578125,27.095239257812523,80.77143066406254,296.4889221191406,23.338922119140648,74.01005981445317,79.69999694824219,-1.2846899032592773,-1.6989818811416626,2.130015863786933,4.764709788356591,37.094850913025084,101919.6171875,1019.196171875,100.0,0.0002376000047661364,0.8553600171580911,instant,74,,,,289.7989501953125,16.648950195312523,61.968110351562544,36.0,281.25,-78.75
2021-08-12T18:00:00+00:00,75,2021-08-15T21:00:00+00:00,2021-08-15T17:00:00-04:00,300.71221923828125,27.562219238281273,81.61199462890629,296.3999938964844,23.249993896484398,73.84998901367192,77.4000015258789,-1.0284228324890137,-2.0836963653564453,2.323670386561826,5.197902618472225,26.268963278037063,101898.609375,1018.98609375,100.0,0.00010520000068936497,0.3787200024817139,instant,75,,,,289.9238586425781,16.773858642578148,62.192945556640666,36.0,281.25,-78.75
2021-08-12T18:00:00+00:00,76,2021-08-15T22:00:00+00:00,2021-08-15T18:00:00-04:00,300.0235290527344,26.873529052734398,80.37235229492191,296.05126953125,22.901269531250023,73.22228515625004,79.0999984741211,-1.228147029876709,-2.2218897342681885,2.538727854308402,5.678972472951859,28.931573439114004,101884.078125,1018.84078125,100.0,2.320000021427404e-05,0.08352000077138655,instant,76,,,,290.2114562988281,17.061456298828148,62.710621337890665,36.0,281.25,-78.75
2021-08-12T18:00:00+00:00,77,2021-08-15T23:00:00+00:00,2021-08-15T19:00:00-04:00,299.05023193359375,25.900231933593773,78.62041748046879,295.6870422363281,22.537042236328148,72.56667602539066,81.30000305175781,-1.9249340295791626,-2.0254857540130615,2.794273350612236,6.250611467904959,43.54194084398455,101861.9609375,1018.619609375,100.0,1.680000059423037e-05,0.06048000213922933,instant,77,,,,290.0338134765625,16.883813476562523,62.39086425781254,36.0,281.25,-78.75
2021-08-12T18:00:00+00:00,78,2021-08-16T00:00:00+00:00,2021-08-15T20:00:00-04:00,297.45025634765625,24.300256347656273,75.74046142578129,295.20001220703125,22.050012207031273,71.6900219726563,87.19999694824219,-2.4272778034210205,-0.6745385527610779,2.5192617557811223,5.6354280506914805,74.46943072880663,101903.875,1019.03875,100.0,1.2800000149582047e-05,0.04608000053849537,instant,78,,,,289.84912109375,16.699121093750023,62.05841796875004,36.0,281.25,-78.75
2021-08-12T18:00:00+00:00,79,2021-08-16T01:00:00+00:00,2021-08-15T21:00:00-04:00,296.8802795410156,23.730279541015648,74.71450317382816,295.0646667480469,21.914666748046898,71.44640014648442,89.5,-2.016731023788452,0.4613012671470642,2.068816782941956,4.627811343374091,102.88402386326567,101981.859375,1019.81859375,100.0,0.0,0.0,instant,79,,,,289.67169189453125,16.521691894531273,61.739045410156294,36.0,281.25,-78.75
2021-08-12T18:00:00+00:00,80,2021-08-16T02:00:00+00:00,2021-08-15T22:00:00-04:00,296.5242614746094,23.374261474609398,74.07367065429692,294.9353332519531,21.785333251953148,71.21359985351566,91.19999694824219,-1.6004345417022705,0.19096435606479645,1.6117872401657107,3.6054653725968793,96.80438015439813,102008.8203125,1020.088203125,100.0,8.799999704933725e-06,0.03167999893776141,instant,80,,,,289.47998046875,16.329980468750023,61.39396484375004,36.0,281.25,-78.75
2021-08-12T18:00:00+00:00,81,2021-08-16T03:00:00+00:00,2021-08-15T23:00:00-04:00,296.165771484375,23.015771484375023,73.42838867187504,294.8999938964844,21.749993896484398,71.14998901367191,93.0999984741211,-0.6061254739761353,0.5374853610992432,0.8101102416330622,1.812165000073956,131.56519835273485,101994.828125,1019.94828125,100.0,0.0,0.0,instant,81,,,,289.48406982421875,16.334069824218773,61.40132568359379,36.0,281.25,-78.75
2021-08-12T18:00:00+00:00,82,2021-08-16T04:00:00+00:00,2021-08-16T00:00:00-04:00,296.12237548828125,22.972375488281273,73.35027587890629,295.0048828125,21.854882812500023,71.33878906250004,93.19999694824219,-0.8573779463768005,-0.5197558403015137,1.00261811097787,2.2427928395174233,58.775105053288826,101952.9375,1019.529375,100.0,0.0,0.0,instant,82,,,,289.7836608886719,16.633660888671898,61.94058959960942,36.0,281.25,-78.75
2021-08-12T18:00:00+00:00,83,2021-08-16T05:00:00+00:00,2021-08-16T01:00:00-04:00,296.1000061035156,22.950006103515648,73.31001098632817,295.0,21.850000000000023,71.33000000000004,93.69999694824219,-1.198215365409851,-0.6116845607757568,1.3453170867106734,3.009388615584001,62.955854660405464,101934.203125,1019.34203125,100.0,0.0,0.0,instant,83,,,,290.18475341796875,17.034753417968773,62.66255615234379,36.0,281.25,-78.75
2021-08-12T18:00:00+00:00,84,2021-08-16T06:00:00+00:00,2021-08-16T02:00:00-04:00,295.99151611328125,22.841516113281273,73.11472900390629,294.8951110839844,21.745111083984398,71.14119995117191,94.19999694824219,-0.9716357588768005,-0.31693360209465027,1.0220190585624058,2.2861915232695167,71.93441908759252,101936.3984375,1019.363984375,100.0,0.0,0.0,instant,84,,,,289.8206787109375,16.670678710937523,62.00722167968754,36.0,281.25,-78.75
2021-08-12T18:00:00+00:00,85,2021-08-16T07:00:00+00:00,2021-08-16T03:00:00-04:00,295.64141845703125,22.491418457031273,72.48455322265629,294.81829833984375,21.668298339843773,71.00293701171879,95.0999984741211,-1.0686596632003784,0.3146655261516571,1.1140232803222048,2.491999105946232,106.40700034701345,101907.4765625,1019.074765625,100.0,4.800000169780105e-06,0.01728000061120838,instant,85,,,,289.21075439453125,16.060754394531273,60.90935791015629,36.0,281.25,-78.75
2021-08-12T18:00:00+00:00,86,2021-08-16T08:00:00+00:00,2021-08-16T04:00:00-04:00,295.41302490234375,22.263024902343773,72.0734448242188,294.60650634765625,21.456506347656273,70.62171142578129,95.69999694824219,-1.4746874570846558,-0.566650390625,1.5798087736426436,3.533931580267184,68.98066964910134,101860.8984375,1018.608984375,100.0,0.0,0.0,instant,86,,,,290.1531982421875,17.003198242187523,62.60575683593754,36.0,281.25,-78.75
2021-08-12T18:00:00+00:00,87,2021-08-16T09:00:00+00:00,2021-08-16T05:00:00-04:00,295.16827392578125,22.018273925781273,71.6328930664063,294.5048828125,21.354882812500023,70.43878906250004,96.0,-1.1231591701507568,0.32502686977386475,1.169242912131065,2.615521904373353,106.1397187096137,101867.609375,1018.67609375,100.0,0.0005000000237487257,1.8000000854954123,instant,87,,,,289.8485412597656,16.698541259765648,62.05737426757817,36.0,281.25,-78.75
2021-08-12T18:00:00+00:00,88,2021-08-16T10:00:00+00:00,2021-08-16T06:00:00-04:00,294.5,21.350000000000023,70.43000000000004,294.1000061035156,20.950006103515648,69.71001098632817,97.4000015258789,-1.169370174407959,0.6177441477775574,1.3225106566331786,2.958372084451452,117.8461869074211,101916.109375,1019.16109375,100.0,0.000859999970998615,3.095999895595014,instant,88,,,,289.56378173828125,16.413781738281273,61.54480712890629,36.0,281.25,-78.75
2021-08-12T18:00:00+00:00,89,2021-08-16T11:00:00+00:00,2021-08-16T07:00:00-04:00,294.63970947265625,21.489709472656273,70.6814770507813,294.27471923828125,21.124719238281273,70.0244946289063,97.69999694824219,-1.6822631359100342,0.18097656965255737,1.6919697920486254,3.784828632893306,96.14022087960939,101951.765625,1019.51765625,100.0,2.080000012938399e-05,0.07488000046578236,instant,89,,,,289.34210205078125,16.192102050781273,61.145783691406294,36.0,281.25,-78.75
2021-08-12T18:00:00+00:00,90,2021-08-16T12:00:00+00:00,2021-08-16T08:00:00-04:00,294.9652099609375,21.815209960937523,71.26737792968754,294.3842468261719,21.234246826171898,70.22164428710941,97.0999984741211,-1.7006006240844727,-0.45762208104133606,1.7610963777411788,3.939460401174787,74.93879813387554,101978.4921875,1019.784921875,100.0,1.2000000424450263e-06,0.004320000152802095,instant,90,,,,289.6817932128906,16.531793212890648,61.75722778320316,36.0,281.25,-78.75
2021-08-12T18:00:00+00:00,91,2021-08-16T13:00:00+00:00,2021-08-16T09:00:00-04:00,295.31640625,22.166406250000023,71.89953125000004,294.83990478515625,21.689904785156273,71.0418286132813,97.19999694824219,-1.6755932569503784,-1.0372021198272705,1.970634669367146,4.408184210287992,58.24224784292039,102006.921875,1020.06921875,100.0,0.0,0.0,instant,91,,,,289.6163635253906,16.466363525390648,61.639454345703165,36.0,281.25,-78.75
2021-08-12T18:00:00+00:00,92,2021-08-16T14:00:00+00:00,2021-08-16T10:00:00-04:00,295.497802734375,22.347802734375023,72.22604492187504,294.97210693359375,21.822106933593773,71.27979248046879,97.30000305175781,-1.9095361232757568,-0.9251635670661926,2.1218519816239887,4.746447704062246,64.14997421531541,102077.796875,1020.77796875,100.0,0.00028879998717457056,1.039679953828454,instant,92,,,,289.19171142578125,16.041711425781273,60.87508056640629,36.0,281.25,-78.75
2021-08-12T18:00:00+00:00,93,2021-08-16T15:00:00+00:00,2021-08-16T11:00:00-04:00,295.5910339355469,22.441033935546898,72.39386108398442,295.04254150390625,21.892541503906273,71.4065747070313,96.5999984741211,-1.9660131931304932,-1.5270336866378784,2.4893854172646765,5.56859658479034,52.16294492098393,102120.3671875,1021.203671875,100.0,0.0002432000037515536,0.8755200135055929,instant,93,,,,288.90411376953125,15.754113769531273,60.35740478515629,36.0,281.25,-78.75
2021-08-12T18:00:00+00:00,94,2021-08-16T16:00:00+00:00,2021-08-16T12:00:00-04:00,295.77423095703125,22.624230957031273,72.72361572265629,295.013916015625,21.863916015625023,71.35504882812504,95.5999984741211,-1.589208960533142,-2.340832471847534,2.8293253226687574,6.329020496306268,34.172881028337144,102116.0859375,1021.160859375,100.0,6.800000119255856e-05,0.2448000042932108,instant,94,,,,288.68927001953125,15.539270019531273,59.97068603515629,36.0,281.25,-78.75
2021-08-12T18:00:00+00:00,95,2021-08-16T17:00:00+00:00,2021-08-16T13:00:00-04:00,295.5240783691406,22.374078369140648,72.27334106445316,294.67657470703125,21.526574707031273,70.7478344726563,95.4000015258789,-1.2733373641967773,-1.7216992378234863,2.141409888036751,4.790197494713557,36.4859540501227,102099.796875,1020.99796875,100.0,0.0006775999790988863,2.4393599247559905,instant,95,,,,288.4466857910156,15.296685791015648,59.53403442382817,36.0,281.25,-78.75
2021-08-12T18:00:00+00:00,96,2021-08-16T18:00:00+00:00,2021-08-16T14:00:00-04:00,295.69873046875,22.548730468750023,72.58771484375004,294.4656982421875,21.315698242187523,70.36825683593754,93.0,-1.7942651510238647,-1.8087328672409058,2.547724870784952,5.699098225628465,44.76993197914402,102099.953125,1020.99953125,100.0,4.400000034365803e-05,0.1584000012371689,instant,96,,,,288.41943359375,15.269433593750023,59.48498046875004,36.0,281.25,-78.75
2021-08-12T18:00:00+00:00,97,2021-08-16T19:00:00+00:00,2021-08-16T15:00:00-04:00,295.4654235839844,22.315423583984398,72.16776245117191,294.63238525390625,21.482385253906273,70.6682934570313,95.19999694824219,-1.7033520936965942,-1.2808423042297363,2.1311887207389946,4.7673333946380465,53.05852021532917,102078.890625,1020.78890625,100.0,0.00012880000576842576,0.46368002076633275,instant,97,,,,288.5449523925781,15.394952392578148,59.71091430664067,36.0,281.25,-78.75
2021-08-12T18:00:00+00:00,98,2021-08-16T20:00:00+00:00,2021-08-16T16:00:00-04:00,295.7662658691406,22.616265869140648,72.70927856445317,294.2834167480469,21.133416748046898,70.04015014648442,92.0,-1.8081347942352295,0.2118212878704071,1.8204998467781186,4.072342176937448,96.68169137152907,102053.7578125,1020.537578125,100.0,0.00016480000340379775,0.5932800122536719,instant,98,,,,288.3182067871094,15.168206787109398,59.30277221679692,36.0,281.25,-78.75
2021-08-12T18:00:00+00:00,99,2021-08-16T21:00:00+00:00,2021-08-16T17:00:00-04:00,295.7664489746094,22.616448974609398,72.70960815429692,294.533203125,21.383203125000023,70.48976562500005,92.80000305175781,-1.202917456626892,0.18144042789936066,1.2165241618373281,2.7212870477749793,98.57747333141202,102055.890625,1020.55890625,100.0,8.000000093488779e-07,0.0028800000336559606,instant,99,,,,288.4276123046875,15.277612304687523,59.49970214843754,36.0,281.25,-78.75
2021-08-12T18:00:00+00:00,100,2021-08-16T22:00:00+00:00,2021-08-16T18:00:00-04:00,295.5927734375,22.442773437500023,72.39699218750005,294.38525390625,21.235253906250023,70.22345703125004,92.4000015258789,-0.5390087962150574,0.11982177942991257,0.5521664071844247,1.235161075484127,102.5330668310416,102060.0390625,1020.600390625,100.0,0.0,0.0,instant,100,,,,288.4154968261719,15.265496826171898,59.477894287109415,36.0,281.25,-78.75
2021-08-12T18:00:00+00:00,101,2021-08-16T23:00:00+00:00,2021-08-16T19:00:00-04:00,295.4654235839844,22.315423583984398,72.16776245117191,294.1397705078125,20.989770507812523,69.78158691406254,92.80000305175781,-0.22313719987869263,-0.4102246165275574,0.46698441727201684,1.04461439081965,28.543497206087864,102025.296875,1020.25296875,100.0,0.0,0.0,instant,101,,,,288.91680908203125,15.766809082031273,60.38025634765629,36.0,281.25,-78.75
2021-08-12T18:00:00+00:00,102,2021-08-17T00:00:00+00:00,2021-08-16T20:00:00-04:00,294.9931945800781,21.843194580078148,71.31775024414067,293.94189453125,20.791894531250023,69.42541015625004,93.5,-0.12090332061052322,-1.258640170097351,1.2644337431108599,2.8284577288628725,5.486922168084902,102009.7734375,1020.097734375,100.0,0.0,0.0,instant,102,,,,289.6800842285156,16.530084228515648,61.75415161132817,36.0,281.25,-78.75
2021-08-12T18:00:00+00:00,103,2021-08-17T01:00:00+00:00,2021-08-16T21:00:00-04:00,294.80841064453125,21.658410644531273,70.9851391601563,293.9004821777344,20.750482177734398,69.35086791992191,94.30000305175781,-0.5541626214981079,-1.4316846132278442,1.535192835711207,3.4341285695043067,21.159941618381424,102038.078125,1020.38078125,100.0,0.0,0.0,instant,103,,,,289.92901611328125,16.779016113281273,62.20222900390629,36.0,281.25,-78.75
2021-08-12T18:00:00+00:00,104,2021-08-17T02:00:00+00:00,2021-08-16T22:00:00-04:00,294.6558532714844,21.505853271484398,70.71053588867191,293.73492431640625,20.584924316406273,69.05286376953129,94.30000305175781,-0.6188378930091858,-1.0359008312225342,1.2066693291666883,2.6992424149219016,30.853717220822034,102069.015625,1020.69015625,100.0,0.0,0.0,instant,104,,,,289.61529541015625,16.465295410156273,61.63753173828129,36.0,281.25,-78.75
2021-08-12T18:00:00+00:00,105,2021-08-17T03:00:00+00:00,2021-08-16T23:00:00-04:00,294.5083923339844,21.358392333984398,70.44510620117191,293.6004638671875,20.450463867187523,68.81083496093754,94.5999984741211,-0.7487988471984863,-1.1527197360992432,1.3745772090204649,3.0748416450887244,33.00747740849778,102076.703125,1020.76703125,100.0,0.0,0.0,instant,105,,,,289.1359558105469,15.985955810546898,60.77472045898442,36.0,281.25,-78.75
2021-08-12T18:00:00+00:00,106,2021-08-17T04:00:00+00:00,2021-08-17T00:00:00-04:00,294.31396484375,21.163964843750023,70.09513671875004,293.50048828125,20.350488281250023,68.63087890625005,95.0,-0.887463390827179,-1.0733740329742432,1.3927394173792402,3.115469348110323,39.583870936139476,102096.625,1020.96625,100.0,0.0,0.0,instant,106,,,,288.87677001953125,15.726770019531273,60.30818603515629,36.0,281.25,-78.75
2021-08-12T18:00:00+00:00,107,2021-08-17T05:00:00+00:00,2021-08-17T01:00:00-04:00,294.2442321777344,21.094232177734398,69.96961791992192,293.48968505859375,20.339685058593773,68.61143310546879,95.69999694824219,-0.8946362137794495,-1.1066967248916626,1.423078211445724,3.1833352976148053,38.95152893219699,102122.84375,1021.2284375,100.0,0.0,0.0,instant,107,,,,288.7098388671875,15.559838867187523,60.00770996093754,36.0,281.25,-78.75
2021-08-12T18:00:00+00:00,108,2021-08-17T06:00:00+00:00,2021-08-17T02:00:00-04:00,293.7293395996094,20.579339599609398,69.04281127929691,293.1755676269531,20.025567626953148,68.04602172851567,96.9000015258789,-1.2389721870422363,-0.9066699147224426,1.5352857761755705,3.434336471402042,53.803633342718285,102123.3984375,1021.233984375,71.80000305175781,0.0,0.0,instant,108,,,,288.7195129394531,15.569512939453148,60.02512329101567,36.0,281.25,-78.75
2021-08-12T18:00:00+00:00,109,2021-08-17T07:00:00+00:00,2021-08-17T03:00:00-04:00,293.5069885253906,20.356988525390648,68.64257934570317,293.0140686035156,19.864068603515648,67.75532348632817,97.0,-1.3244531154632568,-0.4767724573612213,1.407653377489851,3.1488309267399996,70.2022979920389,102118.609375,1021.18609375,86.9000015258789,0.0,0.0,instant,109,,,,288.74603271484375,15.596032714843773,60.07285888671879,36.0,281.25,-78.75
2021-08-12T18:00:00+00:00,110,2021-08-17T08:00:00+00:00,2021-08-17T04:00:00-04:00,293.406982421875,20.256982421875023,68.46256835937504,292.9313049316406,19.781304931640648,67.60634887695316,96.80000305175781,-0.9424121379852295,-0.04298584163188934,0.9433919760113996,2.1103077487728132,87.38840226865125,102121.484375,1021.21484375,92.5999984741211,0.0,0.0,instant,110,,,,288.672607421875,15.522607421875023,59.94069335937504,36.0,281.25,-78.75
2021-08-12T18:00:00+00:00,111,2021-08-17T09:00:00+00:00,2021-08-17T05:00:00-04:00,293.8907775878906,20.740777587890648,69.33339965820316,293.06005859375,19.910058593750023,67.83810546875004,95.5,-0.7100903391838074,-0.1367504894733429,0.7231382897989661,1.6176142846254593,79.09932752902762,102111.203125,1021.11203125,95.5,0.0,0.0,instant,111,,,,288.7078552246094,15.557855224609398,60.004139404296915,36.0,281.25,-78.75
2021-08-12T18:00:00+00:00,112,2021-08-17T10:00:00+00:00,2021-08-17T06:00:00-04:00,293.9102478027344,20.760247802734398,69.36844604492191,293.10699462890625,19.956994628906273,67.92259033203129,95.19999694824219,-0.3550097644329071,-0.04720214754343033,0.3581340190144186,0.8011229845526535,82.42636663812289,102137.5859375,1021.375859375,89.80000305175781,0.0,0.0,instant,112,,,,288.7939147949219,15.643914794921898,60.159046630859415,36.0,281.25,-78.75
2021-08-12T18:00:00+00:00,113,2021-08-17T11:00:00+00:00,2021-08-17T07:00:00-04:00,294.12567138671875,20.975671386718773,69.75620849609379,293.20001220703125,20.050012207031273,68.09002197265629,94.5999984741211,-0.4497998058795929,-0.44154539704322815,0.6303032627389624,1.4099482434210848,45.530579250476706,102186.890625,1021.86890625,69.0999984741211,0.0,0.0,instant,113,,,,289.1549377441406,16.004937744140648,60.808887939453165,36.0,281.25,-78.75
2021-08-12T18:00:00+00:00,114,2021-08-17T12:00:00+00:00,2021-08-17T08:00:00-04:00,295.262451171875,22.112451171875023,71.80241210937504,293.70001220703125,20.550012207031273,68.9900219726563,90.5999984741211,-0.21445555984973907,-0.37939453125,0.43581119477690367,0.9748818780800447,29.477625544074215,102223.953125,1022.23953125,68.4000015258789,0.0,0.0,instant,114,,,,289.2518615722656,16.101861572265648,60.983350830078166,36.0,281.25,-78.75
2021-08-12T18:00:00+00:00,115,2021-08-17T13:00:00+00:00,2021-08-17T09:00:00-04:00,296.7035217285156,23.553521728515648,74.39633911132816,294.0035095214844,20.853509521484398,69.53631713867192,84.5,-0.40674805641174316,-0.73455810546875,0.8396544477965742,1.8782535070610533,28.97468598356403,102248.203125,1022.48203125,98.5,0.0,0.0,instant,115,,,,289.3277587890625,16.177758789062523,61.119965820312544,36.0,281.25,-78.75
2021-08-12T18:00:00+00:00,116,2021-08-17T14:00:00+00:00,2021-08-17T10:00:00-04:00,296.96624755859375,23.816247558593773,74.86924560546879,293.9718933105469,20.821893310546898,69.47940795898441,83.30000305175781,-0.7059130668640137,-0.37990477681159973,0.8016488616680179,1.7932374321492863,61.71197228272604,102265.078125,1022.65078125,100.0,0.0,0.0,instant,116,,,,289.401123046875,16.251123046875023,61.25202148437504,36.0,281.25,-78.75
2021-08-12T18:00:00+00:00,117,2021-08-17T15:00:00+00:00,2021-08-17T11:00:00-04:00,297.169921875,24.019921875000023,75.23585937500005,294.12451171875,20.974511718750023,69.75412109375004,83.0999984741211,-0.6194238066673279,0.060493163764476776,0.6223706894837505,1.392203582417121,95.57783945000861,102291.6953125,1022.916953125,98.5,0.0,0.0,instant,117,,,,289.4053955078125,16.255395507812523,61.25971191406254,36.0,281.25,-78.75
2021-08-12T18:00:00+00:00,118,2021-08-17T16:00:00+00:00,2021-08-17T12:00:00-04:00,297.6903381347656,24.540338134765648,76.17260864257817,293.9971618652344,20.847161865234398,69.52489135742192,80.0999984741211,-0.29103514552116394,0.024824218824505806,0.29209193376191,0.6533910472483663,94.87531701807004,102271.625,1022.71625,100.0,0.0,0.0,instant,118,,,,289.499267578125,16.349267578125023,61.428681640625044,36.0,281.25,-78.75
2021-08-12T18:00:00+00:00,119,2021-08-17T17:00:00+00:00,2021-08-17T13:00:00-04:00,298.9779357910156,25.827935791015648,78.49028442382817,293.5867004394531,20.436700439453148,68.78606079101567,72.5,0.2202490270137787,-0.5705102682113647,0.6115485263126055,1.3679950928610523,338.89060922777514,102255.296875,1022.55296875,100.0,0.0,0.0,instant,119,,,,289.5893249511719,16.439324951171898,61.59078491210941,36.0,281.25,-78.75
2021-08-12T18:00:00+00:00,120,2021-08-17T18:00:00+00:00,2021-08-17T14:00:00-04:00,299.92755126953125,26.777551269531273,80.19959228515629,293.23748779296875,20.087487792968773,68.15747802734379,67.0,1.0288476943969727,-1.1792749166488647,1.5649974144717151,3.500799513403081,318.8972241499656,102212.2265625,1022.122265625,94.69999694824219,0.0,0.0,instant,120,,,,289.5950622558594,16.445062255859398,61.60111206054692,36.0,281.25,-78.75
2021-08-12T18:00:00+00:00,123,2021-08-17T21:00:00+00:00,2021-08-17T17:00:00-04:00,300.3822326660156,27.232232666015648,81.01801879882817,294.4881591796875,21.338159179687523,70.40868652343754,70.5,1.7966967821121216,-0.546459972858429,1.8779610828737872,4.200879301346155,286.9169825217367,102072.859375,1020.72859375,60.099998474121094,6.240000220714137e-05,0.22464000794570893,instant,123,,,,289.20770263671875,16.057702636718773,60.90386474609379,36.0,281.25,-78.75
2021-08-12T18:00:00+00:00,126,2021-08-18T00:00:00+00:00,2021-08-17T20:00:00-04:00,296.8319091796875,23.681909179687523,74.62743652343754,294.2159423828125,21.065942382812523,69.91869628906254,85.5,0.2536084055900574,1.1796143054962158,1.2065683292367866,2.69901648451321,192.1334776558352,102106.609375,1021.06609375,51.79999923706055,7.519999780924991e-05,0.27071999211329967,instant,126,,,,289.4783935546875,16.328393554687523,61.39110839843754,36.0,281.25,-78.75
2021-08-12T18:00:00+00:00,129,2021-08-18T03:00:00+00:00,2021-08-17T23:00:00-04:00,294.8814392089844,21.731439208984398,71.11659057617192,294.2579345703125,21.107934570312523,69.99428222656255,96.0,0.45801758766174316,0.7377002239227295,0.8683212141731468,1.9423792371446533,211.83499772126078,102233.5625,1022.335625,89.30000305175781,0.0004720000142697245,1.6992000513710082,instant,129,,,,289.5824279785156,16.432427978515648,61.57837036132817,36.0,281.25,-78.75
2021-08-12T18:00:00+00:00,132,2021-08-18T06:00:00+00:00,2021-08-18T02:00:00-04:00,294.615966796875,21.465966796875023,70.63874023437504,294.25799560546875,21.107995605468773,69.99439208984379,97.80000305175781,-1.2561254501342773,0.03040771558880806,1.2564934443292455,2.810695786348524,91.38671942987429,102224.375,1022.24375,44.599998474121094,3.360000118846074e-05,0.12096000427845865,instant,132,,,,289.60626220703125,16.456262207031273,61.62127197265629,36.0,281.25,-78.75
2021-08-12T18:00:00+00:00,135,2021-08-18T09:00:00+00:00,2021-08-18T05:00:00-04:00,294.3625793457031,21.212579345703148,70.18264282226566,293.9083251953125,20.758325195312523,69.36498535156254,97.30000305175781,0.46006834506988525,0.45013427734375,0.6436487782751732,1.4398013114602104,225.6253086310696,102248.890625,1022.48890625,83.9000015258789,0.0,0.0,instant,135,,,,289.4042053222656,16.254205322265648,61.25756958007817,36.0,281.25,-78.75
2021-08-12T18:00:00+00:00,138,2021-08-18T12:00:00+00:00,2021-08-18T08:00:00-04:00,295.6940612792969,22.544061279296898,72.57931030273441,294.6999816894531,21.549981689453148,70.78996704101567,93.69999694824219,0.27913084626197815,0.07978271692991257,0.29030899272266203,0.6494027217310794,254.04871246362242,102394.6015625,1023.946015625,11.600000381469727,0.0,0.0,instant,138,,,,288.9580078125,15.808007812500023,60.45441406250004,36.0,281.25,-78.75
2021-08-12T18:00:00+00:00,141,2021-08-18T15:00:00+00:00,2021-08-18T11:00:00-04:00,302.07025146484375,28.920251464843773,84.05645263671879,294.59820556640625,21.448205566406273,70.6067700195313,63.70000076293945,-0.5513940453529358,0.7045117020606995,0.8946351946973353,2.001241935167623,141.95108829883503,102428.7734375,1024.287734375,20.0,8.000000093488779e-07,0.0028800000336559606,instant,141,,,,289.1782531738281,16.028253173828148,60.85085571289066,36.0,281.25,-78.75
2021-08-12T18:00:00+00:00,144,2021-08-18T18:00:00+00:00,2021-08-18T14:00:00-04:00,305.50750732421875,32.35750732421877,90.24351318359379,291.90594482421875,18.755944824218773,65.7607006835938,44.5,-1.4702978134155273,1.9274829626083374,2.4242454973207423,5.422882733806236,142.66335231559913,102206.0625,1022.060625,28.399999618530273,0.0,0.0,instant,144,,,,289.5121765136719,16.362176513671898,61.451917724609416,36.0,281.25,-78.75
2021-08-12T18:00:00+00:00,147,2021-08-18T21:00:00+00:00,2021-08-18T17:00:00-04:00,300.8193054199219,27.669305419921898,81.80474975585942,293.6806640625,20.530664062500023,68.95519531250004,65.0999984741211,-1.4398022890090942,2.527219295501709,2.9085852229205837,6.5063198436841905,150.3290570672275,102089.8125,1020.898125,56.400001525878906,0.0,0.0,instant,147,,,,289.9642333984375,16.814233398437523,62.26562011718754,36.0,281.25,-78.75
2021-08-12T18:00:00+00:00,150,2021-08-19T00:00:00+00:00,2021-08-18T20:00:00-04:00,299.0,25.850000000000023,78.53000000000004,293.70001220703125,20.550012207031273,68.9900219726563,72.69999694824219,-1.9507031440734863,1.9575293064117432,2.763541883481961,6.18186713377317,135.10007334504678,102152.0859375,1021.520859375,8.699999809265137,0.0,0.0,instant,150,,,,290.3706970214844,17.220697021484398,62.99725463867192,36.0,281.25,-78.75
2021-08-12T18:00:00+00:00,153,2021-08-19T03:00:00+00:00,2021-08-18T23:00:00-04:00,296.9908447265625,23.840844726562523,74.91352050781254,293.6988830566406,20.548883056640648,68.98798950195317,81.9000015258789,-0.9127246141433716,2.1324121952056885,2.3195361587018017,5.188654614132514,156.82788995985882,102250.4140625,1022.504140625,5.0,0.0,0.0,instant,153,,,,290.2149353027344,17.064935302734398,62.71688354492191,36.0,281.25,-78.75
2021-08-12T18:00:00+00:00,156,2021-08-19T06:00:00+00:00,2021-08-19T02:00:00-04:00,296.20941162109375,23.059411621093773,73.50694091796879,293.90386962890625,20.753869628906273,69.3569653320313,87.0999984741211,0.14184081554412842,2.80499267578125,2.808576637398503,6.282607009212821,182.89482529821586,102191.796875,1021.91796875,91.30000305175781,0.0,0.0,instant,156,,,,290.554443359375,17.404443359375023,63.32799804687504,36.0,281.25,-78.75
2021-08-12T18:00:00+00:00,159,2021-08-19T09:00:00+00:00,2021-08-19T05:00:00-04:00,294.8234558105469,21.673455810546898,71.01222045898442,293.80389404296875,20.653894042968773,69.17700927734379,94.0999984741211,0.2586352527141571,1.602451205253601,1.6231888550520652,3.6309700587241935,189.168458704648,102168.8359375,1021.688359375,5.0,0.0,0.0,instant,159,,,,290.1658630371094,17.015863037109398,62.628553466796916,36.0,281.25,-78.75
2021-08-12T18:00:00+00:00,162,2021-08-19T12:00:00+00:00,2021-08-19T08:00:00-04:00,296.5726623535156,23.422662353515648,74.16079223632816,294.1169738769531,20.966973876953148,69.74055297851567,85.69999694824219,0.8409448266029358,1.6366698741912842,1.8400751284867571,4.11613083501869,207.19475923958007,102227.0859375,1022.270859375,5.0,0.0,0.0,instant,162,,,,289.7267761230469,16.576776123046898,61.83819702148442,36.0,281.25,-78.75
2021-08-12T18:00:00+00:00,165,2021-08-19T15:00:00+00:00,2021-08-19T11:00:00-04:00,302.4605407714844,29.310540771484398,84.75897338867192,293.7038879394531,20.553887939453148,68.99699829101567,58.70000076293945,0.5930126905441284,1.5073974132537842,1.6198490709416684,3.62349917444002,201.47476006638,102188.1640625,1021.881640625,8.199999809265137,0.0,0.0,instant,165,,,,289.8243713378906,16.674371337890648,62.013868408203166,36.0,281.25,-78.75
2021-08-12T18:00:00+00:00,168,2021-08-19T18:00:00+00:00,2021-08-19T14:00:00-04:00,306.26055908203125,33.11055908203127,91.59900634765629,292.40283203125,19.252832031250023,66.65509765625004,43.79999923706055,-0.036137696355581284,1.8561620712280273,1.8565138210536998,4.1529031430156085,178.8846470003379,101981.4140625,1019.814140625,73.80000305175781,0.0,0.0,instant,168,,,,290.0527038574219,16.902703857421898,62.42486694335942,36.0,281.25,-78.75
2021-08-12T18:00:00+00:00,171,2021-08-19T21:00:00+00:00,2021-08-19T17:00:00-04:00,301.5120849609375,28.362084960937523,83.05175292968754,294.60284423828125,21.452844238281273,70.61511962890629,66.4000015258789,-0.45454102754592896,2.163813591003418,2.2110397559369246,4.945955073230409,168.13666603339098,101860.4140625,1018.604140625,100.0,0.0,0.0,instant,171,,,,289.9779968261719,16.827996826171898,62.290394287109415,36.0,281.25,-78.75
2021-08-12T18:00:00+00:00,174,2021-08-20T00:00:00+00:00,2021-08-19T20:00:00-04:00,300.1605529785156,27.010552978515648,80.61899536132816,293.5242004394531,20.374200439453148,68.67356079101566,66.5999984741211,-1.0609960556030273,1.6258130073547363,1.9413862482486668,4.342757355602775,146.87176855397877,101832.546875,1018.32546875,48.900001525878906,0.0,0.0,instant,174,,,,290.7450256347656,17.595025634765648,63.67104614257816,36.0,281.25,-78.75
2021-08-12T18:00:00+00:00,177,2021-08-20T03:00:00+00:00,2021-08-19T23:00:00-04:00,299.060546875,25.910546875000023,78.63898437500004,293.32421875,20.174218750000023,68.31359375000004,70.30000305175781,-0.624682605266571,2.282543897628784,2.36648156593814,5.293668499324753,164.69417907280848,101848.1953125,1018.481953125,82.30000305175781,0.0,0.0,instant,177,,,,291.1624450683594,18.012445068359398,64.42240112304691,36.0,281.25,-78.75
2021-08-12T18:00:00+00:00,180,2021-08-20T06:00:00+00:00,2021-08-20T02:00:00-04:00,297.8621520996094,24.712152099609398,76.48187377929692,293.2242126464844,20.074212646484398,68.13358276367191,75.19999694824219,0.8705956935882568,2.7164478302001953,2.85254722588317,6.380966414377163,197.7701605130676,101803.640625,1018.03640625,100.0,0.0,0.0,instant,180,,,,291.01983642578125,17.869836425781273,64.16570556640629,36.0,281.25,-78.75
2021-08-12T18:00:00+00:00,183,2021-08-20T09:00:00+00:00,2021-08-20T05:00:00-04:00,296.8090515136719,23.659051513671898,74.58629272460942,292.8013000488281,19.651300048828148,67.37234008789066,78.0,0.34146973490715027,1.9174902439117432,1.9476576740675646,4.356786135619995,190.09747164392246,101743.9375,1017.439375,98.19999694824219,0.0,0.0,instant,183,,,,290.9873962402344,17.837396240234398,64.10731323242192,36.0,281.25,-78.75
2021-08-12T18:00:00+00:00,186,2021-08-20T12:00:00+00:00,2021-08-20T08:00:00-04:00,297.12054443359375,23.970544433593773,75.14697998046879,293.0999755859375,19.949975585937523,67.90995605468754,78.0,1.1720898151397705,1.4400341510772705,1.8567425483957696,4.1534147915080695,219.14324437636068,101801.3359375,1018.013359375,72.4000015258789,0.0,0.0,instant,186,,,,290.66619873046875,17.516198730468773,63.52915771484379,36.0,281.25,-78.75
2021-08-12T18:00:00+00:00,189,2021-08-20T15:00:00+00:00,2021-08-20T11:00:00-04:00,302.42938232421875,29.279382324218773,84.70288818359379,293.3293762207031,20.179376220703148,68.32287719726567,57.599998474121094,1.182827115058899,1.6154394149780273,2.0021799338678603,4.478748957292095,216.21164309870267,101774.5390625,1017.745390625,43.599998474121094,0.0,0.0,instant,189,,,,290.6424560546875,17.492456054687523,63.486420898437544,36.0,281.25,-78.75
2021-08-12T18:00:00+00:00,192,2021-08-20T18:00:00+00:00,2021-08-20T14:00:00-04:00,306.4147033691406,33.26470336914065,91.87646606445317,292.77191162109375,19.621911621093773,67.31944091796879,44.5,0.6216455101966858,1.9948266744613647,2.089444089103675,4.673953313134557,197.30853997864347,101582.125,1015.82125,99.5999984741211,0.0,0.0,instant,192,,,,290.5967102050781,17.446710205078148,63.40407836914066,36.0,281.25,-78.75
2021-08-12T18:00:00+00:00,195,2021-08-20T21:00:00+00:00,2021-08-20T17:00:00-04:00,301.60504150390625,28.455041503906273,83.2190747070313,294.3999938964844,21.249993896484398,70.24998901367192,65.30000305175781,-2.512885808944702,1.879152774810791,3.137803410010698,7.0190663251849825,126.78938514870015,101444.3984375,1014.443984375,100.0,0.0,0.0,instant,195,,,,291.4938049316406,18.343804931640648,65.01884887695317,36.0,281.25,-78.75
2021-08-12T18:00:00+00:00,198,2021-08-21T00:00:00+00:00,2021-08-20T20:00:00-04:00,300.291015625,27.141015625000023,80.85382812500004,294.605712890625,21.455712890625023,70.62028320312504,70.80000305175781,-0.7862939238548279,2.8617773056030273,2.9678321181555307,6.638851373826788,164.63668280501554,101448.7890625,1014.487890625,100.0,0.0,0.0,instant,198,,,,291.66534423828125,18.515344238281273,65.32761962890629,36.0,281.25,-78.75
2021-08-12T18:00:00+00:00,201,2021-08-21T03:00:00+00:00,2021-08-20T23:00:00-04:00,299.84796142578125,26.697961425781273,80.05633056640629,294.1814880371094,21.031488037109398,69.85667846679692,71.0999984741211,-0.8704443573951721,2.019721746444702,2.199306552616695,4.919708644901335,156.68529074082818,101515.3359375,1015.153359375,100.0,0.0,0.0,instant,201,,,,291.56463623046875,18.414636230468773,65.14634521484379,36.0,281.25,-78.75
2021-08-12T18:00:00+00:00,204,2021-08-21T06:00:00+00:00,2021-08-21T02:00:00-04:00,298.2264099121094,25.076409912109398,77.13753784179691,294.0546875,20.904687500000023,69.62843750000005,77.4000015258789,0.3633789122104645,3.050788640975952,3.072353424615592,6.87265887754024,186.79248908603648,101494.328125,1014.94328125,100.0,0.0,0.0,instant,204,,,,291.7934875488281,18.643487548828148,65.55827758789067,36.0,281.25,-78.75
2021-08-12T18:00:00+00:00,207,2021-08-21T09:00:00+00:00,2021-08-21T05:00:00-04:00,296.2744445800781,23.124444580078148,73.62400024414066,293.7901611328125,20.640161132812523,69.15229003906254,86.19999694824219,0.49314454197883606,1.8416918516159058,1.9065729505035833,4.264882226430703,194.9902669353796,101467.6875,1014.676875,100.0,0.0,0.0,instant,207,,,,291.4099426269531,18.259942626953148,64.86789672851566,36.0,281.25,-78.75
2021-08-12T18:00:00+00:00,210,2021-08-21T12:00:00+00:00,2021-08-21T08:00:00-04:00,297.21954345703125,24.069543457031273,75.32517822265629,294.02001953125,20.870019531250023,69.56603515625004,82.5,0.6083984375,1.8686401844024658,1.9651882346269334,4.396000882755304,198.0343953185448,101581.5390625,1015.815390625,78.9000015258789,0.0,0.0,instant,210,,,,290.8894348144531,17.739434814453148,63.930982666015666,36.0,281.25,-78.75
2021-08-12T18:00:00+00:00,213,2021-08-21T15:00:00+00:00,2021-08-21T11:00:00-04:00,302.99200439453125,29.842004394531273,85.7156079101563,294.03363037109375,20.883630371093773,69.5905346679688,58.599998474121094,0.8745507597923279,2.055371046066284,2.2336940633087936,4.996631315561898,203.04952559398848,101568.7109375,1015.687109375,86.5999984741211,0.0,0.0,instant,213,,,,291.27911376953125,18.129113769531273,64.6324047851563,36.0,281.25,-78.75
2021-08-12T18:00:00+00:00,216,2021-08-21T18:00:00+00:00,2021-08-21T14:00:00-04:00,306.7906799316406,33.64067993164065,92.55322387695317,293.3505859375,20.200585937500023,68.36105468750004,45.0,0.22314453125,2.0434911251068115,2.055638455618372,4.598332264715394,186.2318757139327,101440.078125,1014.40078125,89.30000305175781,0.0,0.0,instant,216,,,,291.31500244140625,18.165002441406273,64.69700439453129,36.0,281.25,-78.75
2021-08-12T18:00:00+00:00,219,2021-08-21T21:00:00+00:00,2021-08-21T17:00:00-04:00,302.60491943359375,29.454919433593773,85.01885498046879,294.0809326171875,20.930932617187523,69.67567871093755,60.099998474121094,-1.8944629430770874,2.765317440032959,3.35200990255738,7.498232602356336,145.58574722611948,101320.046875,1013.20046875,95.69999694824219,0.0,0.0,instant,219,,,,292.0714416503906,18.921441650390648,66.05859497070317,36.0,281.25,-78.75
2021-08-12T18:00:00+00:00,222,2021-08-22T00:00:00+00:00,2021-08-21T20:00:00-04:00,301.5,28.350000000000023,83.03000000000004,292.81512451171875,19.665124511718773,67.39722412109379,58.900001525878906,-1.8329052925109863,2.6917407512664795,3.256533445758452,7.28465785110605,145.74761130128599,101400.921875,1014.00921875,98.0999984741211,0.0,0.0,instant,222,,,,292.53216552734375,19.382165527343773,66.8878979492188,36.0,281.25,-78.75
2021-08-12T18:00:00+00:00,225,2021-08-22T03:00:00+00:00,2021-08-21T23:00:00-04:00,299.6659240722656,26.515924072265648,79.72866333007816,290.5433044433594,17.393304443359398,63.30794799804691,57.20000076293945,-0.24620606005191803,1.8305615186691284,1.847044368075254,4.131720579982221,172.33982646520445,101513.453125,1015.13453125,93.5999984741211,0.0,0.0,instant,225,,,,292.7138366699219,19.563836669921898,67.21490600585942,36.0,281.25,-78.75
2021-08-12T18:00:00+00:00,228,2021-08-22T06:00:00+00:00,2021-08-22T02:00:00-04:00,296.7162780761719,23.566278076171898,74.41930053710942,290.85894775390625,17.708947753906273,63.87610595703129,69.69999694824219,0.5735009908676147,2.379829168319702,2.447956342934118,5.475922384874095,193.54903527151896,101528.234375,1015.28234375,100.0,0.0,0.0,instant,228,,,,291.9839172363281,18.833917236328148,65.90105102539067,36.0,281.25,-78.75
2021-08-12T18:00:00+00:00,231,2021-08-22T09:00:00+00:00,2021-08-22T05:00:00-04:00,295.4563903808594,22.306390380859398,72.15150268554692,291.37353515625,18.223535156250023,64.80236328125004,77.5999984741211,1.2116748094558716,2.0143651962280273,2.350706912323334,5.258381604159206,211.02762173861436,101535.5234375,1015.355234375,15.399999618530273,0.0,0.0,instant,231,,,,291.7080383300781,18.558038330078148,65.40446899414067,36.0,281.25,-78.75
2021-08-12T18:00:00+00:00,234,2021-08-22T12:00:00+00:00,2021-08-22T08:00:00-04:00,296.5293884277344,23.379388427734398,74.08289916992192,291.35784912109375,18.207849121093773,64.7741284179688,72.5999984741211,1.164858341217041,1.9055615663528442,2.2333964803106547,4.995965641353464,211.43719423510996,101635.4921875,1016.354921875,43.0,0.0,0.0,instant,234,,,,292.07940673828125,18.929406738281273,66.07293212890629,36.0,281.25,-78.75
2021-08-12T18:00:00+00:00,237,2021-08-22T15:00:00+00:00,2021-08-22T11:00:00-04:00,303.1502685546875,30.000268554687523,86.00048339843754,291.1000061035156,17.950006103515648,64.31001098632817,48.29999923706055,1.6770483255386353,2.3066821098327637,2.8518894512260586,6.379495014374677,216.01862124500482,101660.75,1016.6075,14.300000190734863,0.0,0.0,instant,237,,,,291.8741149902344,18.724114990234398,65.70340698242191,36.0,281.25,-78.75
2021-08-12T18:00:00+00:00,240,2021-08-22T18:00:00+00:00,2021-08-22T14:00:00-04:00,307.2528076171875,34.10280761718752,93.38505371093754,292.50152587890625,19.351525878906273,66.83274658203129,41.599998474121094,1.6081151962280273,2.6341259479522705,3.086203816019764,6.90364132073139,211.40376904632876,101456.6015625,1014.566015625,4.099999904632568,0.0,0.0,instant,240,,,,291.5985412597656,18.448541259765648,65.20737426757816,36.0,281.25,-78.75
2021-08-12T18:00:00+00:00,243,2021-08-22T21:00:00+00:00,2021-08-22T17:00:00-04:00,306.3040771484375,33.15407714843752,91.67733886718754,293.28204345703125,20.132043457031273,68.23767822265629,46.29999923706055,1.7334741353988647,1.367739200592041,2.2080858450098804,4.939347362674208,231.72598749467312,101303.1875,1013.031875,99.0999984741211,0.0,0.0,instant,243,,,,293.17156982421875,20.021569824218773,68.03882568359379,36.0,281.25,-78.75
2021-08-12T18:00:00+00:00,246,2021-08-23T00:00:00+00:00,2021-08-22T20:00:00-04:00,300.272216796875,27.122216796875023,80.81999023437504,294.01513671875,20.865136718750023,69.55724609375004,68.9000015258789,0.07572021335363388,2.699653387069702,2.7007150832746567,6.0413275842758,181.60661791790477,101329.453125,1013.29453125,96.69999694824219,0.0,0.0,instant,246,,,,293.32928466796875,20.179284667968773,68.3227124023438,36.0,281.25,-78.75
2021-08-12T18:00:00+00:00,249,2021-08-23T03:00:00+00:00,2021-08-22T23:00:00-04:00,299.9156799316406,26.765679931640648,80.17822387695317,293.5378723144531,20.387872314453148,68.69817016601567,68.19999694824219,1.670444369316101,0.8639819622039795,1.8806512760194818,4.206897092026395,242.65123335534622,101454.0859375,1014.540859375,95.4000015258789,0.0,0.0,instant,249,,,,292.6904602050781,19.540460205078148,67.17282836914066,36.0,281.25,-78.75
2021-08-12T18:00:00+00:00,252,2021-08-23T06:00:00+00:00,2021-08-23T02:00:00-04:00,297.4553527832031,24.305352783203148,75.74963500976567,294.5333251953125,21.383325195312523,70.48998535156254,83.5,1.3591259717941284,1.320034146308899,1.8946539405988623,4.238220160609476,225.83594767943725,101434.8046875,1014.348046875,55.400001525878906,0.0,0.0,instant,252,,,,292.8004150390625,19.650415039062523,67.37074707031255,36.0,281.25,-78.75
2021-08-12T18:00:00+00:00,255,2021-08-23T09:00:00+00:00,2021-08-23T05:00:00-04:00,296.5360107421875,23.386010742187523,74.09481933593754,293.84906005859375,20.699060058593773,69.25830810546879,85.0999984741211,1.6415820121765137,1.5261303186416626,2.241398057503128,5.0138646597689815,227.0873007004531,101360.453125,1013.60453125,5.0,0.0,0.0,instant,255,,,,292.6365661621094,19.486566162109398,67.07581909179692,36.0,281.25,-78.75
2021-08-12T18:00:00+00:00,258,2021-08-23T12:00:00+00:00,2021-08-23T08:00:00-04:00,298.29608154296875,25.146081542968773,77.26294677734379,294.9091491699219,21.759149169921898,71.16646850585941,81.5,1.9618310928344727,-0.26664063334465027,1.9798682946505652,4.428839241791703,277.73988177570357,101415.1171875,1014.151171875,74.5999984741211,0.0,0.0,instant,258,,,,293.0361022949219,19.886102294921898,67.79498413085942,36.0,281.25,-78.75
2021-08-12T18:00:00+00:00,261,2021-08-23T15:00:00+00:00,2021-08-23T11:00:00-04:00,299.84478759765625,26.694787597656273,80.0506176757813,295.30853271484375,22.158532714843773,71.88535888671879,76.5,0.2223168909549713,-1.884824275970459,1.8978902368923893,4.245459549240308,353.27298750945425,101509.6875,1015.096875,100.0,0.0,0.0,instant,261,,,,292.1960754394531,19.046075439453148,66.28293579101566,36.0,281.25,-78.75
2021-08-12T18:00:00+00:00,264,2021-08-23T18:00:00+00:00,2021-08-23T14:00:00-04:00,302.20794677734375,29.057946777343773,84.30430419921879,295.7051696777344,22.555169677734398,72.59930541992192,67.80000305175781,-0.5712670683860779,-2.530210018157959,2.593898378774566,5.8023854213818975,12.722832850666748,101418.2890625,1014.182890625,51.599998474121094,0.00023200000578071922,0.8352000208105892,instant,264,,,,291.8822937011719,18.732293701171898,65.71812866210942,36.0,281.25,-78.75
2021-08-12T18:00:00+00:00,267,2021-08-23T21:00:00+00:00,2021-08-23T17:00:00-04:00,296.4051818847656,23.255181884765648,73.85932739257817,295.2895202636719,22.139520263671898,71.85113647460942,93.0999984741211,-3.2152099609375,-4.831093788146973,5.803192421657582,12.981371737780904,33.644727280296195,101502.546875,1015.02546875,100.0,0.0007960000075399876,2.8656000271439552,instant,267,,,,291.6518859863281,18.501885986328148,65.30339477539067,36.0,281.25,-78.75
2021-08-12T18:00:00+00:00,270,2021-08-24T00:00:00+00:00,2021-08-23T20:00:00-04:00,291.7757873535156,18.625787353515648,65.52641723632817,290.5935363769531,17.443536376953148,63.398365478515665,92.4000015258789,-2.7415380477905273,-4.218254566192627,5.030874919205211,11.253746687556383,33.02074105538077,101706.421875,1017.06421875,100.0,1.1199999789823778e-05,0.0403199992433656,instant,270,,,,289.797607421875,16.647607421875023,61.96569335937504,36.0,281.25,-78.75
2021-08-12T18:00:00+00:00,273,2021-08-24T03:00:00+00:00,2021-08-23T23:00:00-04:00,291.236328125,18.086328125000023,64.55539062500004,289.36578369140625,16.215783691406273,61.18841064453129,89.0999984741211,-0.7620751857757568,-1.9631640911102295,2.1058897970691173,4.710741314130984,21.215575243640046,101898.15625,1018.9815625,100.0,8.000000093488779e-07,0.0028800000336559606,instant,273,,,,287.8892517089844,14.739251708984398,58.530653076171916,36.0,281.25,-78.75
2021-08-12T18:00:00+00:00,276,2021-08-24T06:00:00+00:00,2021-08-24T02:00:00-04:00,291.1894226074219,18.039422607421898,64.47096069335942,288.2113952636719,15.061395263671898,59.11051147460942,82.9000015258789,-1.861025333404541,-3.7960400581359863,4.227686768736131,9.457065964424048,26.11660666232524,101807.0625,1018.070625,100.0,0.0,0.0,instant,276,,,,287.378173828125,14.228173828125023,57.61071289062504,36.0,281.25,-78.75
2021-08-12T18:00:00+00:00,279,2021-08-24T09:00:00+00:00,2021-08-24T05:00:00-04:00,291.43170166015625,18.281701660156273,64.9070629882813,287.29998779296875,14.149987792968773,57.46997802734379,77.19999694824219,-1.1996240615844727,-3.809335947036743,3.9937624173852337,8.933792093291942,17.480092914938496,101869.1015625,1018.691015625,100.0,0.0,0.0,instant,279,,,,286.4427490234375,13.292749023437523,55.92694824218754,36.0,281.25,-78.75
2021-08-12T18:00:00+00:00,282,2021-08-24T12:00:00+00:00,2021-08-24T08:00:00-04:00,290.90972900390625,17.759729003906273,63.96751220703129,286.1097412109375,12.959741210937523,55.32753417968754,73.30000305175781,-1.5050097703933716,-4.365688323974609,4.617822966622664,10.329775784320551,19.020914181024295,102012.953125,1020.12953125,100.0,0.0,0.0,instant,282,,,,286.0533447265625,12.903344726562523,55.22602050781254,36.0,281.25,-78.75
2021-08-12T18:00:00+00:00,285,2021-08-24T15:00:00+00:00,2021-08-24T11:00:00-04:00,290.902587890625,17.752587890625023,63.95465820312504,286.3013000488281,13.151300048828148,55.67234008789067,74.69999694824219,-1.6438428163528442,-3.5876805782318115,3.946349089512558,8.827731499446479,24.616823270103794,102166.265625,1021.66265625,100.0,8.000000093488779e-07,0.0028800000336559606,instant,285,,,,285.2001953125,12.050195312500023,53.69035156250004,36.0,281.25,-78.75
2021-08-12T18:00:00+00:00,288,2021-08-24T18:00:00+00:00,2021-08-24T14:00:00-04:00,294.5245056152344,21.374505615234398,70.47411010742192,288.78692626953125,15.636926269531273,60.14646728515629,69.9000015258789,-2.866874933242798,-3.237980842590332,4.324753382545402,9.674197795600834,41.52134783679958,102119.7734375,1021.197734375,96.19999694824219,0.0,0.0,instant,288,,,,285.45654296875,12.306542968750023,54.15177734375004,36.0,281.25,-78.75
2021-08-12T18:00:00+00:00,291,2021-08-24T21:00:00+00:00,2021-08-24T17:00:00-04:00,296.8999938964844,23.749993896484398,74.74998901367192,289.8999938964844,16.749993896484398,62.14998901367191,64.5,-4.134289741516113,-2.1810474395751953,4.674325577073433,10.456168524233687,62.18608071399626,102001.6015625,1020.016015625,93.80000305175781,3.239999932702631e-05,0.11663999757729471,instant,291,,,,284.5565490722656,11.406549072265648,52.531788330078165,36.0,281.25,-78.75
2021-08-12T18:00:00+00:00,294,2021-08-25T00:00:00+00:00,2021-08-24T20:00:00-04:00,292.79132080078125,19.641320800781273,67.35437744140629,289.4498291015625,16.299829101562523,61.339692382812544,80.80000305175781,-2.21978759765625,-1.560056209564209,2.71315910991382,6.069164079084236,54.900633110816216,102155.546875,1021.55546875,50.400001525878906,1.52000002344721e-05,0.05472000084409956,instant,294,,,,284.04376220703125,10.893762207031273,51.60877197265629,36.0,281.25,-78.75
2021-08-12T18:00:00+00:00,297,2021-08-25T03:00:00+00:00,2021-08-24T23:00:00-04:00,290.4869079589844,17.336907958984398,63.206434326171916,287.4414978027344,14.291497802734398,57.72469604492191,81.9000015258789,-2.7198119163513184,-1.0024805068969727,2.8986797041127264,6.484161829171267,69.7668955303011,102304.7265625,1023.047265625,26.299999237060547,0.0,0.0,instant,297,,,,283.1816101074219,10.031610107421898,50.056898193359416,36.0,281.25,-78.75
2021-08-12T18:00:00+00:00,300,2021-08-25T06:00:00+00:00,2021-08-25T02:00:00-04:00,287.80670166015625,14.656701660156273,58.38206298828129,285.39251708984375,12.242517089843773,54.036530761718794,85.5,-1.3465697765350342,-2.1090893745422363,2.502300572050563,5.5974869632483895,32.556614257788624,102350.359375,1023.50359375,0.0,0.0,0.0,instant,300,,,,282.3832092285156,9.233209228515648,48.61977661132816,36.0,281.25,-78.75
2021-08-12T18:00:00+00:00,303,2021-08-25T09:00:00+00:00,2021-08-25T05:00:00-04:00,286.9784240722656,13.828424072265648,56.891163330078165,284.87841796875,11.728417968750023,53.11115234375004,87.30000305175781,-1.3881421089172363,-2.856703996658325,3.176113385739376,7.104763300240185,25.916246774906426,102338.5390625,1023.385390625,0.0,0.0,0.0,instant,303,,,,282.9803466796875,9.830346679687523,49.69462402343754,36.0,281.25,-78.75
2021-08-12T18:00:00+00:00,306,2021-08-25T12:00:00+00:00,2021-08-25T08:00:00-04:00,288.4078674316406,15.257867431640648,59.464161376953165,284.82159423828125,11.671594238281273,53.00886962890629,79.0,-1.4260913133621216,-3.912429094314575,4.16423316495199,9.315124295257663,20.026939124146907,102459.7109375,1024.597109375,0.0,0.0,0.0,instant,306,,,,282.47222900390625,9.322229003906273,48.78001220703129,36.0,281.25,-78.75
2021-08-12T18:00:00+00:00,309,2021-08-25T15:00:00+00:00,2021-08-25T11:00:00-04:00,295.4078369140625,22.257836914062523,72.06410644531255,284.6647033691406,11.514703369140648,52.72646606445316,50.599998474121094,-3.9678564071655273,-3.517343759536743,5.302413751362354,11.861161755910764,48.44431302443195,102481.1875,1024.811875,5.5,0.0,0.0,instant,309,,,,280.2280578613281,7.078057861328148,44.74050415039066,36.0,281.25,-78.75
2021-08-12T18:00:00+00:00,312,2021-08-25T18:00:00+00:00,2021-08-25T14:00:00-04:00,297.98626708984375,24.836267089843773,76.7052807617188,284.17108154296875,11.021081542968773,51.83794677734379,41.79999923706055,-4.45632791519165,-2.548464298248291,5.1335688139112845,11.483466387596811,60.23582301194409,102371.796875,1023.71796875,1.0,0.0,0.0,instant,312,,,,281.96221923828125,8.812219238281273,47.86199462890629,36.0,281.25,-78.75
2021-08-12T18:00:00+00:00,315,2021-08-25T21:00:00+00:00,2021-08-25T17:00:00-04:00,299.1000061035156,25.950006103515648,78.71001098632817,283.9092102050781,10.759210205078148,51.36657836914067,38.400001525878906,-4.496006011962891,-1.1822021007537842,4.648835538780988,10.39914893249146,75.26784809174274,102200.1640625,1022.001640625,5.699999809265137,0.0,0.0,instant,315,,,,284.15081787109375,11.000817871093773,51.80147216796879,36.0,281.25,-78.75
2021-08-12T18:00:00+00:00,318,2021-08-26T00:00:00+00:00,2021-08-25T20:00:00-04:00,293.17413330078125,20.024133300781273,68.04343994140629,286.51922607421875,13.369226074218773,56.064606933593794,65.30000305175781,-4.345998764038086,0.46461668610572815,4.370763539935378,9.777119586469608,96.1021299004561,102334.828125,1023.34828125,0.0,0.0,0.0,instant,318,,,,283.30401611328125,10.154016113281273,50.27722900390629,36.0,281.25,-78.75
2021-08-12T18:00:00+00:00,321,2021-08-26T03:00:00+00:00,2021-08-25T23:00:00-04:00,289.13427734375,15.984277343750023,60.771699218750044,285.24298095703125,12.092980957031273,53.767365722656294,77.80000305175781,-2.2624268531799316,-1.10552978515625,2.518088833194189,5.632804297588999,63.95765688826339,102478.4765625,1024.784765625,5.0,0.0,0.0,instant,321,,,,282.8970642089844,9.747064208984398,49.54471557617192,36.0,281.25,-78.75
2021-08-12T18:00:00+00:00,324,2021-08-26T06:00:00+00:00,2021-08-26T02:00:00-04:00,287.8791198730469,14.729119873046898,58.51241577148441,284.67913818359375,11.529138183593773,52.75244873046879,81.0,-1.3353198766708374,-2.2062718868255615,2.578897983951487,5.768830493807006,31.183925242706323,102457.046875,1024.57046875,14.5,0.0,0.0,instant,324,,,,282.087890625,8.937890625000023,48.08820312500004,36.0,281.25,-78.75
2021-08-12T18:00:00+00:00,327,2021-08-26T09:00:00+00:00,2021-08-26T05:00:00-04:00,287.8683166503906,14.718316650390648,58.492969970703165,284.60833740234375,11.458337402343773,52.62500732421879,80.69999694824219,-1.1846191883087158,-3.245969295501709,3.4553783133904545,7.729461152000829,20.049596071121414,102406.9921875,1024.069921875,5.0,0.0,0.0,instant,327,,,,281.3331298828125,8.183129882812523,46.72963378906254,36.0,281.25,-78.75
2021-08-12T18:00:00+00:00,330,2021-08-26T12:00:00+00:00,2021-08-26T08:00:00-04:00,289.12548828125,15.975488281250023,60.75587890625004,285.3313903808594,12.181390380859398,53.926502685546915,78.5,-1.198632836341858,-3.0302953720092773,3.2587437330937474,7.28960212306224,21.58126616671109,102528.703125,1025.28703125,100.0,0.0,0.0,instant,330,,,,281.6161193847656,8.466119384765648,47.23901489257817,36.0,281.25,-78.75
2021-08-12T18:00:00+00:00,333,2021-08-26T15:00:00+00:00,2021-08-26T11:00:00-04:00,296.6434020996094,23.493402099609398,74.28812377929691,285.15423583984375,12.004235839843773,53.60762451171879,48.29999923706055,-3.874375104904175,-2.458857536315918,4.588764848779988,10.264774625939475,57.59890012767448,102559.453125,1025.59453125,73.0,0.0,0.0,instant,333,,,,281.2079772949219,8.057977294921898,46.50435913085941,36.0,281.25,-78.75
2021-08-12T18:00:00+00:00,336,2021-08-26T18:00:00+00:00,2021-08-26T14:00:00-04:00,298.90228271484375,25.752282714843773,78.35410888671879,285.0343017578125,11.884301757812523,53.39174316406254,41.79999923706055,-3.758251905441284,-2.460195302963257,4.4918836041771515,10.04805745386799,56.790776497363765,102447.296875,1024.47296875,99.4000015258789,0.0,0.0,instant,336,,,,282.8968200683594,9.746820068359398,49.54427612304691,36.0,281.25,-78.75
2021-08-12T18:00:00+00:00,339,2021-08-26T21:00:00+00:00,2021-08-26T17:00:00-04:00,297.5063171386719,24.356317138671898,75.84137084960942,285.40594482421875,12.255944824218773,54.060700683593794,46.599998474121094,-4.079965591430664,-0.4787841737270355,4.10796220920661,9.189249752162235,83.30694869862549,102358.3671875,1023.583671875,100.0,0.0,0.0,instant,339,,,,282.4507751464844,9.300775146484398,48.74139526367192,36.0,281.25,-78.75
2021-08-12T18:00:00+00:00,342,2021-08-27T00:00:00+00:00,2021-08-26T20:00:00-04:00,291.94329833984375,18.793298339843773,65.82793701171879,286.7270202636719,13.577020263671898,56.43863647460942,71.5,-2.260746955871582,0.7730908393859863,2.3892773477403484,5.344661210943865,108.87876793962829,102410.453125,1024.10453125,100.0,0.0,0.0,instant,342,,,,283.4396057128906,10.289605712890648,50.521290283203165,36.0,281.25,-78.75
2021-08-12T18:00:00+00:00,345,2021-08-27T03:00:00+00:00,2021-08-26T23:00:00-04:00,290.6768493652344,17.526849365234398,63.548328857421915,286.3999938964844,13.249993896484398,55.849989013671916,76.30000305175781,-2.444941520690918,-0.06650879234075546,2.445845959797355,5.471201592245331,88.44178948932023,102510.828125,1025.10828125,100.0,0.0,0.0,instant,345,,,,283.0888366699219,9.938836669921898,49.889906005859416,36.0,281.25,-78.75
